signal_strength_dbm,throughput_mbps,latency_ms
-82.75,28.35,35.84
-73.38,30.75,35.33
-75.46,7.93,56.36
-66.18,41.92,486.96
-70.31,12.62,494.1
-81.26,11.11,40.15
-72.0,39.25,46.73
-65.11,20.89,13.78
-78.69,13.5,22.13
-56.74,290.83,4.8
-71.3,22.72,30.52
-81.49,97.36,19.74
-69.96,17.84,53.09
-79.62,23.58,17.31
-74.24,31.96,35.89
-95.0,14.83,44.79
-60.63,30.9,13.48
-63.53,74.07,18.41
-92.07,7.41,25.62
-72.68,12.93,72.86
-71.47,12.06,43.89
-95.0,2.43,71.36
-69.6,18.27,26.0
-89.18,0.86,32.9
-76.81,27.2,15.18
-95.0,1.41,500.0
-67.4,18.64,26.3
-79.43,11.95,73.99
-20.0,123.2,230.93
-87.98,18.38,27.98
-59.04,75.99,4.24
-80.32,23.19,37.6
-70.61,9.96,133.9
-67.15,49.34,31.24
-74.36,39.62,23.45
-89.64,0.5,37.89
-66.77,74.41,15.22
-63.92,33.62,15.46
-88.78,6.89,29.68
-79.53,2.93,40.21
-74.4,24.02,18.89
-73.58,7.89,64.13
-61.81,50.63,12.58
-95.0,9.38,37.24
-66.21,71.65,16.58
-50.69,25.25,89.52
-60.95,14.93,500.0
-52.38,53.79,6.8
-64.7,24.55,23.74
-87.96,7.39,115.67
-72.13,40.77,46.69
-85.06,7.99,51.81
-73.43,7.47,500.0
-75.68,26.07,12.03
-51.65,30.1,20.06
-78.69,13.43,22.24
-95.0,0.5,30.11
-87.63,17.75,28.99
-59.63,14.57,77.96
-62.73,46.5,89.17
-83.96,11.27,39.19
-70.0,39.9,41.09
-73.81,79.7,18.56
-74.59,30.91,27.44
-78.44,6.33,500.0
-95.0,2.41,48.72
-68.55,30.98,90.15
-65.23,21.49,25.47
-61.4,48.89,126.34
-63.41,58.3,62.68
-45.59,19.43,39.28
-71.01,14.74,119.33
-77.26,11.3,58.69
-94.76,7.24,31.9
-66.61,27.45,13.79
-81.85,9.9,497.61
-78.83,119.2,14.9
-61.07,215.17,9.18
-64.53,63.18,8.1
-78.73,49.98,30.0
-86.07,11.03,28.47
-76.53,35.17,26.85
-75.23,31.2,36.88
-52.25,31.53,13.76
-76.44,15.37,22.72
-54.75,78.96,6.18
-81.88,16.91,30.08
-85.86,8.04,500.0
-65.65,15.78,107.98
-75.67,15.34,21.79
-67.12,17.63,34.48
-80.91,5.87,36.49
-61.48,50.51,500.0
-58.98,33.94,500.0
-95.0,1.68,500.0
-72.0,32.78,70.69
-75.73,4.89,340.31
-86.97,12.22,24.76
-68.79,32.75,77.0
-85.43,6.89,29.0
-78.18,9.49,26.41
-73.02,18.78,23.14
-55.45,89.07,17.75
-64.24,80.39,20.38
-66.71,10.28,112.74
-56.45,24.04,40.12
-72.34,16.86,30.35
-69.15,35.17,133.37
-80.53,18.75,328.36
-83.46,19.92,43.72
-53.69,84.54,37.87
-89.99,10.24,25.05
-75.81,11.74,65.37
-59.89,14.26,180.55
-93.07,4.07,65.24
-55.78,21.32,49.52
-60.57,27.11,42.5
-80.01,48.69,16.23
-61.94,39.6,54.04
-87.01,9.83,144.85
-49.8,73.16,2.96
-67.09,24.86,24.79
-62.31,15.05,29.78
-81.2,14.28,75.78
-87.04,14.0,36.82
-66.39,17.94,31.56
-40.61,85.74,181.4
-68.26,35.98,66.58
-67.85,23.93,21.31
-59.64,72.22,28.3
-61.51,147.26,9.65
-43.02,59.78,7.28
-95.0,1.59,67.47
-75.27,4.98,60.43
-56.54,20.93,485.66
-56.01,28.62,27.05
-66.49,55.28,25.77
-55.31,31.09,28.78
-57.51,15.06,38.17
-78.59,20.32,48.33
-75.11,7.84,489.44
-72.64,6.82,238.58
-73.21,14.18,26.61
-66.96,54.08,22.79
-95.0,2.18,500.0
-83.21,28.3,25.73
-52.99,46.61,9.42
-45.35,32.27,66.77
-55.13,19.8,60.47
-95.0,0.66,77.79
-87.15,5.42,53.96
-68.58,9.11,43.3
-87.58,7.55,42.75
-61.8,123.58,3.34
-66.62,83.18,15.23
-36.08,67.61,9.47
-77.63,6.33,106.19
-67.65,95.59,12.63
-46.58,111.96,22.51
-69.5,52.75,19.97
-59.49,16.18,500.0
-86.29,3.96,43.15
-63.89,22.76,28.04
-58.56,106.42,11.11
-84.54,2.11,42.97
-84.19,18.32,52.45
-48.51,104.2,17.84
-43.53,37.78,37.37
-85.58,24.25,19.11
-80.09,27.97,24.54
-85.73,5.82,81.59
-83.7,23.16,22.92
-46.72,35.2,33.38
-68.21,82.66,13.95
-79.1,41.92,22.81
-72.59,23.72,16.95
-80.05,21.72,165.13
-52.96,44.62,12.63
-95.0,4.4,48.88
-65.25,39.0,11.82
-68.08,27.93,23.36
-64.21,16.9,23.82
-60.93,18.23,319.92
-44.79,113.65,14.59
-75.82,51.21,17.98
-51.63,84.85,37.35
-70.84,13.66,30.96
-61.64,63.13,36.48
-70.94,14.4,42.02
-62.87,47.17,31.44
-70.65,41.43,15.74
-93.01,1.47,500.0
-79.68,19.28,500.0
-86.52,10.97,496.88
-68.96,18.89,23.96
-36.42,113.97,6.74
-69.28,14.24,56.12
-74.38,11.81,500.0
-34.68,27.33,61.25
-67.63,14.22,45.37
-56.95,237.97,1.0
-71.0,15.08,158.37
-37.27,49.08,46.58
-62.89,60.69,7.52
-64.75,12.16,41.08
-68.39,37.18,16.86
-65.45,14.37,244.58
-95.0,0.7,34.51
-79.51,21.42,242.8
-74.04,31.6,64.43
-60.73,28.26,20.34
-58.53,40.09,10.15
-66.49,47.56,8.12
-69.21,104.29,12.32
-36.58,110.53,12.84
-83.34,9.11,23.89
-81.01,7.22,33.02
-59.2,28.3,14.65
-95.0,9.22,71.99
-65.74,14.69,37.66
-64.31,14.12,49.56
-62.58,38.09,13.87
-73.03,17.16,12.57
-57.28,19.26,235.79
-79.61,18.73,64.64
-70.23,22.35,28.76
-95.0,1.11,43.53
-82.32,3.54,39.18
-37.5,90.79,7.11
-95.0,5.96,24.94
-49.72,31.06,36.64
-79.85,6.19,54.23
-84.31,9.06,336.94
-79.65,30.12,27.09
-77.99,39.35,17.61
-70.89,14.5,24.18
-84.71,7.29,42.36
-64.37,50.32,83.97
-59.51,22.1,125.39
-90.19,5.82,61.84
-84.74,11.94,245.31
-49.68,115.07,17.73
-83.52,21.84,24.16
-63.29,18.71,15.69
-62.79,14.15,323.24
-68.42,19.91,32.18
-91.14,5.84,67.12
-45.73,32.36,93.09
-84.61,7.77,45.38
-67.79,19.84,24.49
-89.59,1.95,144.5
-66.98,20.34,27.04
-70.9,13.51,47.98
-68.93,70.87,15.47
-70.75,22.75,19.54
-60.68,51.24,134.53
-79.53,7.23,28.96
-74.88,31.64,43.3
-87.67,9.46,500.0
-68.91,10.48,237.24
-81.03,10.32,242.38
-87.8,0.5,339.52
-80.69,9.59,33.7
-58.51,28.75,25.32
-74.78,16.51,55.42
-59.46,20.84,25.67
-63.05,39.76,500.0
-70.2,9.12,89.0
-73.97,16.14,24.86
-70.99,53.27,24.31
-48.35,20.99,69.24
-81.17,28.53,26.42
-81.18,9.7,334.65
-58.36,20.6,64.29
-95.0,0.5,102.45
-50.85,30.3,77.81
-46.51,24.92,77.72
-84.11,4.74,500.0
-46.91,42.8,14.75
-78.63,29.04,28.21
-64.45,54.87,30.95
-42.16,61.57,11.53
-70.29,76.58,14.81
-59.42,47.02,322.12
-60.36,21.83,482.42
-73.67,32.53,14.7
-88.44,14.03,23.9
-33.46,94.77,500.0
-94.02,0.5,72.54
-70.84,10.35,138.37
-60.83,16.35,29.66
-78.17,6.35,99.92
-69.57,14.81,34.67
-67.3,12.6,500.0
-64.26,18.84,34.42
-78.44,19.52,27.61
-40.9,148.05,3.98
-49.59,73.77,500.0
-33.76,104.82,123.4
-64.42,38.62,10.26
-45.44,29.35,39.5
-76.98,44.45,9.39
-92.82,5.5,141.61
-70.62,41.97,32.12
-46.14,34.63,23.53
-60.8,30.6,17.05
-59.84,50.7,4.69
-77.14,6.04,117.23
-33.56,149.0,16.62
-82.52,0.5,53.19
-74.59,10.06,241.86
-85.2,14.5,50.74
-78.33,20.69,31.15
-75.14,13.25,32.0
-72.64,4.54,61.25
-72.39,31.56,45.9
-79.45,13.97,18.67
-95.0,0.5,39.27
-72.44,21.85,18.97
-63.53,15.8,500.0
-64.16,44.26,6.46
-82.28,8.54,28.44
-95.0,4.51,36.71
-55.06,22.21,33.75
-57.65,24.52,39.63
-59.3,56.9,11.05
-61.59,19.62,21.71
-66.46,50.28,113.95
-57.77,27.5,17.71
-39.37,133.05,15.61
-75.62,8.14,51.52
-79.38,22.12,77.95
-70.24,15.09,68.09
-62.44,20.08,99.47
-51.51,25.02,92.94
-82.46,7.31,44.64
-71.6,28.2,18.27
-69.76,66.61,15.75
-91.11,3.49,54.92
-71.91,13.36,101.89
-62.01,20.71,150.09
-76.48,24.93,240.68
-77.52,32.06,30.44
-56.64,25.97,27.9
-63.98,64.21,5.27
-94.49,2.41,41.8
-45.74,48.54,13.29
-68.75,34.52,484.97
-81.17,15.07,29.55
-61.09,116.86,11.23
-68.26,18.0,27.43
-48.18,79.9,43.41
-65.67,23.18,21.49
-78.82,23.65,63.29
-51.92,23.76,54.59
-42.87,114.62,25.25
-49.26,22.57,60.32
-55.72,86.23,19.69
-47.91,111.45,18.1
-50.63,21.03,45.88
-88.85,11.62,48.44
-57.0,9.71,136.83
-77.15,41.35,22.5
-79.05,6.23,500.0
-65.87,28.85,20.4
-61.58,46.93,10.72
-33.7,39.27,31.92
-59.74,19.41,37.03
-77.34,30.6,30.02
-79.09,6.46,72.04
-90.53,4.28,88.08
-75.83,14.12,27.13
-34.32,35.62,48.68
-64.04,101.37,9.16
-70.43,18.77,17.22
-42.44,51.29,7.81
-95.0,6.67,34.82
-75.35,19.41,15.84
-68.21,49.54,53.11
-89.54,4.5,67.74
-57.32,23.89,44.38
-92.45,3.19,50.77
-74.15,27.64,190.15
-72.51,10.95,31.78
-76.09,28.6,44.41
-76.06,3.47,157.46
-95.0,0.5,213.25
-95.0,0.75,31.33
-88.44,6.32,500.0
-72.05,26.8,15.58
-82.08,15.53,160.27
-72.54,11.88,53.7
-72.24,12.58,99.18
-85.18,21.85,17.14
-20.0,71.7,12.78
-78.8,20.1,20.79
-71.39,29.9,12.15
-76.86,32.26,26.28
-47.7,30.14,26.62
-62.7,47.76,7.63
-83.92,10.23,19.14
-29.85,147.05,3.35
-89.79,7.92,108.66
-59.72,20.31,27.63
-68.94,24.48,41.36
-81.85,9.33,29.75
-63.87,112.66,4.56
-74.0,33.05,56.29
-85.03,14.87,59.05
-63.89,19.61,26.79
-95.0,6.64,41.83
-95.0,0.5,39.38
-76.27,26.7,15.27
-63.36,59.34,8.82
-57.86,15.79,59.82
-90.81,0.5,55.83
-69.44,39.88,128.81
-64.26,25.67,17.38
-95.0,13.96,32.0
-54.01,40.25,15.62
-79.46,9.79,26.26
-64.66,18.43,316.69
-42.21,46.61,15.68
-60.27,19.79,132.62
-65.01,62.06,24.6
-68.42,158.54,7.9
-74.87,26.18,42.88
-62.28,23.47,18.45
-69.83,55.88,14.33
-95.0,1.49,500.0
-60.81,10.17,38.83
-78.6,8.05,92.13
-87.42,11.75,28.32
-95.0,2.48,204.76
-58.58,21.47,500.0
-74.83,36.72,34.44
-68.88,19.98,24.91
-95.0,4.47,110.24
-79.41,14.73,26.34
-80.36,8.6,96.24
-51.34,94.44,5.91
-77.55,25.46,19.97
-76.04,12.14,70.45
-63.13,29.6,16.33
-54.38,24.96,54.09
-71.49,16.58,29.4
-86.91,8.81,145.97
-78.82,43.9,19.45
-72.62,10.81,131.89
-44.1,77.79,5.97
-72.82,45.61,13.89
-73.9,7.74,43.8
-56.99,86.98,13.99
-83.3,4.16,500.0
-43.81,34.29,24.28
-71.18,12.49,238.37
-71.6,15.36,239.54
-82.02,31.52,26.87
-85.29,9.8,35.96
-88.63,5.57,43.35
-89.29,6.93,40.88
-90.01,0.5,34.02
-37.25,37.84,29.29
-69.1,55.66,23.61
-74.44,9.59,134.57
-36.87,35.44,59.81
-74.83,7.7,39.92
-69.57,10.7,159.97
-87.84,1.91,27.87
-95.0,7.26,26.61
-63.35,42.23,7.11
-55.41,22.33,500.0
-57.43,63.87,5.94
-20.2,52.68,33.49
-46.7,57.47,500.0
-46.22,267.48,2.62
-62.81,38.91,191.38
-67.41,10.3,187.99
-84.76,2.61,114.62
-85.62,3.8,100.27
-81.03,21.33,118.15
-63.21,23.29,28.38
-72.83,9.04,30.72
-78.32,11.36,37.22
-66.1,26.3,13.06
-75.48,28.28,239.65
-47.69,155.49,9.37
-83.98,10.72,38.02
-68.56,35.49,245.41
-80.29,19.72,499.22
-69.6,20.99,24.27
-69.68,15.75,30.26
-90.6,0.5,64.1
-78.9,13.76,34.95
-71.79,73.4,14.1
-80.78,46.41,18.81
-88.17,3.24,30.0
-70.27,8.66,62.14
-83.03,0.56,327.13
-61.22,21.4,61.89
-59.57,19.56,67.9
-92.14,3.29,30.33
-46.65,66.98,58.22
-71.72,56.44,26.34
-33.3,113.36,52.66
-27.38,162.3,18.31
-80.74,17.07,37.05
-78.69,4.6,92.46
-77.13,30.65,60.14
-59.99,14.45,488.15
-79.53,4.4,491.75
-53.75,50.98,9.31
-67.45,9.78,500.0
-46.24,192.55,6.17
-84.99,6.33,31.56
-79.86,6.9,45.49
-64.65,47.31,12.23
-87.92,20.73,19.69
-80.37,4.3,73.34
-66.54,58.31,10.49
-75.83,23.8,329.77
-89.01,1.08,213.29
-52.91,56.23,5.25
-75.08,11.34,88.83
-73.66,6.02,500.0
-95.0,1.43,166.35
-20.0,75.51,15.09
-78.96,14.86,60.27
-85.95,13.57,40.7
-50.26,171.4,8.7
-75.21,9.9,35.95
-28.36,83.91,5.66
-70.16,10.74,132.86
-66.55,23.39,23.07
-82.02,11.47,98.67
-66.86,43.2,113.07
-63.26,27.38,23.52
-69.39,29.86,500.0
-61.7,20.94,20.45
-74.56,28.45,56.08
-83.17,8.72,31.13
-80.33,14.21,30.08
-53.52,23.83,29.4
-82.34,15.19,46.11
-55.31,35.39,19.11
-56.54,76.76,3.46
-68.3,33.62,331.46
-48.85,21.32,188.9
-55.38,27.94,42.15
-70.34,34.58,60.58
-53.16,76.41,38.94
-95.0,3.91,108.86
-71.05,49.1,21.98
-92.32,4.04,55.38
-43.77,56.02,6.74
-56.89,170.7,1.0
-85.89,25.77,14.45
-58.48,52.19,50.98
-83.65,2.46,72.38
-76.5,16.26,29.91
-86.91,7.36,18.29
-95.0,2.62,500.0
-70.41,28.51,10.57
-95.0,6.17,56.12
-85.57,10.36,52.46
-42.67,23.42,47.75
-95.0,1.47,100.62
-49.96,29.8,65.13
-54.69,24.89,25.21
-91.11,6.87,62.42
-60.76,27.95,17.21
-77.45,18.66,16.26
-63.51,20.05,17.19
-73.13,5.92,97.07
-67.13,13.46,148.97
-79.72,11.27,245.09
-80.44,10.03,256.46
-72.75,18.27,23.9
-55.15,20.14,150.22
-63.18,18.39,24.31
-89.2,11.03,51.34
-67.75,23.71,18.83
-60.73,22.39,25.87
-72.02,48.08,22.3
-71.47,33.26,78.21
-87.14,1.64,135.16
-69.3,39.63,33.63
-72.79,16.26,31.07
-85.66,13.27,31.0
-48.04,313.33,8.69
-87.05,5.88,27.7
-95.0,7.36,24.43
-54.59,31.43,27.08
-95.0,6.75,55.59
-83.59,7.76,23.29
-57.61,118.98,9.77
-89.44,7.99,45.59
-55.57,26.35,22.11
-85.04,8.6,69.79
-73.82,35.26,40.89
-69.04,60.51,21.76
-76.32,27.62,66.26
-69.83,8.55,102.79
-67.96,46.32,44.3
-77.43,6.81,171.51
-95.0,3.62,146.23
-72.5,10.82,161.25
-63.8,22.49,21.79
-82.17,6.8,78.2
-62.35,23.28,27.56
-62.55,20.39,61.63
-53.14,47.94,14.57
-78.22,24.65,16.18
-63.31,33.18,64.46
-68.31,47.34,44.87
-74.32,18.5,21.13
-69.35,41.22,27.09
-59.9,26.11,35.24
-33.48,48.14,22.88
-56.74,68.68,3.78
-61.83,21.22,25.93
-60.69,78.36,24.57
-65.14,27.08,39.64
-76.08,35.5,25.47
-70.12,49.69,21.94
-32.86,206.99,13.5
-72.2,18.51,19.67
-84.59,10.66,25.7
-83.96,0.5,54.57
-90.63,6.52,142.99
-67.79,20.58,12.91
-79.08,139.42,15.97
-47.49,183.24,8.15
-71.24,34.89,103.26
-67.19,13.0,487.7
-70.14,16.59,500.0
-53.81,41.34,12.72
-78.77,44.1,16.8
-93.12,8.35,86.18
-67.63,44.54,56.45
-59.18,46.87,5.36
-69.74,25.36,18.98
-44.16,22.13,30.72
-95.0,7.78,43.33
-44.28,50.75,15.02
-63.48,15.66,91.78
-68.39,10.86,38.89
-68.38,18.48,34.33
-41.16,61.16,13.62
-91.97,6.75,27.65
-55.55,38.57,21.77
-83.1,3.31,127.07
-45.44,29.96,105.84
-78.52,3.13,35.97
-64.92,14.46,235.36
-61.16,42.78,12.34
-64.19,21.38,26.61
-81.66,22.21,57.96
-60.54,18.59,52.19
-65.99,37.54,500.0
-84.94,15.11,44.68
-59.23,191.64,7.08
-57.31,71.13,4.29
-87.89,6.35,169.14
-61.46,15.36,484.6
-80.53,2.91,45.48
-77.98,9.84,29.77
-82.52,11.78,29.28
-90.29,0.5,56.64
-85.53,9.03,136.73
-68.31,15.01,31.89
-58.5,58.17,314.25
-75.08,18.6,20.12
-85.17,4.75,65.24
-67.86,18.85,32.97
-67.53,17.34,98.31
-64.67,17.2,47.77
-86.75,3.49,39.76
-72.87,10.47,89.52
-68.77,10.15,37.59
-82.56,10.49,500.0
-62.39,24.3,20.07
-79.04,58.15,14.78
-52.84,39.78,14.19
-77.63,55.62,15.53
-68.3,80.4,17.48
-59.38,92.71,2.64
-80.29,14.17,71.89
-62.35,13.68,315.02
-60.45,123.91,8.72
-88.51,7.23,32.42
-58.51,52.92,181.75
-65.82,27.89,19.58
-72.83,16.58,57.84
-84.15,14.66,197.74
-74.61,33.23,51.19
-75.44,9.32,31.57
-69.46,13.85,35.61
-39.1,50.79,15.31
-93.19,0.67,61.42
-95.0,3.86,58.67
-83.22,8.55,36.47
-63.37,55.88,235.84
-95.0,1.4,58.25
-56.16,46.94,98.22
-88.34,3.7,183.27
-62.8,38.97,7.51
-85.72,13.82,27.29
-70.79,21.02,16.37
-82.32,12.57,123.22
-38.29,24.33,321.67
-52.7,39.37,17.34
-78.26,10.31,22.4
-95.0,4.72,34.28
-63.82,47.36,322.04
-95.0,0.5,30.38
-61.15,30.59,20.7
-91.47,7.75,46.43
-58.41,20.27,80.31
-79.78,23.39,193.13
-67.7,21.22,500.0
-61.33,26.44,15.56
-67.57,52.79,39.09
-85.79,19.94,23.96
-70.15,23.54,23.62
-38.39,44.29,21.15
-53.72,23.56,45.74
-56.36,14.29,54.64
-79.06,7.57,500.0
-51.92,106.52,5.67
-72.78,9.1,84.84
-87.74,13.33,21.98
-95.0,3.69,218.68
-88.65,0.5,214.7
-63.29,16.78,188.51
-77.14,0.5,117.7
-87.18,42.21,18.21
-51.46,31.94,15.09
-65.95,99.51,6.41
-90.7,11.03,21.99
-95.0,4.96,261.06
-77.24,8.5,70.43
-57.75,41.17,10.13
-75.1,26.41,12.74
-56.13,28.23,24.1
-78.11,28.28,25.92
-81.83,11.23,29.68
-50.19,103.75,22.68
-77.54,2.42,58.92
-80.67,18.06,20.24
-65.35,25.17,17.35
-78.6,12.65,48.33
-60.5,50.78,42.66
-47.43,55.87,164.04
-70.02,11.82,31.64
-68.04,10.25,500.0
-72.31,25.76,500.0
-91.32,30.08,14.67
-61.76,32.14,15.37
-83.79,19.07,18.76
-68.99,47.12,27.12
-84.35,23.08,18.67
-88.24,10.42,28.23
-47.83,94.55,50.54
-73.49,67.15,16.51
-74.09,9.04,59.77
-65.1,17.46,110.18
-61.2,25.6,27.19
-69.44,91.18,10.05
-77.68,29.22,19.72
-74.4,15.73,16.67
-60.07,24.59,22.24
-81.5,10.8,23.59
-62.48,67.6,21.55
-77.63,22.95,17.88
-53.71,26.13,21.39
-42.04,26.46,152.95
-94.05,0.5,74.09
-64.35,45.7,46.16
-71.7,5.12,500.0
-54.39,91.48,1.0
-95.0,4.15,25.5
-74.88,38.42,24.49
-77.91,7.51,80.32
-47.15,102.32,29.38
-73.07,14.99,21.73
-71.13,5.69,104.94
-71.67,17.81,57.7
-76.07,15.29,15.7
-80.45,11.73,197.7
-63.76,45.59,482.41
-49.32,62.84,153.11
-60.19,20.09,51.83
-95.0,4.58,40.76
-87.12,11.04,37.15
-50.29,22.01,188.01
-92.55,3.62,39.74
-63.65,15.88,35.13
-86.13,19.51,24.55
-76.38,5.67,63.13
-50.98,97.17,20.88
-71.74,43.0,37.46
-83.52,8.64,28.15
-61.25,156.49,2.04
-76.66,21.75,55.14
-71.98,13.24,28.77
-80.02,20.13,57.98
-85.01,0.5,33.92
-65.59,11.8,65.39
-64.82,45.61,500.0
-59.92,24.39,21.19
-86.28,24.84,24.5
-81.9,62.07,17.98
-81.99,27.46,27.95
-84.52,7.5,72.24
-59.05,37.17,10.2
-77.37,11.52,57.55
-81.16,14.2,28.02
-73.25,9.9,30.03
-90.76,11.83,36.92
-56.29,33.39,18.79
-80.15,25.48,28.35
-75.8,8.99,500.0
-63.57,102.68,14.59
-54.08,26.69,35.35
-70.16,9.49,500.0
-95.0,2.82,81.93
-62.82,21.59,20.66
-54.3,36.4,13.35
-35.51,173.73,9.86
-40.66,105.6,8.12
-94.93,8.47,36.22
-75.04,5.88,500.0
-84.8,9.89,73.11
-82.45,32.48,25.62
-75.73,4.73,33.48
-70.01,12.27,56.36
-95.0,0.5,56.29
-57.47,12.65,48.15
-76.52,17.24,17.49
-72.61,28.4,73.26
-84.31,12.61,500.0
-74.36,17.38,24.69
-88.59,4.4,91.48
-75.3,34.13,55.48
-84.37,11.09,83.22
-32.21,66.21,8.72
-74.16,25.89,196.74
-64.73,46.54,5.0
-44.18,65.76,7.39
-44.7,63.72,7.61
-59.97,34.49,137.28
-82.87,13.45,39.87
-75.76,30.07,40.26
-81.81,33.31,29.08
-73.01,67.77,17.51
-79.53,14.22,24.95
-93.3,1.21,38.54
-72.28,63.08,16.47
-95.0,0.5,200.04
-63.55,57.7,29.05
-65.0,13.18,93.08
-74.77,35.89,74.49
-60.79,16.96,31.98
-69.76,24.93,15.91
-71.18,12.17,38.67
-61.89,17.18,484.48
-63.32,84.18,10.88
-80.45,24.58,26.55
-74.03,9.9,46.85
-67.98,50.17,10.96
-72.23,9.21,248.38
-87.81,8.93,500.0
-63.45,94.71,7.56
-89.26,19.94,29.29
-73.64,13.71,40.69
-55.54,22.0,500.0
-56.21,40.29,65.09
-60.08,32.92,13.6
-71.55,231.27,10.53
-84.72,7.48,26.43
-78.05,6.9,54.5
-88.6,4.59,244.93
-74.51,45.59,25.99
-87.1,1.04,263.28
-79.31,5.78,60.45
-74.81,32.74,43.27
-68.37,12.72,161.3
-89.84,9.86,47.36
-81.25,2.87,41.46
-84.44,10.59,30.69
-95.0,5.9,56.95
-66.06,23.42,14.27
-67.79,84.79,9.09
-78.6,7.65,121.45
-88.25,18.5,27.3
-59.79,18.42,48.96
-43.59,35.99,125.31
-83.42,7.11,58.98
-87.62,2.37,55.06
-95.0,4.1,32.83
-65.37,30.98,16.54
-79.52,6.93,40.99
-78.22,21.8,100.07
-72.89,23.79,16.6
-57.99,17.93,65.75
-69.34,112.32,7.93
-48.67,509.11,2.8
-68.21,24.75,15.63
-61.11,37.79,9.86
-80.2,12.58,23.14
-59.18,12.67,125.26
-72.89,17.57,22.8
-80.9,40.02,22.26
-84.28,9.13,78.22
-64.15,39.62,10.7
-75.58,33.09,27.04
-95.0,0.5,43.69
-89.37,8.97,103.17
-69.75,20.75,18.44
-72.76,19.49,18.62
-68.2,9.5,171.19
-67.61,13.79,153.78
-74.08,38.6,29.39
-70.38,44.27,8.66
-59.53,58.84,184.26
-87.79,6.02,214.02
-58.26,51.81,183.72
-57.71,89.43,17.68
-57.96,112.3,11.09
-77.94,15.49,25.6
-65.92,18.1,29.55
-72.54,40.44,32.62
-67.01,16.51,29.59
-67.37,62.16,21.5
-86.2,7.6,28.27
-59.92,51.1,489.77
-69.4,17.93,26.2
-59.87,31.48,25.54
-76.57,46.5,26.1
-90.33,7.81,498.01
-76.12,5.69,57.28
-77.14,12.31,340.58
-68.69,11.62,46.03
-80.16,3.82,53.47
-57.25,58.45,4.78
-79.6,137.43,14.44
-69.91,15.75,35.56
-58.61,105.56,5.97
-79.61,10.86,35.74
-89.0,0.5,44.12
-59.81,19.03,84.84
-45.41,54.28,11.53
-52.24,73.68,73.09
-71.61,22.16,14.92
-70.87,11.25,55.12
-69.57,13.55,48.26
-77.14,6.0,92.03
-65.9,13.96,154.67
-65.0,21.19,22.39
-68.38,39.65,238.61
-58.75,69.11,13.47
-32.68,35.6,500.0
-71.9,24.79,172.59
-54.12,25.36,233.73
-66.51,15.73,51.18
-82.17,2.9,162.81
-63.54,87.45,12.5
-86.52,34.17,15.05
-61.86,23.61,47.54
-62.79,19.41,28.29
-69.32,19.1,18.86
-65.07,37.94,241.56
-66.1,19.74,150.36
-40.98,34.35,27.85
-95.0,14.17,27.03
-70.35,39.19,51.08
-51.41,57.81,44.93
-47.05,42.64,17.51
-80.5,7.49,94.28
-68.81,11.4,72.37
-85.22,12.95,46.72
-53.14,81.85,26.54
-84.25,11.68,53.2
-27.58,106.95,500.0
-95.0,0.61,500.0
-72.32,107.39,10.81
-92.48,5.67,71.84
-61.51,49.98,125.21
-64.81,27.8,14.77
-87.95,29.81,16.66
-73.41,36.1,188.73
-73.13,11.84,94.41
-84.73,44.11,20.25
-90.78,3.51,34.55
-57.95,17.62,49.82
-81.04,34.93,16.79
-64.87,13.63,112.12
-74.3,17.6,29.7
-61.98,172.07,5.62
-66.98,24.9,21.92
-78.73,46.44,20.96
-44.96,60.34,108.83
-20.27,259.72,8.54
-45.25,129.73,12.69
-95.0,0.5,74.59
-88.71,2.3,500.0
-50.44,17.73,59.75
-66.44,9.39,199.7
-66.89,18.49,98.91
-93.06,0.5,40.04
-50.41,54.96,19.36
-73.47,8.55,159.5
-71.05,49.68,9.25
-62.71,41.06,321.98
-43.99,26.07,500.0
-72.54,17.78,18.75
-76.47,53.75,13.85
-35.09,36.94,33.55
-62.26,84.11,9.69
-66.77,22.05,20.56
-48.54,19.4,68.12
-42.15,95.37,28.57
-74.89,51.34,16.06
-82.55,19.26,36.47
-57.51,23.69,31.96
-65.08,54.51,47.28
-87.06,10.08,33.62
-78.65,7.43,37.83
-86.07,14.08,38.09
-95.0,0.5,115.0
-90.34,2.2,112.96
-70.1,15.91,188.66
-89.07,5.25,34.95
-62.58,171.89,2.78
-34.82,209.7,7.9
-90.77,2.6,62.57
-78.03,22.2,46.95
-84.48,3.83,31.95
-72.8,19.8,174.16
-88.31,0.5,123.56
-65.1,16.09,87.83
-40.1,45.09,14.77
-74.4,6.75,241.77
-68.21,21.19,31.87
-82.49,20.38,30.81
-50.73,144.29,8.86
-73.08,10.76,52.64
-62.67,15.28,188.77
-73.82,34.11,102.38
-86.89,13.35,41.55
-63.88,18.9,40.81
-61.44,63.16,48.76
-88.11,9.07,40.3
-51.16,34.01,20.05
-88.94,0.8,55.36
-57.64,60.16,181.61
-72.75,27.77,500.0
-73.2,12.8,60.43
-75.42,29.6,114.16
-77.28,20.06,19.19
-95.0,8.3,28.24
-95.0,5.03,35.68
-48.53,26.81,84.24
-57.26,78.82,19.46
-64.1,18.92,53.84
-81.9,17.68,47.31
-82.14,12.28,22.09
-77.45,7.46,136.93
-47.31,35.57,14.2
-78.4,8.28,45.1
-59.64,19.51,500.0
-54.47,71.48,7.45
-35.69,104.15,7.47
-71.94,36.35,160.91
-71.78,48.09,24.11
-74.41,20.61,28.65
-73.47,42.66,31.29
-83.88,1.76,46.97
-95.0,5.63,40.15
-76.37,32.41,13.84
-95.0,4.12,31.36
-94.43,5.28,34.44
-91.78,7.79,96.66
-76.89,73.13,28.82
-76.75,48.36,27.81
-50.07,69.06,180.73
-75.48,45.24,18.55
-88.57,6.02,76.9
-69.18,88.99,13.82
-95.0,4.95,53.59
-72.03,29.09,65.59
-84.48,16.91,20.71
-87.52,14.07,31.14
-77.9,18.3,28.7
-59.98,20.11,40.73
-69.23,43.73,44.85
-38.07,78.9,14.15
-88.19,11.08,346.84
-82.23,5.54,142.25
-46.24,17.76,197.97
-95.0,6.45,40.6
-79.95,20.83,99.43
-92.85,0.5,110.38
-61.7,22.64,26.88
-69.87,44.39,8.15
-79.15,8.53,494.25
-84.53,13.6,31.46
-82.43,5.55,97.16
-63.08,49.83,185.99
-58.11,77.25,23.78
-91.94,8.16,50.72
-64.38,23.8,22.48
-79.21,23.41,33.59
-85.59,0.6,36.15
-66.2,65.63,24.0
-35.84,37.58,84.96
-57.95,23.49,45.38
-85.84,13.34,34.5
-71.56,16.23,22.87
-72.02,15.13,44.26
-54.28,12.86,500.0
-75.98,25.98,39.38
-75.93,42.44,21.66
-83.85,11.5,53.15
-61.62,23.46,59.23
-83.21,12.6,43.74
-71.46,22.62,17.94
-48.27,29.45,29.52
-71.02,38.92,56.34
-77.58,9.11,31.78
-91.77,5.2,42.06
-36.49,106.04,84.04
-79.14,1.43,494.91
-55.94,56.07,36.24
-76.39,32.98,34.84
-48.99,34.6,26.78
-81.09,14.25,64.48
-55.46,15.37,321.55
-79.57,12.28,41.76
-62.28,13.31,500.0
-95.0,4.38,76.66
-89.87,5.82,336.75
-71.75,35.35,18.4
-81.96,12.77,23.98
-75.67,39.17,20.57
-54.06,49.84,8.76
-89.57,17.46,24.19
-53.45,24.89,182.69
-58.37,69.48,42.1
-77.55,8.81,42.67
-73.88,33.87,63.5
-94.3,0.89,60.97
-85.02,55.44,15.3
-71.97,15.91,26.42
-66.3,21.47,18.69
-45.31,95.16,35.86
-63.24,73.67,19.35
-82.65,1.03,199.88
-83.32,19.77,44.06
-61.7,85.9,6.23
-77.5,49.99,21.63
-81.25,19.86,44.53
-74.16,12.19,62.73
-76.44,13.67,47.15
-83.41,24.48,26.34
-23.56,415.26,1.0
-60.78,28.63,20.57
-83.55,12.62,49.51
-89.07,9.23,36.31
-75.29,44.57,18.36
-71.16,27.26,15.1
-91.23,7.12,47.71
-38.82,46.88,17.05
-72.15,29.85,197.74
-70.5,35.37,38.2
-76.07,8.91,84.59
-63.71,19.98,33.05
-61.29,34.79,142.84
-58.42,64.39,46.92
-88.54,11.62,69.93
-57.38,283.39,1.0
-91.98,8.62,33.95
-64.8,27.31,31.95
-95.0,0.78,113.85
-57.94,95.32,13.61
-76.11,20.57,239.5
-63.06,37.53,10.25
-69.89,46.53,29.0
-73.33,12.43,61.53
-65.28,76.66,6.67
-84.76,11.21,56.63
-77.26,25.86,328.63
-95.0,0.5,24.69
-83.37,14.62,79.04
-70.8,28.4,500.0
-95.0,2.03,27.28
-50.47,44.12,163.41
-78.21,84.56,19.58
-68.01,14.34,27.32
-95.0,0.58,65.96
-65.36,25.4,15.75
-57.09,26.42,17.17
-84.43,3.56,57.89
-55.33,67.84,13.48
-65.31,9.93,41.49
-82.59,6.49,87.52
-83.35,8.94,245.38
-55.14,48.48,57.27
-75.16,58.2,19.06
-65.73,13.27,113.05
-74.74,10.5,38.5
-64.33,18.69,67.56
-49.91,153.06,12.88
-66.08,16.74,158.37
-84.05,29.97,16.91
-63.65,20.1,66.8
-89.29,9.37,26.28
-70.46,72.66,13.98
-36.32,34.81,49.84
-68.87,14.16,32.02
-59.93,93.7,5.69
-80.72,24.91,23.18
-62.47,22.99,35.86
-59.64,61.26,39.8
-74.02,33.05,51.28
-62.41,53.1,500.0
-69.57,23.96,18.9
-76.2,43.92,20.72
-77.64,18.75,12.92
-65.34,22.34,35.17
-73.29,16.08,32.72
-95.0,3.64,35.44
-33.56,316.77,1.0
-61.93,20.33,23.61
-90.18,3.1,60.35
-72.34,32.0,20.83
-65.09,18.23,42.71
-77.02,39.1,33.02
-59.38,50.4,30.92
-80.3,18.97,85.0
-56.88,60.88,315.15
-76.62,37.89,31.56
-93.74,7.24,500.0
-79.52,22.67,20.98
-69.75,37.02,137.09
-72.21,71.96,13.0
-73.84,10.6,61.83
-72.59,6.91,500.0
-60.64,25.66,41.33
-69.79,10.79,238.07
-81.12,17.86,65.75
-58.05,23.97,25.5
-55.05,30.2,22.01
-65.62,17.6,32.57
-85.89,5.37,171.84
-81.86,2.27,36.78
-79.23,10.54,65.23
-45.01,31.25,55.99
-81.37,24.08,29.58
-55.38,27.87,41.18
-83.82,0.59,55.66
-83.03,20.73,26.94
-86.04,23.23,33.66
-85.98,2.65,88.47
-95.0,10.73,351.92
-74.28,62.43,13.58
-87.45,0.5,33.48
-62.52,34.33,15.59
-32.37,157.8,18.43
-59.87,71.35,28.86
-43.04,407.66,6.95
-83.38,4.55,68.17
-32.07,174.88,1.91
-68.58,27.04,15.94
-85.0,0.5,48.53
-86.96,13.39,28.82
-38.74,30.69,500.0
-65.48,36.84,12.19
-45.22,35.58,21.33
-86.94,8.46,46.1
-64.22,49.56,110.32
-71.55,21.99,18.62
-58.15,21.51,57.53
-73.02,151.26,9.85
-76.84,10.0,45.5
-73.38,39.32,14.21
-80.85,6.42,500.0
-64.66,16.02,50.63
-62.14,20.27,74.33
-69.88,7.68,498.09
-74.83,6.77,53.21
-73.17,16.45,42.96
-95.0,4.2,45.08
-73.5,13.07,49.45
-56.37,41.57,107.82
-74.18,29.29,190.42
-30.33,73.16,11.41
-54.52,19.76,500.0
-70.06,10.82,56.66
-76.04,44.27,25.13
-78.54,38.16,21.57
-68.86,11.41,190.57
-94.95,15.84,23.99
-95.0,0.5,36.12
-77.86,12.4,29.19
-67.34,29.27,19.48
-95.0,7.92,26.93
-73.61,16.76,28.39
-66.89,13.13,128.47
-72.46,11.18,36.27
-66.02,64.46,23.35
-95.0,1.03,128.18
-79.63,26.82,36.55
-70.33,35.22,192.12
-61.01,20.1,47.13
-82.62,7.74,136.72
-74.98,10.02,244.14
-74.6,35.29,35.21
-76.32,8.23,64.02
-57.03,80.21,23.26
-94.55,3.84,61.18
-71.97,11.37,119.78
-51.29,16.31,36.6
-65.26,17.21,21.04
-91.86,4.22,43.05
-89.81,10.28,68.73
-47.43,301.57,2.44
-95.0,5.64,27.79
-71.17,68.89,15.51
-83.65,7.11,211.83
-74.39,20.38,15.85
-75.02,18.58,83.79
-70.25,72.0,15.46
-72.6,23.66,18.2
-67.01,27.28,13.56
-58.39,15.87,35.96
-76.14,34.72,43.29
-77.33,25.6,50.66
-64.72,27.31,15.26
-75.7,20.74,24.21
-93.48,3.98,341.58
-68.65,43.3,46.23
-95.0,5.88,53.76
-82.04,10.24,27.2
-90.63,8.03,500.0
-67.22,13.6,111.06
-21.71,268.25,5.57
-83.14,20.68,32.17
-81.59,5.42,57.26
-54.22,96.86,17.81
-93.53,0.51,103.55
-72.04,7.58,500.0
-95.0,2.45,38.58
-74.06,7.15,63.74
-62.95,72.4,22.26
-77.21,26.97,500.0
-71.08,15.4,34.47
-93.52,7.63,27.83
-60.68,32.53,17.17
-62.65,17.34,69.83
-40.92,105.23,2.96
-44.23,97.29,42.35
-65.05,29.17,16.44
-66.67,27.31,9.67
-70.12,33.0,36.7
-47.74,24.08,128.91
-77.11,22.84,36.1
-52.29,47.34,8.34
-70.75,38.76,98.08
-55.48,119.03,10.93
-74.51,27.58,323.77
-79.95,13.32,20.57
-61.33,13.23,40.32
-92.45,4.51,500.0
-79.09,21.99,17.02
-88.02,13.23,34.14
-63.7,16.54,42.73
-66.73,14.26,32.4
-73.28,64.92,19.9
-79.03,1.73,49.42
-64.23,192.51,9.73
-77.18,3.38,78.69
-67.6,18.84,153.93
-43.36,34.03,62.37
-88.37,10.35,65.71
-67.64,18.86,18.5
-62.37,48.39,63.37
-44.75,92.85,36.05
-53.14,40.34,12.95
-67.4,11.85,320.19
-61.21,57.9,4.59
-56.09,131.55,10.22
-33.96,143.04,19.57
-42.66,41.31,18.49
-65.15,20.52,34.85
-68.64,93.2,9.99
-84.1,8.28,37.95
-53.11,74.04,82.6
-80.84,9.7,16.73
-56.81,21.09,43.53
-73.88,10.07,50.71
-93.28,5.05,116.08
-75.95,12.29,38.79
-64.49,28.5,10.43
-73.26,10.98,38.83
-85.1,3.07,49.36
-80.18,7.49,43.06
-95.0,14.0,22.76
-74.07,41.17,23.64
-88.91,15.01,21.89
-20.0,37.52,61.07
-63.57,18.81,124.03
-71.58,7.09,500.0
-63.2,16.38,156.02
-95.0,1.54,67.47
-84.84,24.93,24.52
-95.0,0.56,35.36
-84.68,17.54,45.62
-62.02,59.0,29.83
-49.7,18.12,65.51
-61.14,81.85,13.18
-77.32,18.0,19.32
-51.02,106.26,16.0
-30.81,32.08,70.59
-95.0,10.83,42.93
-79.54,36.13,22.19
-70.65,31.21,18.03
-82.63,3.12,78.37
-85.23,1.99,69.51
-73.51,9.91,53.95
-68.82,82.91,16.46
-86.05,15.95,28.42
-60.51,57.3,231.02
-63.14,20.03,29.38
-82.43,21.21,31.91
-63.19,188.31,3.08
-67.24,57.12,11.35
-67.05,17.18,33.21
-76.28,16.39,29.06
-94.82,1.45,49.67
-20.0,121.93,84.73
-62.76,57.43,27.11
-83.56,4.06,36.65
-56.24,16.87,500.0
-80.6,5.22,54.66
-69.09,39.07,15.7
-70.91,15.62,34.74
-56.76,74.27,24.6
-87.99,8.55,40.12
-66.33,30.15,11.24
-35.8,48.64,32.55
-69.8,36.85,79.52
-73.76,8.88,37.55
-67.11,19.58,24.07
-81.83,5.48,190.86
-53.52,179.82,3.49
-69.28,56.78,19.8
-66.75,14.01,36.58
-88.93,6.21,250.82
-81.5,4.97,29.04
-70.65,55.71,25.87
-78.6,27.54,54.17
-95.0,1.43,53.06
-78.68,38.31,19.77
-64.26,23.37,23.57
-72.16,8.23,53.04
-77.42,22.03,133.03
-61.86,17.49,318.28
-90.19,1.12,32.01
-85.17,11.76,23.82
-39.82,121.47,15.62
-57.95,17.85,321.73
-59.02,14.6,41.0
-37.91,150.23,9.92
-67.56,9.16,115.23
-69.26,221.97,10.26
-95.0,0.5,47.97
-71.16,34.3,13.18
-87.34,8.58,34.25
-62.11,19.31,46.87
-83.15,1.63,498.23
-85.83,13.27,164.27
-95.0,3.63,29.98
-84.02,4.78,144.68
-62.24,15.24,62.93
-77.78,33.06,26.95
-66.03,51.59,27.45
-56.02,27.59,24.56
-71.87,14.75,23.57
-60.68,14.72,500.0
-56.33,18.16,320.15
-85.93,11.13,492.91
-43.11,30.79,39.58
-78.85,20.87,19.23
-73.59,15.37,21.05
-66.1,18.73,30.48
-68.82,9.23,55.84
-85.77,8.35,69.49
-95.0,0.5,132.3
-47.91,40.17,13.88
-95.0,4.23,32.52
-95.0,5.49,59.17
-60.18,18.5,72.56
-84.11,4.79,57.6
-86.26,5.84,28.13
-88.26,11.61,499.26
-50.45,27.08,318.29
-46.22,26.02,500.0
-86.29,3.44,71.35
-75.16,38.09,27.72
-70.99,31.88,138.31
-73.67,12.87,36.2
-77.7,8.71,151.67
-75.62,62.29,18.0
-58.18,28.33,19.57
-63.59,14.87,47.46
-85.84,0.5,500.0
-74.65,36.44,42.99
-94.35,12.07,41.28
-76.57,12.51,27.88
-73.56,15.77,24.0
-81.81,16.08,37.67
-94.45,0.5,41.71
-67.2,13.0,66.28
-79.39,16.77,19.9
-24.8,45.52,29.25
-68.65,13.55,158.38
-83.85,4.82,500.0
-58.54,82.52,18.7
-89.38,9.66,38.26
-82.4,10.42,74.72
-43.39,41.26,20.19
-95.0,0.5,500.0
-73.82,30.34,32.73
-66.53,95.23,22.98
-79.51,14.38,23.66
-75.3,5.43,329.54
-30.02,75.29,6.52
-84.78,3.98,42.96
-72.87,17.52,21.08
-95.0,0.5,43.86
-67.32,14.87,490.75
-73.28,58.42,18.43
-82.33,25.48,15.98
-75.2,28.92,67.46
-80.33,22.97,48.7
-92.89,8.36,45.83
-81.9,6.87,243.85
-50.88,43.3,15.99
-79.12,15.15,20.99
-46.38,29.72,45.48
-56.25,25.11,29.52
-84.89,15.19,21.24
-67.59,63.58,23.14
-81.82,11.1,49.43
-50.41,74.65,125.57
-88.8,1.84,142.48
-75.86,106.82,12.26
-47.48,35.29,29.37
-63.73,32.59,13.12
-94.72,3.44,61.55
-59.75,52.72,3.97
-61.93,128.22,7.34
-55.63,31.77,14.0
-74.08,13.63,190.13
-67.39,50.37,40.2
-95.0,0.5,55.79
-78.76,18.2,72.16
-64.31,27.35,16.44
-95.0,4.87,61.98
-83.44,11.27,55.46
-90.02,10.0,29.91
-83.6,34.28,19.45
-35.41,33.6,57.11
-88.46,17.89,23.24
-77.48,18.24,15.86
-82.9,33.66,19.9
-38.67,68.44,8.37
-89.45,3.27,37.39
-78.46,22.98,40.44
-71.82,12.62,24.48
-59.04,16.19,47.85
-81.12,3.61,40.77
-79.66,31.72,23.88
-64.76,14.6,500.0
-84.6,35.68,19.46
-72.94,14.71,85.62
-76.46,5.73,53.19
-68.06,12.99,48.65
-73.96,35.77,34.43
-74.92,34.74,30.6
-65.29,25.92,17.97
-71.36,12.52,45.87
-75.16,6.5,152.48
-95.0,0.5,49.2
-64.34,57.15,7.28
-64.5,13.48,88.33
-80.72,26.52,30.7
-56.24,50.24,9.65
-83.58,13.11,157.76
-69.04,18.46,40.55
-71.7,13.03,66.48
-52.04,17.9,45.04
-53.61,34.35,12.9
-82.06,7.66,28.51
-68.55,47.43,9.67
-73.4,37.5,10.88
-27.71,63.26,13.44
-66.6,27.1,84.05
-65.4,33.44,14.0
-39.84,85.4,500.0
-69.39,46.06,11.35
-64.42,24.97,30.19
-86.83,10.73,34.95
-69.71,13.41,37.97
-52.29,71.18,28.7
-95.0,0.5,55.15
-63.47,18.48,35.41
-58.66,83.92,17.93
-72.21,28.09,18.24
-95.0,6.51,88.6
-73.95,15.9,243.45
-78.32,21.43,27.89
-86.51,0.5,60.89
-83.1,11.52,100.81
-88.12,13.21,29.91
-77.23,39.53,24.33
-60.69,11.32,500.0
-39.71,32.5,149.36
-76.32,11.36,20.72
-59.99,30.95,12.43
-51.36,25.78,46.93
-61.13,24.73,31.3
-67.34,29.56,17.13
-57.07,173.39,9.37
-75.54,45.07,17.94
-50.53,34.59,27.81
-56.53,62.51,184.74
-85.4,8.58,64.88
-61.29,62.28,46.29
-81.67,5.46,247.26
-62.26,18.07,110.51
-69.44,8.99,62.52
-74.21,163.38,19.06
-85.32,18.57,42.37
-59.6,19.78,67.0
-49.72,26.5,34.58
-63.44,15.26,491.15
-92.45,0.5,47.22
-72.82,2.19,149.9
-65.93,110.09,12.76
-46.93,30.5,74.3
-71.21,77.59,10.0
-76.01,14.5,500.0
-76.2,3.51,65.03
-67.56,28.2,12.89
-73.49,34.93,38.69
-46.39,21.83,55.15
-28.27,59.12,24.3
-71.27,28.05,500.0
-78.31,38.83,28.05
-50.75,30.77,27.46
-65.23,24.95,23.37
-79.13,16.4,30.63
-87.36,3.46,39.19
-51.36,30.18,31.51
-95.0,0.5,60.56
-82.3,19.25,46.78
-72.55,23.78,79.39
-73.65,29.81,50.1
-79.65,23.84,48.35
-90.93,0.5,57.14
-78.57,9.65,42.23
-84.24,7.23,67.91
-81.91,22.41,66.52
-77.51,19.82,106.09
-95.0,14.65,25.16
-72.0,25.9,12.78
-84.92,2.21,100.9
-51.26,25.67,46.3
-79.58,9.46,34.75
-90.78,6.43,249.12
-89.03,13.52,29.2
-54.06,25.55,152.35
-73.67,32.0,190.82
-77.57,20.34,18.25
-53.72,114.01,12.9
-54.4,29.99,57.95
-53.87,20.41,130.37
-75.67,16.44,18.93
-93.09,10.39,30.54
-60.29,187.69,5.26
-65.53,141.52,22.55
-54.03,49.42,5.78
-95.0,0.5,27.05
-72.09,68.63,15.33
-80.69,30.32,18.7
-68.59,44.25,37.74
-89.99,14.94,28.93
-84.29,21.32,27.73
-76.88,26.56,47.36
-69.35,35.81,39.58
-83.5,19.66,32.45
-94.76,18.25,23.35
-69.09,20.59,22.28
-74.84,25.96,15.65
-56.99,17.57,500.0
-78.22,6.93,41.31
-59.87,29.37,12.74
-76.15,14.44,20.07
-70.29,12.69,62.66
-79.42,0.5,43.17
-75.38,3.13,59.54
-66.63,52.36,53.38
-75.97,19.15,24.19
-77.66,39.06,25.32
-70.98,29.57,18.38
-71.26,29.33,71.43
-58.84,25.05,20.55
-95.0,0.87,26.73
-64.11,97.63,10.46
-62.76,45.87,36.88
-71.66,6.19,500.0
-61.13,64.18,23.06
-86.9,14.76,27.68
-42.93,22.45,69.25
-87.11,10.16,91.89
-95.0,7.89,26.25
-41.69,76.81,17.1
-73.15,31.52,112.98
-60.45,143.01,6.48
-55.26,42.6,88.89
-76.13,6.19,38.94
-95.0,4.79,48.66
-79.45,8.58,21.81
-79.6,16.52,23.46
-68.72,32.95,113.11
-48.31,20.59,500.0
-64.8,14.91,41.14
-83.12,0.67,32.96
-72.63,9.03,29.77
-71.22,14.09,75.14
-66.46,44.3,33.97
-80.25,18.44,96.14
-71.75,34.11,28.83
-79.19,4.4,342.11
-78.46,14.67,27.4
-63.72,81.84,15.73
-76.56,13.79,31.41
-64.56,14.51,133.24
-55.92,80.27,29.71
-85.58,9.93,173.63
-76.49,28.67,29.25
-84.58,3.35,194.97
-67.08,7.33,127.91
-84.8,19.17,75.13
-80.91,4.59,69.66
-90.54,4.16,50.01
-71.41,17.69,14.2
-69.5,14.73,27.82
-66.79,14.52,66.45
-73.2,36.53,48.46
-42.22,418.22,5.27
-68.21,87.51,15.52
-55.67,63.68,107.42
-72.75,83.16,15.68
-62.55,11.43,500.0
-86.8,9.25,22.08
-47.79,19.51,85.29
-90.15,5.23,50.97
-45.02,145.09,10.01
-64.07,40.17,134.41
-68.81,16.05,78.58
-52.38,71.29,9.31
-48.32,33.21,34.23
-76.7,32.64,27.32
-76.0,24.81,74.74
-65.04,18.51,58.57
-85.15,17.55,27.06
-79.42,29.65,29.78
-66.0,24.51,20.64
-89.78,40.58,16.58
-79.9,17.17,95.58
-70.5,11.73,67.78
-77.48,33.7,22.25
-95.0,6.27,27.15
-67.48,8.05,159.83
-76.63,12.47,17.9
-81.87,21.02,32.91
-68.55,41.98,37.67
-81.6,6.73,211.55
-71.81,32.53,152.06
-44.88,85.98,123.9
-81.75,2.79,99.16
-55.97,359.81,9.96
-44.78,20.75,248.24
-75.6,25.38,241.34
-68.25,59.63,17.28
-70.48,24.07,15.61
-60.49,42.3,500.0
-42.16,89.25,109.1
-57.06,30.81,21.91
-58.6,26.63,25.46
-80.2,16.14,17.9
-95.0,0.5,500.0
-25.36,35.75,48.04
-55.08,26.36,30.17
-20.0,93.66,81.13
-73.66,13.12,189.33
-46.51,115.2,15.97
-37.52,323.94,2.31
-68.78,22.15,170.88
-66.04,16.07,110.2
-79.0,31.89,25.65
-95.0,5.81,147.26
-84.47,20.23,20.35
-63.08,20.94,35.01
-89.83,8.59,248.57
-95.0,4.67,167.48
-83.33,5.74,60.33
-79.16,52.14,23.07
-59.41,67.68,42.9
-54.04,21.92,28.87
-76.27,16.29,30.8
-83.18,8.15,246.27
-75.04,25.87,51.07
-74.36,38.37,33.29
-73.78,25.16,13.29
-67.46,116.93,5.17
-52.95,29.49,24.95
-51.4,35.73,20.88
-32.47,27.77,59.04
-63.64,20.33,68.61
-86.93,10.71,31.23
-81.27,0.5,500.0
-64.76,16.31,30.17
-82.8,15.25,327.98
-70.11,16.15,27.29
-81.58,9.38,52.12
-67.7,18.21,27.31
-56.24,90.11,21.06
-58.42,73.88,21.66
-57.85,45.13,9.68
-75.05,39.58,24.94
-56.9,80.89,26.51
-68.86,84.21,9.34
-64.4,13.72,130.0
-73.58,58.54,19.59
-62.79,25.62,500.0
-37.29,145.32,17.31
-58.41,21.71,65.98
-71.46,20.9,21.41
-66.46,10.7,186.55
-62.05,31.85,15.25
-52.7,18.87,42.43
-63.73,24.17,21.33
-89.62,5.98,81.98
-72.09,43.7,35.87
-57.93,18.21,22.98
-95.0,0.84,67.48
-71.31,72.27,15.88
-64.78,56.01,9.25
-61.39,24.61,68.2
-80.32,34.65,19.83
-84.47,1.64,52.41
-91.15,8.07,27.8
-87.11,12.07,30.74
-95.0,2.13,31.52
-74.09,11.79,84.76
-39.98,30.96,125.84
-67.16,36.34,16.17
-71.14,6.12,71.49
-82.02,12.78,21.7
-71.66,26.92,13.77
-52.77,25.66,37.11
-72.74,46.19,21.88
-81.34,6.97,139.43
-82.68,1.87,30.01
-70.33,38.11,92.69
-81.94,5.82,500.0
-61.24,47.61,233.66
-78.27,26.42,50.04
-67.01,85.91,24.54
-72.27,30.54,111.4
-80.74,15.86,18.11
-95.0,4.61,58.23
-52.17,23.17,68.16
-40.59,76.47,9.06
-49.08,18.17,53.24
-63.52,57.95,5.86
-47.06,156.33,8.03
-30.93,52.76,18.15
-27.6,101.88,240.14
-73.79,37.52,133.09
-92.16,6.78,49.2
-72.72,14.25,23.75
-74.51,13.01,40.88
-71.22,13.68,90.29
-78.41,7.46,94.25
-80.9,13.39,24.66
-61.73,70.94,6.1
-27.09,40.18,27.89
-95.0,0.5,122.89
-42.91,48.64,12.58
-63.7,52.94,28.52
-63.29,22.14,29.18
-70.56,22.21,23.67
-64.23,20.55,39.39
-65.24,47.49,59.97
-69.86,37.08,86.44
-49.15,40.22,17.4
-79.28,19.46,36.76
-78.06,11.98,19.92
-72.39,38.62,32.83
-80.4,20.19,60.78
-72.23,135.71,13.13
-65.48,16.56,70.36
-78.85,20.66,41.6
-69.32,40.26,19.03
-32.14,105.88,318.87
-81.78,20.94,162.19
-86.33,7.88,22.35
-54.1,28.4,28.17
-66.15,15.36,39.52
-28.5,182.44,18.64
-75.07,30.55,29.59
-95.0,0.5,91.29
-67.58,16.7,320.69
-71.31,15.95,196.62
-68.98,16.46,22.76
-58.44,20.46,41.16
-73.76,42.17,25.78
-91.1,7.27,41.94
-70.34,25.9,12.95
-89.65,6.21,85.27
-89.58,1.38,41.28
-67.95,11.1,118.83
-91.34,5.37,39.73
-66.38,28.54,13.18
-73.99,8.18,35.46
-39.4,213.43,2.47
-77.43,21.61,247.47
-50.69,100.22,18.34
-95.0,9.19,68.7
-73.17,35.96,53.21
-53.35,25.62,31.43
-68.4,27.09,17.92
-88.99,3.94,66.65
-42.44,90.84,6.68
-91.29,4.41,34.91
-66.63,16.19,33.18
-59.44,31.63,7.14
-63.68,10.32,500.0
-79.99,10.39,32.73
-84.19,9.35,30.87
-75.0,40.63,25.73
-76.95,4.87,63.06
-77.31,25.6,48.18
-64.84,47.74,11.51
-54.21,32.37,27.54
-64.47,35.32,12.61
-88.41,7.41,63.06
-64.62,12.17,32.38
-69.92,21.74,20.38
-69.28,5.87,78.54
-95.0,5.34,500.0
-59.37,27.02,17.0
-66.1,52.93,24.54
-73.54,10.97,21.6
-78.34,19.85,47.11
-76.28,5.25,246.6
-68.2,40.0,42.0
-80.76,57.65,23.07
-70.8,13.79,40.06
-73.0,37.69,40.99
-41.95,106.71,35.61
-76.52,18.83,25.62
-69.74,8.43,325.56
-47.7,33.3,33.42
-61.32,27.03,41.42
-69.19,152.92,13.96
-43.97,30.22,37.02
-74.92,9.16,133.87
-55.91,16.99,85.42
-89.79,9.88,55.34
-64.52,12.72,60.31
-95.0,10.67,31.09
-67.75,62.17,25.07
-54.12,27.8,93.98
-89.85,18.12,32.56
-70.68,12.26,39.57
-70.96,18.88,44.08
-77.6,12.17,22.2
-70.49,15.1,25.94
-91.99,8.22,38.85
-73.17,13.61,38.39
-85.09,8.21,80.65
-61.77,70.56,31.21
-60.35,39.97,16.49
-77.71,6.6,258.93
-95.0,0.5,91.09
-65.64,25.53,18.89
-66.48,50.06,22.36
-47.95,181.74,8.53
-61.56,25.48,15.51
-56.43,22.95,21.45
-35.72,106.47,18.31
-69.05,8.96,94.92
-64.9,48.32,95.86
-78.97,26.08,33.41
-71.74,29.82,27.97
-40.23,38.96,25.26
-57.42,21.46,179.9
-82.48,7.36,58.42
-71.72,12.37,102.14
-73.42,14.49,28.78
-93.27,6.75,500.0
-76.99,5.06,258.35
-63.81,45.63,319.27
-70.39,35.64,45.55
-69.59,15.39,36.48
-55.98,26.16,21.59
-91.95,4.24,265.44
-77.27,28.49,41.97
-62.09,39.57,490.74
-41.71,172.37,8.62
-58.99,35.52,10.55
-78.64,4.66,326.72
-75.69,50.84,21.72
-88.34,19.2,32.37
-65.17,47.27,132.33
-20.0,47.76,58.9
-70.47,12.89,34.15
-75.68,32.16,14.37
-65.31,18.24,70.23
-55.85,23.08,486.68
-93.91,1.48,36.22
-56.66,30.1,16.98
-56.72,17.0,238.34
-64.92,16.85,82.37
-44.46,76.94,317.07
-79.8,7.14,500.0
-65.49,20.17,324.93
-60.01,17.88,150.5
-70.47,18.79,24.33
-76.57,8.96,42.07
-61.45,18.47,70.3
-66.36,53.9,10.01
-55.28,56.15,11.23
-51.0,64.26,313.14
-85.42,4.52,38.24
-49.93,224.4,14.76
-77.02,28.75,28.1
-84.89,6.23,500.0
-65.41,40.89,116.65
-76.11,28.04,37.13
-62.22,19.56,34.5
-82.68,3.63,159.89
-66.85,5.09,126.62
-76.65,4.55,329.0
-76.78,19.58,17.14
-71.45,8.61,48.7
-95.0,4.05,25.16
-51.74,79.11,28.43
-57.96,32.55,21.24
-67.69,15.52,131.64
-80.2,3.88,62.02
-61.63,15.48,91.79
-95.0,0.52,32.97
-84.1,10.12,22.45
-67.89,18.05,22.3
-84.68,11.29,25.16
-30.83,172.5,17.72
-59.36,12.49,140.51
-53.66,25.59,19.06
-79.93,0.5,43.14
-91.5,4.94,46.22
-74.48,12.2,500.0
-77.55,10.86,31.21
-38.07,96.49,46.81
-69.88,13.78,133.39
-60.03,24.1,23.3
-65.01,20.01,23.71
-74.78,6.94,500.0
-76.66,48.34,17.87
-63.79,11.38,488.56
-46.91,90.67,26.6
-78.45,21.56,49.66
-69.36,15.34,32.82
-77.52,6.19,42.0
-72.77,14.05,45.28
-75.96,5.18,44.93
-66.57,17.35,30.81
-70.74,5.37,240.81
-38.57,129.22,16.16
-53.58,31.88,20.07
-66.13,42.51,51.99
-64.61,96.52,11.16
-74.41,14.23,33.28
-72.92,85.84,14.91
-85.72,4.24,36.05
-78.42,11.03,26.1
-77.59,40.81,16.93
-71.09,10.95,44.91
-94.78,7.58,24.26
-68.57,45.45,41.15
-84.88,4.61,50.24
-67.86,23.34,18.26
-59.89,101.45,9.71
-70.55,12.03,324.32
-62.42,17.36,52.61
-62.49,15.36,483.15
-60.67,80.32,20.44
-80.55,19.77,139.69
-30.62,55.0,19.72
-86.22,15.39,27.97
-59.36,37.25,13.66
-78.7,20.88,23.23
-52.43,22.56,49.42
-72.68,8.26,40.37
-63.51,48.72,31.65
-67.39,13.19,67.39
-75.76,25.08,19.0
-41.4,211.75,8.58
-55.71,42.84,12.2
-82.4,2.92,41.09
-67.19,17.08,75.56
-46.24,162.81,13.42
-56.12,30.01,20.59
-67.21,14.34,41.99
-95.0,4.11,32.2
-78.21,10.22,98.21
-70.87,10.26,324.67
-36.94,33.37,484.59
-77.24,13.59,19.79
-67.61,35.84,64.15
-23.77,97.77,500.0
-86.56,13.56,26.46
-60.36,79.7,8.66
-74.06,24.83,72.16
-74.37,33.11,59.82
-83.15,22.35,20.7
-89.6,15.46,21.91
-68.9,33.67,16.37
-71.67,8.15,96.39
-62.39,70.91,19.98
-45.9,100.68,29.68
-86.55,60.36,18.11
-60.01,16.57,88.9
-67.94,11.9,43.83
-79.82,8.67,33.81
-69.34,80.14,15.69
-62.77,142.3,10.05
-58.36,24.14,21.1
-73.28,23.48,16.78
-80.42,8.17,86.98
-71.58,138.47,11.92
-54.36,24.28,500.0
-65.94,15.97,64.48
-53.28,54.38,7.91
-64.72,23.45,17.38
-63.17,27.76,20.73
-81.48,14.9,500.0
-61.28,21.97,318.35
-83.38,6.09,500.0
-79.08,19.48,20.97
-95.0,3.1,154.61
-85.36,15.27,20.24
-66.68,47.8,113.42
-59.76,172.34,17.93
-70.32,5.6,101.51
-73.69,11.26,325.77
-95.0,0.5,206.65
-62.71,51.91,7.93
-51.15,76.62,7.59
-65.83,31.76,14.12
-80.16,27.73,29.65
-88.47,6.08,74.73
-71.17,36.78,187.78
-77.28,61.14,11.81
-53.78,46.16,8.37
-78.77,26.38,68.83
-75.62,42.96,28.43
-54.61,34.64,22.22
-80.78,0.5,136.24
-95.0,5.75,107.69
-61.83,16.14,500.0
-74.91,33.5,31.46
-70.41,24.93,11.33
-70.61,21.18,28.57
-71.25,17.99,241.86
-86.26,10.77,29.46
-85.24,15.7,34.99
-94.28,5.39,50.2
-54.06,23.2,51.41
-84.99,2.07,50.18
-84.45,9.32,81.11
-74.35,44.38,23.16
-52.09,27.57,31.31
-79.32,99.52,13.7
-72.83,18.13,17.3
-69.54,16.4,113.58
-71.09,36.82,13.63
-80.1,62.71,14.69
-95.0,6.32,147.62
-95.0,4.68,34.82
-76.64,18.19,12.99
-74.95,9.87,38.1
-88.09,6.57,59.95
-37.23,89.08,38.64
-64.16,21.03,42.05
-74.92,60.39,16.21
-69.61,16.67,34.48
-40.66,40.94,33.41
-70.79,11.77,36.56
-30.73,58.22,13.49
-64.76,17.28,79.22
-76.88,32.26,51.89
-88.48,10.5,53.47
-75.4,26.19,29.75
-76.65,9.61,500.0
-58.78,73.89,39.58
-75.74,103.52,14.85
-60.55,43.78,5.76
-72.01,28.57,500.0
-41.18,88.42,500.0
-85.46,9.01,497.55
-49.4,81.56,58.9
-63.58,51.04,129.11
-84.79,6.7,92.59
-76.51,19.16,17.16
-44.93,103.46,29.2
-88.36,8.67,45.99
-65.12,47.46,33.93
-53.87,25.86,60.53
-61.26,22.89,32.99
-70.03,15.66,46.14
-76.8,5.06,50.63
-69.68,46.37,11.92
-95.0,3.83,51.11
-76.18,74.66,14.94
-59.98,318.39,4.97
-74.68,49.59,12.91
-53.55,83.33,24.33
-56.08,20.34,88.83
-78.13,9.65,24.22
-88.3,7.61,496.83
-90.49,3.02,74.92
-73.2,6.59,109.38
-61.94,59.52,35.26
-54.91,27.28,21.45
-95.0,0.5,29.97
-71.08,11.6,82.65
-71.34,33.24,96.27
-86.27,14.75,26.6
-56.28,61.8,49.8
-74.03,25.15,45.59
-64.79,20.73,34.44
-72.59,18.25,27.0
-87.9,12.6,40.42
-70.45,42.77,35.28
-79.57,2.72,100.47
-71.06,17.6,51.17
-77.17,22.28,119.27
-77.73,18.53,110.48
-77.83,30.39,37.1
-63.54,37.18,52.27
-62.89,18.89,26.2
-67.13,37.33,37.8
-44.03,47.69,10.73
-54.19,119.55,19.69
-83.78,38.99,24.44
-94.51,3.01,34.15
-77.28,11.45,20.29
-73.24,49.32,18.54
-42.81,48.33,10.11
-93.98,0.64,36.62
-80.62,19.25,75.35
-62.99,9.7,500.0
-76.53,29.84,48.2
-71.25,10.06,489.24
-74.07,42.67,26.4
-82.43,10.44,82.1
-68.41,89.09,12.58
-76.69,35.49,49.17
-38.99,41.03,24.37
-55.02,29.71,43.85
-80.29,8.85,23.77
-58.72,27.61,45.97
-65.94,26.63,20.96
-82.0,8.5,24.09
-52.89,26.57,112.3
-66.35,12.32,488.92
-71.31,36.33,36.42
-62.93,23.55,21.03
-60.69,77.57,18.4
-72.73,38.71,53.23
-64.11,21.3,29.86
-70.64,33.25,15.58
-72.22,25.19,11.7
-66.37,23.2,22.16
-21.89,199.06,14.95
-78.13,4.23,134.86
-54.81,11.28,500.0
-95.0,0.5,46.2
-65.59,13.18,67.85
-72.0,10.25,60.86
-93.62,9.9,36.92
-74.41,12.93,20.79
-53.69,30.35,27.27
-75.02,11.3,160.56
-49.93,43.97,11.9
-63.76,53.02,37.91
-39.2,311.41,6.25
-53.97,47.43,76.49
-64.19,50.41,83.83
-21.18,108.57,321.64
-95.0,11.11,22.14
-65.94,16.39,44.56
-69.68,17.86,24.59
-71.45,24.0,18.17
-69.16,49.91,39.79
-66.71,42.82,12.85
-53.34,33.3,17.25
-80.65,21.45,104.98
-77.39,7.02,71.64
-76.6,17.95,23.07
-86.67,13.87,38.08
-66.55,15.51,321.0
-80.23,3.43,37.69
-45.1,24.38,500.0
-87.07,3.8,82.14
-95.0,2.6,129.06
-64.04,12.83,241.87
-73.48,10.44,39.77
-82.43,4.16,500.0
-45.31,31.57,29.95
-95.0,0.5,36.17
-71.44,22.13,165.84
-94.34,2.98,125.23
-75.96,8.97,500.0
-54.77,33.88,14.45
-38.21,119.51,29.35
-53.96,42.72,9.14
-77.07,50.12,20.82
-63.98,21.3,15.9
-49.33,53.01,8.4
-82.87,6.98,250.38
-59.82,143.83,5.64
-84.92,11.86,61.98
-66.09,52.84,29.02
-77.51,14.98,25.91
-69.35,15.49,68.21
-81.45,5.47,30.21
-51.1,92.63,31.25
-77.0,19.64,47.01
-75.6,11.9,41.36
-66.95,32.88,75.44
-70.27,145.58,15.55
-84.64,7.65,25.75
-33.41,86.76,5.86
-71.09,69.72,19.79
-71.49,134.08,12.06
-71.42,91.26,9.91
-61.18,27.19,19.97
-86.58,5.36,500.0
-82.64,5.36,59.74
-54.92,127.79,8.4
-70.51,39.44,40.17
-87.25,15.59,500.0
-60.05,17.29,500.0
-55.36,47.61,3.57
-75.63,17.2,21.78
-65.1,36.41,7.41
-56.94,31.95,14.32
-53.65,131.13,13.53
-60.33,19.66,55.76
-62.49,84.52,19.1
-73.01,12.42,41.24
-68.32,36.13,14.93
-86.78,33.17,18.99
-72.59,21.92,146.02
-68.8,16.65,48.53
-58.03,41.65,10.51
-61.86,117.46,8.11
-68.6,13.87,26.65
-47.28,28.12,23.65
-63.53,25.85,15.46
-60.28,12.04,187.51
-54.61,85.3,18.65
-82.93,42.12,25.42
-73.44,48.19,24.74
-69.32,63.93,18.94
-21.99,41.58,500.0
-71.03,10.99,488.16
-88.08,3.82,500.0
-78.73,12.34,38.78
-62.2,16.68,27.78
-87.94,24.03,33.97
-90.42,8.03,60.13
-76.15,9.86,45.64
-61.11,60.24,53.96
-56.75,87.37,20.33
-82.0,3.01,47.24
-62.15,39.3,5.32
-74.6,25.92,12.43
-85.92,1.23,499.19
-64.49,13.37,500.0
-56.4,17.78,500.0
-57.68,10.74,500.0
-82.66,5.85,87.2
-80.91,8.57,49.25
-93.37,3.98,44.04
-39.8,46.02,18.8
-69.04,11.5,87.2
-52.07,64.07,129.61
-62.03,17.22,58.58
-85.96,3.49,202.2
-68.54,21.55,27.67
-65.54,29.22,12.49
-84.36,7.76,36.19
-66.3,34.28,10.27
-93.83,7.37,52.82
-52.29,27.1,35.89
-89.33,0.5,54.03
-65.22,26.21,14.78
-56.22,32.53,18.1
-66.95,46.04,126.35
-75.52,24.88,324.45
-86.76,23.04,23.25
-44.73,87.53,128.6
-63.74,48.42,8.38
-54.53,72.07,7.19
-78.8,11.04,43.72
-38.83,33.02,96.08
-87.93,41.92,21.78
-94.03,13.37,39.6
-84.71,14.73,102.0
-77.29,58.79,22.99
-69.02,14.88,78.56
-41.48,19.87,245.6
-54.96,68.32,53.52
-70.72,11.74,64.14
-71.62,15.96,58.82
-92.99,1.82,39.76
-64.98,15.36,85.55
-95.0,5.51,47.45
-57.41,71.17,23.24
-71.85,27.27,17.19
-84.91,14.85,203.52
-50.35,106.23,17.69
-68.04,33.28,13.17
-59.22,21.35,235.5
-58.2,22.91,65.81
-63.94,24.17,23.63
-63.13,24.37,26.05
-79.58,50.09,17.33
-95.0,0.5,44.61
-87.61,0.9,37.95
-25.02,53.36,32.37
-52.38,70.54,42.23
-80.84,16.82,249.47
-67.79,12.22,133.57
-48.01,73.57,43.63
-72.53,18.21,20.94
-66.89,65.37,23.52
-76.3,7.68,500.0
-75.6,8.79,38.95
-73.54,11.97,44.44
-83.91,9.95,25.42
-72.28,16.92,34.83
-37.02,58.84,7.86
-69.6,32.67,158.01
-69.39,113.65,12.04
-58.22,28.24,27.61
-92.91,1.72,37.67
-74.47,5.61,89.08
-68.89,16.47,50.33
-65.51,25.01,18.3
-93.97,0.5,35.03
-88.08,14.1,43.75
-95.0,3.49,111.49
-74.14,189.7,12.52
-76.09,25.11,39.37
-68.04,42.55,47.28
-55.18,110.09,10.07
-58.01,23.91,59.73
-91.7,2.76,28.48
-26.66,35.31,33.19
-63.29,18.09,67.74
-51.79,159.71,1.69
-88.07,14.51,32.44
-78.65,8.57,103.82
-50.23,85.08,46.52
-44.24,30.3,73.32
-76.7,19.99,14.78
-92.64,0.5,63.97
-67.32,35.78,4.01
-73.39,93.11,13.95
-53.28,58.27,7.05
-85.03,23.32,19.31
-72.07,23.3,10.96
-64.96,16.79,84.9
-86.28,7.81,44.45
-95.0,0.98,35.72
-41.17,32.01,500.0
-53.69,22.95,28.44
-92.8,9.03,346.32
-42.74,34.21,48.23
-77.91,28.94,38.18
-70.87,15.15,72.78
-79.11,5.81,202.39
-54.84,60.23,500.0
-84.1,17.77,35.51
-95.0,4.04,249.23
-60.03,32.93,12.76
-54.34,92.39,14.27
-79.55,8.02,27.5
-72.53,33.01,34.17
-62.52,51.81,20.16
-52.09,20.5,101.93
-54.37,439.34,5.53
-95.0,3.74,145.69
-71.74,109.69,13.92
-59.99,78.09,27.65
-82.86,56.69,18.41
-54.62,35.7,18.6
-40.05,33.24,74.38
-85.24,6.43,39.15
-55.36,64.51,6.42
-78.11,18.74,22.79
-95.0,0.5,62.3
-62.43,21.69,27.48
-60.7,52.87,93.47
-77.57,109.45,14.42
-95.0,1.25,51.19
-48.38,147.18,8.63
-71.78,46.78,24.21
-73.3,49.01,8.84
-66.94,35.72,40.74
-70.16,16.9,38.25
-20.0,431.07,4.31
-95.0,2.07,35.77
-78.57,9.47,23.48
-80.89,15.33,252.0
-68.19,17.28,65.4
-67.22,12.48,93.06
-53.9,63.59,11.23
-92.34,1.8,73.64
-56.49,22.92,53.02
-95.0,3.25,40.15
-78.72,40.21,21.73
-73.87,47.78,20.14
-72.63,43.84,17.07
-84.8,17.14,34.23
-27.06,50.49,25.37
-45.02,16.78,86.18
-95.0,3.69,38.61
-66.87,30.42,19.02
-31.01,109.35,313.7
-87.42,24.34,26.0
-76.65,24.02,16.25
-73.67,12.82,98.91
-76.69,17.72,191.19
-58.91,70.22,9.26
-78.41,24.13,104.71
-67.42,18.63,129.61
-78.15,13.45,20.12
-68.38,73.86,14.48
-23.12,38.55,500.0
-65.8,26.09,18.3
-67.15,43.07,9.9
-76.33,34.4,14.63
-69.68,31.51,11.49
-64.18,14.77,44.96
-76.91,14.23,34.1
-88.99,5.69,35.14
-48.39,22.54,500.0
-50.7,51.41,10.13
-92.8,3.75,155.5
-75.14,27.89,119.56
-56.35,36.59,17.13
-93.55,2.28,41.69
-59.73,18.0,64.06
-70.64,9.65,68.69
-82.46,21.28,29.47
-82.53,4.39,260.83
-66.25,102.24,12.53
-62.73,70.79,19.59
-70.07,49.81,27.59
-68.05,54.86,21.36
-75.1,32.03,67.17
-95.0,9.85,40.31
-84.85,12.77,75.82
-63.65,36.42,14.95
-66.68,6.41,167.27
-64.62,17.16,28.4
-94.77,0.5,28.14
-76.6,28.26,53.83
-84.09,0.5,497.03
-78.16,2.29,499.34
-83.54,11.94,129.09
-66.27,43.73,32.86
-85.05,10.45,61.22
-47.31,42.49,16.63
-95.0,3.77,67.28
-59.07,36.88,10.79
-95.0,8.07,34.34
-91.55,11.33,24.34
-60.39,86.35,16.17
-69.79,11.64,159.57
-57.34,33.28,21.15
-62.68,47.11,90.59
-64.88,38.38,51.26
-84.28,10.11,29.88
-65.87,15.4,89.26
-54.58,140.53,9.8
-77.72,2.69,500.0
-82.06,10.08,117.81
-72.52,6.03,196.39
-52.96,28.44,151.68
-77.0,2.45,73.22
-57.31,53.83,500.0
-77.89,16.97,19.83
-73.26,11.05,31.0
-64.53,13.52,249.32
-95.0,5.07,500.0
-64.02,25.68,14.65
-59.09,140.05,11.46
-78.25,6.2,134.93
-75.29,18.49,495.23
-93.42,10.92,67.52
-84.88,6.49,29.3
-70.35,4.66,329.13
-84.46,0.5,33.48
-71.34,21.57,18.68
-54.51,91.05,19.41
-57.15,19.06,83.09
-85.54,3.88,65.34
-72.89,11.73,132.47
-67.8,11.61,32.11
-92.7,6.52,34.14
-73.58,38.19,29.96
-95.0,0.5,39.94
-92.96,1.03,500.0
-82.91,14.84,138.37
-69.42,35.32,82.46
-60.58,82.01,18.2
-70.41,18.3,34.39
-65.69,23.17,63.04
-57.6,97.63,12.82
-70.76,25.1,500.0
-65.29,59.93,22.89
-88.89,7.82,165.27
-56.1,55.8,40.13
-75.14,12.42,45.82
-63.39,81.19,6.72
-63.43,131.27,4.35
-71.93,14.44,32.17
-45.75,16.65,56.56
-66.08,69.94,7.27
-66.63,185.1,19.43
-34.36,216.13,2.28
-70.18,29.87,47.68
-70.89,90.48,20.09
-69.39,77.13,13.92
-74.48,12.38,32.74
-81.12,9.19,40.46
-85.76,20.41,23.61
-69.14,42.23,12.44
-84.41,20.49,30.32
-50.03,95.96,23.32
-81.12,15.13,75.77
-71.82,12.64,38.2
-84.0,11.22,64.46
-71.88,39.39,26.69
-86.51,23.67,22.25
-52.73,172.05,5.68
-65.34,35.88,23.5
-75.24,10.88,39.55
-58.95,53.76,32.42
-92.93,2.56,66.72
-95.0,4.2,500.0
-26.59,160.81,8.34
-89.74,6.31,44.9
-81.24,59.72,21.3
-70.5,5.21,49.3
-70.57,18.74,29.59
-81.84,61.38,19.54
-52.9,17.81,131.38
-75.66,9.58,32.52
-48.85,29.44,28.33
-79.53,33.69,25.25
-65.88,74.01,8.63
-48.23,110.67,20.23
-56.28,204.8,7.96
-65.73,19.14,29.54
-72.22,5.71,94.61
-60.33,14.07,36.64
-90.47,1.94,146.56
-53.71,64.96,320.27
-61.18,13.57,52.98
-64.56,15.61,155.07
-75.87,15.04,59.33
-57.06,20.46,500.0
-66.06,48.46,5.02
-80.17,12.35,20.86
-59.28,24.12,24.16
-61.2,133.57,7.35
-62.24,105.79,9.88
-69.56,12.16,41.48
-69.8,20.63,19.23
-87.57,19.05,22.53
-69.34,149.49,5.98
-74.74,71.17,19.18
-71.94,41.85,35.45
-93.82,2.79,500.0
-71.36,12.49,38.0
-75.88,15.99,26.23
-74.41,10.29,500.0
-71.4,20.21,26.07
-78.04,3.1,47.12
-95.0,9.05,29.13
-95.0,8.37,31.03
-82.22,12.89,27.96
-80.65,42.81,17.72
-87.68,5.15,88.99
-62.04,13.02,55.43
-76.42,32.82,69.18
-82.3,15.05,93.84
-62.42,52.01,39.02
-47.21,214.03,6.23
-31.91,66.56,6.73
-71.74,11.85,79.61
-67.9,14.61,45.73
-80.25,9.98,37.76
-64.48,10.0,500.0
-76.66,9.17,41.12
-71.01,10.23,327.24
-90.82,6.92,30.49
-65.87,92.97,18.9
-63.9,52.56,66.18
-74.14,8.91,32.18
-66.14,59.91,20.22
-80.67,6.78,40.05
-78.79,5.6,99.13
-72.63,30.74,51.65
-62.33,20.72,23.41
-95.0,0.5,64.25
-64.8,16.25,28.41
-80.13,9.34,23.55
-64.32,18.7,40.55
-70.79,11.79,49.27
-80.59,20.23,45.06
-89.57,5.06,54.51
-47.81,107.49,6.06
-66.41,56.51,31.77
-94.94,4.05,31.63
-65.39,25.72,16.45
-74.31,113.66,13.0
-85.41,7.41,25.61
-73.64,36.3,44.73
-95.0,0.5,59.64
-82.55,5.86,37.52
-73.03,14.95,35.58
-54.29,53.7,238.16
-53.66,127.28,9.82
-82.13,7.28,27.61
-64.11,10.22,197.99
-54.22,64.96,91.68
-72.0,36.32,59.85
-61.11,20.77,51.49
-76.72,42.8,17.42
-73.82,14.97,29.9
-87.45,0.5,128.09
-78.39,21.97,500.0
-67.17,24.38,18.06
-41.56,182.17,5.85
-80.37,18.12,21.5
-95.0,0.63,34.13
-76.98,28.77,37.61
-76.7,13.83,25.16
-80.35,19.2,245.78
-63.87,39.06,14.67
-59.59,17.2,500.0
-72.4,36.03,68.98
-95.0,2.69,51.0
-63.92,274.82,12.21
-74.34,46.06,23.34
-62.39,18.11,72.4
-66.53,20.74,21.28
-67.65,15.42,500.0
-87.63,3.71,34.94
-72.15,38.12,39.0
-39.71,74.28,322.84
-43.97,88.0,2.06
-74.5,14.48,31.23
-60.62,20.42,26.31
-86.07,2.13,46.01
-68.37,19.41,19.84
-46.28,38.93,28.41
-65.98,26.21,22.36
-71.47,19.63,22.15
-20.0,50.11,38.27
-80.19,22.27,40.3
-61.44,52.59,233.12
-69.79,22.33,19.89
-61.38,51.51,49.1
-44.38,133.68,12.64
-62.68,54.15,10.21
-83.09,4.69,110.15
-66.86,82.94,11.43
-78.79,4.82,38.7
-66.87,15.45,57.38
-68.69,13.66,500.0
-95.0,5.49,26.52
-76.2,13.02,151.07
-75.8,26.84,86.72
-79.6,23.65,34.72
-77.8,8.79,49.07
-47.43,98.86,23.16
-80.86,20.45,38.03
-76.67,36.99,32.08
-62.99,27.33,20.36
-67.54,85.08,15.28
-75.08,8.03,46.92
-92.54,6.03,44.6
-66.53,106.77,7.84
-83.98,2.88,75.37
-71.56,41.55,27.77
-87.27,12.02,27.38
-88.9,4.47,35.5
-81.35,20.63,40.54
-77.04,18.67,146.94
-71.33,9.83,174.44
-76.42,29.94,34.89
-72.19,8.62,54.88
-59.04,58.11,9.19
-62.5,17.52,95.85
-86.95,9.14,36.15
-84.49,0.5,146.92
-75.87,10.55,326.43
-95.0,0.5,32.09
-80.53,8.06,71.57
-68.29,41.41,13.59
-67.01,47.47,12.79
-65.38,13.32,500.0
-81.43,8.96,25.95
-82.01,8.74,29.64
-71.15,28.95,323.89
-85.28,15.78,25.71
-84.26,33.69,20.66
-34.38,132.94,22.12
-67.04,10.66,491.92
-61.4,26.76,18.04
-73.49,5.78,500.0
-95.0,5.56,53.09
-64.57,15.98,27.81
-46.01,24.36,316.99
-78.83,13.2,24.21
-58.85,26.27,23.16
-95.0,2.64,48.22
-73.72,24.39,15.57
-66.29,88.12,12.54
-73.62,6.61,326.17
-74.53,61.89,20.41
-81.05,23.77,58.28
-72.94,30.75,14.7
-80.24,49.59,14.63
-75.48,10.1,58.86
-46.22,27.92,32.87
-52.61,75.44,41.6
-38.28,103.67,67.42
-58.38,8.65,92.96
-47.12,33.22,23.36
-57.33,16.52,315.31
-56.93,24.77,28.76
-68.47,21.91,24.25
-66.38,42.75,114.62
-64.8,32.49,22.22
-65.49,115.04,8.59
-45.56,27.34,180.68
-60.54,59.34,9.04
-68.16,70.58,14.95
-71.12,27.46,78.4
-71.78,32.79,189.83
-90.16,5.57,46.36
-60.57,29.34,13.66
-90.72,4.12,39.12
-93.58,1.5,500.0
-87.23,9.59,27.37
-94.89,12.45,23.87
-95.0,3.24,63.34
-66.31,17.58,152.7
-78.21,21.25,17.08
-63.5,92.96,9.82
-24.15,48.42,41.26
-80.24,19.34,46.17
-68.24,32.62,12.73
-80.46,40.29,18.43
-43.97,30.37,46.46
-75.3,10.22,500.0
-95.0,2.79,31.45
-93.32,20.44,25.41
-35.67,25.05,81.01
-70.5,17.79,100.81
-67.79,17.48,193.89
-60.0,10.3,190.39
-61.27,16.4,487.5
-74.34,9.79,106.54
-69.13,18.94,22.13
-47.87,106.47,3.68
-66.71,11.35,500.0
-70.26,60.51,19.41
-51.07,27.82,36.66
-95.0,0.5,260.67
-74.01,27.15,491.53
-71.38,60.77,19.36
-65.14,138.42,9.3
-71.93,60.32,29.64
-73.2,15.74,15.4
-73.09,38.91,18.06
-95.0,5.77,31.0
-85.07,1.91,342.88
-74.23,32.9,54.36
-76.86,3.4,48.04
-95.0,6.94,56.76
-71.74,39.72,38.94
-82.46,18.92,32.89
-77.61,21.31,50.44
-54.09,29.58,91.2
-95.0,5.74,500.0
-68.79,28.11,17.44
-53.58,50.8,7.43
-80.33,12.86,34.04
-75.14,33.24,45.64
-95.0,5.33,46.72
-68.35,35.97,13.96
-76.16,16.59,20.16
-69.44,16.89,487.64
-75.68,11.7,35.77
-67.12,57.6,8.24
-64.31,27.12,15.89
-63.4,48.1,18.19
-95.0,5.93,28.89
-82.32,17.78,201.04
-67.94,15.95,325.31
-75.7,22.18,20.53
-77.07,15.23,54.25
-61.87,201.47,1.0
-79.62,39.22,13.77
-34.97,486.02,3.92
-84.34,10.59,21.47
-74.76,24.36,79.53
-95.0,0.5,74.44
-90.27,2.19,39.68
-78.57,17.31,163.77
-62.89,25.29,20.94
-32.54,146.73,20.05
-66.85,15.24,323.26
-39.62,30.53,500.0
-95.0,4.4,21.76
-83.31,9.19,67.69
-81.42,5.54,55.13
-60.59,84.59,2.67
-73.96,29.21,94.05
-79.38,21.67,14.81
-63.85,144.56,9.11
-83.36,11.99,51.34
-68.02,89.3,14.82
-70.59,50.39,31.35
-70.59,25.97,139.29
-60.27,21.6,93.54
-84.02,4.9,344.43
-88.56,9.55,39.56
-74.27,12.59,21.74
-79.38,33.7,22.29
-50.45,29.62,65.66
-88.83,9.59,20.67
-68.06,83.21,13.84
-82.67,6.91,40.54
-76.49,10.98,44.33
-48.7,30.06,73.62
-68.09,34.32,96.17
-84.1,8.02,500.0
-64.56,23.85,28.14
-37.86,47.86,18.49
-40.46,105.82,48.49
-78.68,4.34,34.57
-74.75,21.57,191.99
-63.59,52.9,29.78
-77.94,10.99,29.07
-78.54,23.87,55.64
-58.52,21.11,94.85
-79.36,18.83,104.5
-80.34,20.58,89.91
-95.0,2.19,108.64
-94.11,4.02,58.16
-87.75,12.68,31.76
-80.68,1.42,500.0
-73.9,7.2,115.79
-85.89,16.77,23.54
-84.35,18.56,13.33
-74.27,9.39,43.51
-80.71,20.57,39.57
-78.02,5.84,53.81
-75.5,34.33,40.53
-86.77,0.5,41.03
-67.33,41.58,13.66
-79.75,8.35,66.35
-70.67,19.03,27.07
-92.09,3.31,45.76
-56.7,30.89,19.08
-78.16,28.56,26.32
-77.62,15.86,26.92
-54.2,14.4,65.99
-53.66,26.2,27.95
-95.0,1.77,159.21
-70.31,8.25,78.89
-62.11,21.9,153.79
-65.99,17.74,86.15
-84.36,1.15,83.18
-54.82,36.85,11.74
-73.19,59.15,13.86
-76.93,11.69,103.25
-59.11,52.8,53.06
-58.35,73.66,37.9
-70.95,13.33,59.29
-35.54,39.32,51.97
-74.2,26.84,122.59
-94.58,3.75,500.0
-85.35,10.94,70.47
-64.74,34.94,9.85
-92.17,9.13,31.54
-64.38,18.34,153.05
-74.2,22.78,15.18
-76.62,10.65,43.3
-78.57,3.15,103.0
-69.29,31.15,15.81
-51.31,27.85,29.42
-26.35,75.33,10.13
-77.59,28.45,48.41
-20.0,423.78,6.22
-57.3,68.39,45.81
-77.09,32.59,54.88
-66.87,17.0,42.26
-65.37,42.06,238.38
-62.05,22.23,44.01
-77.12,33.77,32.97
-74.52,2.61,133.31
-70.71,13.73,32.5
-69.01,117.22,9.57
-77.26,8.98,34.7
-70.16,23.95,27.75
-66.27,73.53,17.22
-64.01,18.7,152.25
-71.13,21.79,13.29
-72.42,28.0,78.36
-90.36,9.14,42.33
-67.07,15.24,43.03
-95.0,4.09,46.83
-64.95,44.55,9.55
-69.44,21.19,31.84
-63.78,15.75,90.15
-74.97,23.79,16.96
-79.23,17.34,334.44
-56.93,23.83,24.66
-81.67,19.57,500.0
-78.91,61.78,14.56
-66.61,4.34,42.18
-71.46,17.97,72.05
-61.61,35.01,9.9
-69.16,10.76,43.67
-95.0,3.07,45.69
-71.15,67.5,15.25
-71.69,41.55,24.66
-57.77,39.37,6.16
-54.06,71.48,35.36
-60.13,93.63,5.32
-72.61,36.49,26.23
-70.72,23.26,14.64
-78.54,17.83,144.23
-57.27,63.37,125.32
-70.81,43.16,33.96
-64.93,20.92,37.07
-83.92,2.07,211.94
-82.33,7.45,22.32
-64.75,28.94,500.0
-22.44,56.6,20.91
-74.57,13.19,21.02
-71.95,47.01,16.02
-65.32,11.97,38.34
-53.14,33.02,25.7
-72.06,70.8,14.48
-91.06,14.91,23.16
-81.53,9.25,24.04
-46.41,53.38,12.06
-44.44,34.06,64.98
-73.21,39.51,26.05
-74.95,21.67,19.62
-82.56,15.05,38.66
-72.5,5.21,492.19
-59.77,19.36,128.89
-70.4,24.71,500.0
-76.92,18.59,45.26
-95.0,2.51,64.55
-47.79,52.89,11.12
-95.0,5.02,77.37
-79.02,35.44,27.62
-66.91,16.77,321.09
-32.19,193.89,9.26
-68.67,8.78,35.88
-95.0,6.73,167.49
-43.21,27.94,126.05
-67.28,40.17,500.0
-49.41,45.52,13.01
-81.51,43.59,14.25
-90.94,9.94,25.66
-80.46,71.38,21.7
-78.56,58.33,16.56
-64.44,20.36,21.17
-76.1,50.17,21.3
-69.14,40.87,88.5
-70.38,39.31,46.39
-56.51,71.83,23.01
-69.22,12.05,327.99
-65.04,9.79,85.36
-66.01,36.23,43.83
-75.3,6.54,21.35
-76.24,14.57,23.38
-86.22,2.71,49.89
-57.48,81.97,24.5
-20.85,45.67,49.61
-59.0,83.66,15.82
-86.1,13.95,86.07
-84.84,13.02,36.45
-89.53,8.09,37.15
-66.43,11.19,52.07
-73.81,10.31,193.84
-60.71,24.04,131.89
-81.65,29.36,25.82
-72.59,39.85,68.12
-55.51,45.65,13.07
-59.71,20.82,41.34
-63.31,22.87,26.11
-73.1,19.23,22.71
-74.44,36.5,19.86
-95.0,0.5,29.28
-46.33,27.65,500.0
-74.47,31.36,35.17
-67.95,28.56,19.11
-41.29,42.64,20.76
-68.8,52.33,23.16
-56.99,57.31,49.08
-89.57,7.46,32.56
-69.21,30.49,62.31
-66.23,53.45,42.49
-76.69,8.98,23.43
-83.92,11.37,41.4
-61.66,87.05,6.8
-61.57,52.28,54.89
-70.03,69.0,16.21
-61.64,11.94,189.33
-95.0,3.6,31.68
-65.38,27.35,14.36
-83.42,46.23,17.38
-72.58,6.45,194.91
-72.97,31.11,77.96
-84.77,20.14,24.29
-47.68,26.0,234.69
-73.89,27.05,57.51
-72.61,67.47,15.21
-62.86,17.64,40.66
-66.52,22.48,20.74
-71.4,43.54,27.81
-68.79,22.69,33.21
-60.27,126.88,8.35
-75.18,54.02,27.5
-81.55,8.52,39.66
-72.04,9.71,133.94
-95.0,0.5,64.52
-77.87,22.72,31.18
-92.25,6.15,168.43
-86.17,8.68,19.56
-95.0,2.24,38.78
-73.75,9.02,77.8
-38.59,37.66,316.54
-74.54,45.9,21.73
-49.48,124.12,14.95
-86.56,7.55,103.53
-86.7,14.31,30.21
-44.04,28.85,125.98
-54.75,128.62,8.31
-66.04,11.41,500.0
-69.35,109.16,16.83
-53.46,101.89,17.9
-58.34,20.7,27.91
-86.96,11.27,106.11
-67.84,21.05,23.43
-77.7,32.54,46.97
-66.44,39.12,47.19
-95.0,7.66,64.18
-72.09,8.34,500.0
-60.63,24.74,28.88
-65.99,71.26,16.13
-95.0,5.49,52.85
-63.74,18.13,87.32
-63.95,65.63,6.32
-82.98,21.07,39.71
-82.86,26.66,21.44
-76.88,41.86,17.31
-87.62,18.97,21.81
-67.57,30.91,55.86
-71.8,10.96,500.0
-82.26,13.5,35.17
-76.33,16.87,18.01
-83.65,12.0,198.15
-80.66,13.63,72.34
-58.77,106.7,12.14
-80.87,9.78,30.0
-68.01,38.79,85.32
-85.02,75.43,18.56
-74.43,27.26,95.31
-76.65,9.15,497.8
-90.06,4.25,147.56
-68.75,11.53,45.72
-76.02,9.8,118.69
-65.62,34.78,11.72
-78.35,121.79,16.16
-46.85,87.07,81.98
-59.22,20.18,28.88
-71.86,10.14,37.79
-71.29,39.57,11.19
-89.89,4.06,34.29
-70.5,48.66,25.31
-93.78,1.02,116.43
-54.17,22.3,33.8
-95.0,6.18,30.53
-92.74,2.57,52.29
-81.79,3.13,96.71
-55.35,259.21,9.11
-49.3,109.29,14.35
-68.95,8.6,38.99
-72.64,55.98,23.88
-88.04,5.44,23.07
-61.27,103.6,10.48
-71.7,32.23,85.87
-72.61,13.07,28.22
-38.09,133.24,11.45
-34.78,84.37,7.32
-61.84,30.39,33.97
-64.73,16.99,86.2
-77.9,9.15,38.72
-66.07,19.08,33.76
-63.01,25.6,16.41
-42.05,70.42,44.46
-39.26,52.01,9.24
-73.29,32.91,18.14
-72.02,18.96,29.77
-89.54,1.44,500.0
-76.33,4.88,118.57
-95.0,7.05,42.41
-95.0,7.36,23.78
-28.78,102.63,39.26
-66.22,39.33,83.21
-81.33,4.42,24.78
-66.73,45.79,10.73
-68.56,15.62,500.0
-95.0,10.97,500.0
-58.45,31.87,21.19
-65.88,7.66,125.55
-50.05,25.66,53.2
-95.0,2.99,37.2
-66.45,101.22,16.55
-81.5,31.78,23.68
-71.31,15.12,32.4
-83.83,0.5,262.57
-59.96,22.09,24.08
-79.6,11.64,72.3
-73.6,16.45,24.59
-95.0,3.4,42.07
-55.93,36.41,15.31
-89.16,0.5,21.55
-69.14,8.15,65.52
-25.67,45.84,34.23
-72.0,20.92,21.47
-62.39,15.7,72.69
-35.45,276.45,7.17
-71.52,14.51,34.99
-79.71,1.97,108.08
-60.52,33.05,17.44
-73.09,5.62,81.58
-37.83,49.34,20.4
-67.49,10.48,62.4
-90.48,6.93,78.78
-78.93,39.56,32.59
-69.26,7.07,236.87
-70.7,8.16,240.89
-73.3,33.97,16.37
-92.48,11.17,21.37
-80.67,11.9,32.59
-66.86,47.92,30.61
-57.27,138.97,11.62
-84.22,5.01,327.58
-82.78,3.2,41.51
-75.43,27.72,14.47
-95.0,4.4,39.3
-61.58,36.17,8.29
-72.99,26.53,16.21
-58.87,39.96,12.08
-83.74,7.36,35.28
-93.42,3.54,104.35
-67.27,49.51,31.55
-78.92,5.2,118.6
-69.96,9.22,34.86
-69.24,20.24,15.96
-50.4,66.84,9.14
-62.4,155.92,8.47
-91.58,8.06,45.98
-51.8,31.12,20.11
-68.04,15.76,62.15
-55.41,22.32,500.0
-58.35,68.25,51.19
-75.01,7.23,34.94
-70.01,9.85,45.13
-64.31,45.04,9.5
-75.64,11.02,38.87
-20.83,257.62,6.18
-95.0,0.99,34.07
-62.14,25.44,18.79
-74.77,11.91,83.98
-81.98,8.93,122.42
-56.49,35.8,15.83
-70.86,12.9,35.17
-90.79,9.88,64.9
-87.74,12.62,49.69
-54.92,23.74,480.01
-89.12,3.99,49.39
-69.79,80.08,12.46
-78.36,7.15,159.71
-38.27,98.62,180.83
-82.54,7.45,52.84
-64.74,93.41,6.12
-95.0,7.93,38.51
-81.67,20.03,18.19
-72.59,26.16,194.49
-63.96,85.61,15.97
-69.47,60.7,21.26
-64.31,71.28,6.99
-74.13,12.24,34.29
-90.88,7.15,57.27
-71.62,108.17,13.26
-39.52,61.9,9.65
-75.49,30.8,18.0
-52.97,73.66,43.29
-95.0,10.55,19.49
-70.91,41.03,7.61
-95.0,4.9,42.96
-83.52,4.79,52.43
-69.65,15.16,26.33
-69.37,22.44,17.91
-67.26,76.28,11.82
-80.11,18.43,51.31
-63.88,75.62,14.31
-70.78,14.77,34.37
-58.34,114.97,9.12
-20.0,51.7,37.34
-48.66,98.45,24.46
-45.24,59.15,12.34
-72.54,15.04,39.21
-48.63,28.75,39.03
-64.38,39.96,100.11
-77.27,18.68,24.88
-72.87,11.74,46.28
-78.6,22.91,18.38
-65.22,107.15,6.57
-94.56,1.97,206.04
-70.95,40.96,35.73
-20.0,78.78,13.56
-39.73,38.72,24.53
-81.62,7.94,23.63
-95.0,0.71,44.69
-84.0,11.95,59.49
-78.4,38.72,21.2
-71.05,15.88,35.99
-84.31,3.94,49.29
-65.85,12.02,46.22
-76.73,30.8,39.18
-69.59,17.61,37.78
-54.43,45.34,10.21
-80.22,3.02,46.57
-95.0,3.9,33.38
-79.74,26.32,23.95
-78.39,26.03,71.13
-27.89,29.87,123.72
-55.32,57.15,185.46
-71.69,27.15,15.25
-69.84,10.29,31.79
-81.92,23.25,35.87
-71.62,10.26,119.95
-74.67,9.69,193.74
-94.02,0.5,49.34
-89.94,1.46,500.0
-88.57,13.34,47.64
-78.77,29.95,34.41
-82.12,24.08,27.87
-50.99,13.45,106.5
-77.33,27.35,168.19
-88.43,10.17,58.13
-40.7,38.68,46.43
-62.26,20.3,37.73
-71.23,6.98,94.56
-68.76,14.86,120.21
-56.49,54.02,3.86
-75.1,39.35,27.42
-47.69,99.99,27.62
-93.09,0.99,500.0
-86.49,8.41,68.8
-70.94,20.17,23.79
-76.23,8.18,47.5
-84.78,2.25,86.54
-78.21,18.23,500.0
-52.78,35.08,20.99
-47.66,96.68,17.13
-95.0,6.5,33.97
-62.27,23.04,37.59
-48.7,37.67,26.83
-55.6,25.02,229.51
-89.46,13.67,22.84
-71.97,31.69,36.29
-56.6,22.53,37.07
-78.51,22.46,84.94
-58.71,135.91,3.37
-86.69,2.59,203.4
-36.43,54.7,9.97
-35.25,85.59,34.32
-27.2,206.5,7.47
-81.9,30.89,19.96
-54.94,23.6,35.79
-63.8,13.85,96.59
-64.84,24.55,17.04
-68.46,10.32,317.52
-52.58,102.53,17.09
-90.49,4.28,47.4
-77.06,163.54,12.06
-69.34,67.57,15.89
-55.01,26.74,57.03
-66.03,97.57,12.63
-94.8,3.7,500.0
-68.91,28.28,16.96
-84.99,12.51,19.17
-69.71,11.85,500.0
-76.75,4.72,42.59
-81.94,2.86,145.23
-82.9,3.35,51.73
-95.0,4.68,37.81
-83.55,42.11,18.54
-75.41,22.03,22.72
-56.99,30.99,18.15
-71.26,10.2,112.71
-81.88,18.57,42.4
-61.33,27.52,17.02
-58.67,32.65,14.21
-67.55,35.4,500.0
-57.61,60.64,183.21
-72.12,36.83,69.32
-67.2,38.46,42.36
-95.0,8.01,28.68
-53.72,26.16,54.07
-65.72,12.66,182.15
-81.11,10.59,56.81
-76.58,14.03,28.11
-45.17,66.75,12.19
-46.06,24.62,44.7
-82.65,22.13,31.31
-82.58,70.15,14.63
-50.12,27.75,25.37
-83.28,13.47,51.41
-60.25,183.92,7.66
-65.47,73.02,13.82
-71.78,33.61,82.85
-70.78,31.71,12.54
-57.57,69.22,43.64
-54.72,21.14,33.24
-73.57,12.56,44.62
-53.93,33.57,24.45
-53.55,104.05,11.92
-68.76,12.56,50.48
-55.91,173.6,2.85
-67.73,20.55,24.97
-83.84,3.81,78.79
-71.81,9.04,207.14
-68.46,9.73,45.47
-71.82,4.19,115.12
-83.98,9.78,19.85
-42.4,178.67,9.48
-91.84,0.5,103.29
-85.81,27.82,20.67
-60.36,35.74,11.16
-71.86,13.05,35.12
-47.57,96.52,30.61
-81.25,14.02,95.24
-59.31,21.38,235.75
-95.0,0.5,500.0
-75.25,73.03,12.4
-73.43,6.03,500.0
-71.79,42.83,39.3
-74.39,2.53,68.55
-53.19,86.09,1.89
-68.56,32.85,13.73
-42.87,31.26,36.79
-52.27,130.62,15.32
-54.67,68.94,29.56
-70.82,42.94,57.18
-72.3,12.36,20.78
-66.53,15.03,28.75
-72.12,10.9,25.82
-58.29,168.72,10.53
-83.4,8.24,25.08
-67.89,95.89,15.75
-64.36,54.09,22.69
-57.79,19.72,237.63
-95.0,4.43,67.12
-55.04,51.69,9.68
-78.95,10.46,500.0
-61.87,74.66,19.04
-76.53,22.47,194.98
-55.14,68.43,87.14
-59.92,29.84,18.75
-56.97,19.24,500.0
-44.01,138.91,5.36
-71.55,26.63,30.13
-64.52,16.67,26.72
-72.67,13.01,500.0
-61.04,14.19,90.84
-69.5,9.74,113.49
-95.0,0.5,39.68
-95.0,4.4,175.04
-86.78,1.18,89.15
-70.12,32.5,121.59
-95.0,2.45,81.62
-95.0,3.06,200.7
-86.69,13.1,54.81
-70.55,46.86,13.84
-87.41,10.91,43.55
-77.51,26.21,39.11
-61.61,22.77,43.12
-63.09,15.82,34.72
-69.51,16.89,35.92
-67.22,8.47,500.0
-33.39,44.88,20.22
-92.17,2.72,107.44
-82.63,25.77,33.41
-56.27,50.67,184.91
-67.56,21.33,31.82
-67.95,18.23,27.06
-82.68,17.4,37.57
-81.17,5.2,496.89
-60.94,57.32,86.18
-78.33,3.73,125.77
-85.11,0.5,52.67
-50.21,28.32,56.9
-65.11,19.84,34.45
-38.07,30.31,232.93
-87.48,7.5,51.6
-74.36,14.21,32.46
-53.92,95.27,14.33
-49.11,26.76,52.22
-54.84,26.71,25.04
-58.12,59.42,18.74
-62.25,54.31,10.28
-71.4,104.78,11.85
-64.93,27.82,18.1
-75.25,12.42,41.88
-35.77,98.69,500.0
-72.03,27.62,25.75
-66.67,12.34,58.1
-68.13,21.91,98.92
-94.67,0.5,41.78
-79.94,18.67,24.4
-63.67,22.25,55.2
-74.15,12.69,500.0
-60.13,33.32,11.99
-62.91,16.64,58.23
-85.84,13.68,38.38
-83.21,4.44,41.3
-59.37,25.68,37.39
-61.12,37.93,59.8
-83.45,11.57,38.17
-72.46,14.9,44.8
-78.64,16.65,20.8
-64.91,99.71,6.73
-59.08,17.85,81.87
-60.03,38.46,92.96
-68.72,35.07,77.19
-47.98,53.36,8.4
-80.69,8.89,56.97
-81.24,12.83,167.49
-68.2,22.83,16.52
-72.5,15.17,243.01
-47.43,75.8,484.97
-78.09,24.0,14.73
-62.5,39.12,6.36
-72.4,75.63,8.62
-95.0,6.38,43.58
-42.61,25.01,72.7
-30.54,61.56,15.22
-88.74,24.55,20.7
-85.67,0.5,69.17
-56.67,22.54,183.68
-61.88,10.96,98.54
-59.46,113.62,23.35
-76.53,19.21,57.89
-95.0,1.19,500.0
-60.81,47.69,66.87
-74.42,8.1,62.65
-69.02,31.68,500.0
-62.73,14.13,241.18
-80.17,18.95,14.48
-84.66,13.07,500.0
-42.2,25.36,182.49
-39.78,41.89,20.39
-79.88,20.24,101.22
-69.34,67.07,16.67
-66.01,21.1,32.56
-95.0,2.27,500.0
-28.34,92.57,322.9
-77.88,12.4,35.95
-71.87,10.23,34.99
-27.16,39.57,39.32
-62.13,117.77,4.08
-72.21,18.47,16.3
-69.08,18.97,36.5
-83.79,7.43,500.0
-85.9,11.32,121.28
-44.24,117.58,20.67
-45.45,80.83,2.01
-81.36,2.05,40.92
-81.27,5.11,500.0
-95.0,4.91,21.78
-62.3,22.26,25.73
-57.47,120.32,10.25
-79.38,14.8,34.23
-55.67,142.83,1.08
-84.16,44.0,16.54
-82.58,7.54,76.97
-81.15,1.89,74.13
-95.0,3.17,59.87
-77.55,15.55,29.72
-35.47,73.18,9.23
-80.35,1.88,25.56
-70.83,33.44,500.0
-32.24,104.45,44.13
-84.76,3.77,38.75
-71.42,10.9,36.33
-74.18,28.07,159.05
-70.3,17.62,129.45
-91.14,2.26,78.8
-86.76,6.27,44.62
-79.14,14.73,21.37
-95.0,0.5,106.37
-77.79,11.96,29.86
-65.13,42.44,6.24
-65.36,261.2,12.97
-55.01,24.32,50.53
-72.74,6.83,48.74
-73.12,13.11,31.4
-82.44,106.25,16.82
-59.25,63.68,7.59
-69.34,18.74,17.18
-83.76,6.02,49.19
-95.0,6.41,80.22
-92.14,8.14,36.17
-78.76,21.66,20.09
-79.56,12.88,63.58
-78.35,14.53,16.24
-91.95,2.69,60.24
-67.88,38.88,39.78
-78.74,1.62,55.0
-66.6,23.25,25.23
-54.54,129.23,9.47
-44.79,192.33,4.34
-63.94,64.59,28.72
-65.48,40.72,8.15
-64.0,41.76,11.86
-70.93,13.81,26.47
-70.23,19.18,25.53
-70.14,83.46,12.49
-55.14,20.79,113.73
-52.07,16.16,125.62
-94.81,4.02,56.68
-63.65,21.28,24.72
-50.17,75.47,314.65
-74.45,26.09,18.35
-85.26,20.13,29.17
-67.1,49.04,30.69
-66.29,47.07,45.73
-78.0,0.5,500.0
-68.33,52.06,26.0
-95.0,0.5,76.97
-77.37,9.24,102.89
-65.71,17.53,70.38
-64.9,32.53,16.27
-95.0,0.5,47.44
-80.81,2.47,51.48
-71.29,45.92,28.74
-62.03,42.94,40.54
-95.0,2.64,57.37
-85.92,2.77,39.89
-25.53,50.52,18.03
-79.57,5.8,93.92
-89.9,9.57,500.0
-76.0,33.96,39.49
-73.36,28.0,327.86
-87.29,6.19,56.59
-95.0,4.83,39.06
-76.42,42.37,20.84
-78.4,17.4,55.18
-86.63,9.69,54.81
-34.32,38.17,46.38
-53.49,53.36,4.09
-75.01,48.68,15.25
-57.09,62.7,108.6
-82.07,5.66,500.0
-71.02,16.6,133.12
-83.8,24.63,22.73
-86.03,13.12,26.93
-59.22,65.1,81.7
-57.56,16.94,190.56
-73.36,32.13,9.54
-75.37,87.94,13.62
-87.74,3.53,44.56
-53.77,50.97,7.75
-88.95,10.09,54.63
-74.9,45.14,21.22
-83.5,20.87,33.25
-64.4,35.83,10.34
-95.0,4.96,335.15
-69.09,13.23,67.69
-67.31,9.43,43.47
-60.84,164.64,19.78
-61.08,11.04,51.9
-88.2,39.55,18.69
-84.1,8.63,35.85
-76.7,19.72,27.04
-84.12,22.07,26.29
-47.7,33.83,23.67
-71.92,15.05,36.38
-88.14,14.94,32.05
-71.26,24.84,16.89
-86.99,0.5,41.85
-95.0,5.82,500.0
-65.38,15.72,153.57
-95.0,5.43,28.57
-63.42,23.49,27.09
-66.98,32.19,12.67
-65.59,14.67,116.98
-58.31,22.93,24.01
-95.0,3.08,49.14
-57.46,22.87,66.09
-84.11,5.24,32.97
-68.33,47.29,36.74
-76.36,15.43,25.59
-69.94,16.48,193.84
-66.98,18.05,82.58
-95.0,3.7,62.41
-52.48,32.01,93.34
-55.16,31.0,20.3
-71.24,7.67,157.06
-95.0,6.87,46.99
-91.64,1.27,68.44
-45.91,28.68,80.05
-62.23,38.52,48.73
-53.9,184.79,6.74
-60.66,62.93,28.69
-50.69,26.89,45.88
-72.73,8.44,94.75
-78.49,10.06,110.67
-84.82,13.45,55.29
-53.73,72.96,2.85
-87.08,16.39,30.43
-66.9,10.92,486.95
-78.65,12.61,22.3
-52.98,19.92,51.48
-60.73,69.28,21.88
-76.22,9.51,91.62
-62.15,53.14,82.88
-82.22,15.54,330.83
-72.95,81.07,9.6
-91.26,6.82,38.16
-56.16,36.53,13.22
-71.53,41.87,33.55
-60.17,61.49,50.25
-83.42,10.46,22.55
-87.97,0.5,73.19
-82.12,6.06,327.96
-76.17,38.09,26.86
-85.92,12.41,50.51
-90.13,8.47,30.88
-69.97,20.88,25.56
-87.53,8.77,37.8
-64.3,19.46,36.04
-68.92,50.9,25.91
-52.11,39.19,11.13
-69.68,35.42,37.35
-78.23,36.29,25.57
-61.07,16.11,51.11
-63.87,43.99,7.63
-73.79,66.62,12.57
-57.84,92.58,20.23
-70.28,11.44,102.46
-88.67,2.72,203.14
-41.62,40.1,20.55
-46.43,25.91,500.0
-79.06,25.5,29.04
-95.0,2.22,45.93
-87.0,8.57,72.51
-20.0,171.2,23.63
-95.0,10.36,25.32
-77.67,110.68,15.06
-52.58,102.92,17.57
-54.77,48.89,7.58
-64.58,25.2,38.06
-73.82,6.61,39.64
-58.89,46.97,129.59
-44.52,397.13,3.16
-84.91,5.87,43.05
-73.21,25.05,193.85
-67.15,53.8,26.26
-67.41,13.62,27.65
-65.36,304.06,7.01
-66.3,12.34,27.65
-47.56,26.8,236.71
-71.49,8.53,500.0
-78.92,15.43,59.39
-78.15,26.39,105.78
-73.64,33.97,67.77
-75.32,47.32,24.71
-47.84,37.71,22.34
-55.41,78.64,4.74
-70.73,14.12,239.7
-82.2,10.4,66.54
-63.07,51.47,97.66
-73.22,12.31,40.87
-58.87,52.44,5.74
-73.23,17.82,30.27
-65.7,39.01,69.15
-68.85,24.91,20.76
-61.77,17.22,69.27
-76.16,13.0,27.42
-55.6,35.11,12.67
-95.0,3.31,29.74
-64.78,68.12,25.19
-90.53,7.03,128.39
-70.89,35.59,58.44
-52.44,22.1,482.17
-67.09,128.75,6.5
-87.39,16.08,34.42
-86.14,2.79,177.3
-68.56,21.93,33.36
-74.22,18.43,28.24
-50.52,47.62,12.53
-70.03,62.73,12.01
-47.06,51.75,9.5
-62.06,35.24,8.85
-44.74,76.49,29.49
-71.89,3.89,201.39
-82.26,16.39,75.14
-68.56,15.08,59.49
-67.35,28.24,7.88
-82.1,18.02,76.61
-77.06,113.09,14.4
-95.0,8.01,27.46
-68.62,52.53,21.66
-77.48,11.71,52.81
-49.67,24.49,500.0
-82.87,15.1,137.04
-63.82,23.82,19.52
-52.92,81.94,5.27
-68.12,56.67,19.12
-85.13,3.65,39.21
-46.7,24.29,500.0
-74.85,14.1,33.01
-34.14,32.27,500.0
-67.99,14.18,50.49
-73.11,22.47,495.42
-88.99,10.77,70.72
-77.89,5.91,110.76
-72.9,31.08,122.14
-77.59,10.09,50.03
-71.86,23.25,26.47
-95.0,0.5,54.36
-24.63,28.92,79.02
-70.96,23.93,42.98
-55.02,30.31,21.56
-66.6,37.57,44.39
-82.42,9.88,55.09
-87.29,3.97,50.25
-85.99,20.75,23.62
-85.79,0.5,198.78
-68.49,16.05,26.35
-70.95,15.63,32.79
-68.31,67.13,10.14
-77.67,10.47,50.59
-53.06,27.79,26.55
-74.33,10.28,70.96
-95.0,1.13,35.77
-69.43,13.31,41.74
-32.38,95.52,78.63
-39.79,35.87,27.94
-85.42,8.43,31.54
-84.44,14.02,30.7
-73.43,6.68,76.61
-65.21,19.12,153.06
-55.85,14.01,102.45
-61.93,89.92,10.69
-74.16,22.63,22.92
-77.36,22.23,56.78
-83.07,11.02,36.4
-72.69,5.27,49.79
-95.0,0.5,40.5
-71.89,35.0,156.38
-43.58,36.82,28.78
-76.28,24.5,14.2
-68.28,46.06,99.9
-83.9,0.5,52.49
-65.55,15.3,62.0
-85.7,13.5,64.77
-64.43,22.36,50.48
-59.77,47.85,6.64
-77.89,3.82,38.44
-81.28,3.27,94.05
-87.2,5.41,31.24
-73.46,12.0,37.97
-78.35,13.29,20.02
-71.67,51.38,19.72
-58.7,48.74,52.08
-76.39,6.87,66.55
-56.36,95.69,16.0
-61.2,16.16,88.94
-66.66,18.62,20.64
-75.06,16.25,33.95
-91.36,0.5,113.78
-63.17,19.96,60.61
-84.13,21.34,29.82
-83.86,7.38,96.8
-38.32,56.72,10.48
-84.35,3.29,35.22
-65.63,18.76,27.47
-55.9,22.75,24.49
-64.69,120.82,11.85
-90.67,0.69,29.54
-76.14,32.93,32.79
-59.23,64.37,40.56
-79.74,14.28,17.52
-69.85,11.86,61.92
-86.36,9.48,200.89
-72.56,45.85,14.94
-76.23,0.82,43.56
-75.45,15.36,30.14
-65.22,28.38,12.31
-76.08,5.29,150.01
-67.12,19.8,28.46
-87.32,6.01,251.89
-81.21,8.53,24.74
-57.86,21.5,90.58
-80.85,8.66,23.98
-71.3,14.71,83.44
-67.64,9.74,107.15
-64.68,48.28,131.73
-71.98,60.11,20.13
-48.56,91.73,23.05
-92.28,5.51,40.9
-64.75,43.52,315.98
-55.74,62.73,127.35
-79.16,35.47,27.18
-62.18,64.33,22.57
-58.81,27.87,37.68
-56.79,18.54,500.0
-82.15,10.86,500.0
-78.6,11.56,21.07
-90.17,6.1,32.44
-73.38,13.19,327.2
-64.98,10.66,89.96
-74.32,41.32,23.99
-66.99,14.26,37.25
-70.66,50.28,28.3
-80.9,18.46,161.54
-68.61,12.11,85.86
-85.19,14.39,23.04
-64.05,43.91,18.26
-64.13,29.63,10.35
-95.0,0.5,45.97
-83.91,12.28,144.49
-75.5,15.2,23.69
-86.81,9.33,48.67
-76.67,28.48,28.8
-44.46,27.39,48.97
-75.5,13.89,46.02
-46.53,37.13,18.93
-52.65,69.07,107.46
-50.27,19.74,128.74
-77.37,9.62,78.13
-65.42,27.37,110.05
-68.79,24.97,21.87
-88.66,10.32,42.41
-64.1,21.41,17.54
-50.89,29.44,25.12
-53.9,44.07,11.43
-42.36,55.12,8.67
-41.15,90.92,3.52
-94.11,0.5,150.87
-39.0,28.44,126.61
-80.66,2.96,72.86
-67.86,12.58,101.02
-74.22,31.54,195.05
-62.69,26.13,30.16
-69.25,48.53,26.71
-93.62,9.3,38.3
-55.14,24.84,318.16
-66.42,18.55,69.23
-79.85,14.51,22.41
-93.44,6.13,27.37
-71.32,21.71,26.83
-95.0,0.5,35.08
-64.08,44.89,44.91
-83.95,7.4,25.95
-77.9,11.17,41.57
-59.62,28.33,9.87
-82.68,2.78,58.73
-85.36,2.5,38.54
-62.35,83.76,12.83
-82.55,4.59,96.24
-68.85,16.9,18.63
-88.37,0.55,33.5
-95.0,1.8,86.3
-51.79,29.5,21.13
-79.23,12.62,40.92
-95.0,8.5,40.86
-60.57,13.88,231.64
-78.19,36.47,24.49
-56.29,56.39,17.97
-88.94,1.06,44.03
-65.44,98.97,7.61
-59.63,24.6,76.36
-78.03,19.55,23.56
-20.49,431.99,1.99
-61.72,17.27,148.36
-88.14,0.87,38.74
-71.77,14.82,49.16
-85.12,0.5,54.77
-57.12,20.88,232.87
-66.32,60.92,25.14
-85.67,6.73,27.52
-76.77,8.22,48.61
-45.47,68.07,500.0
-95.0,1.84,34.47
-89.69,11.33,32.79
-51.52,29.47,127.24
-37.93,72.04,4.92
-85.76,6.84,28.02
-61.2,68.61,29.18
-91.04,3.2,27.12
-56.46,10.32,125.19
-67.35,17.57,35.44
-83.76,0.5,38.73
-55.49,18.92,103.79
-68.54,32.43,10.05
-84.8,0.5,42.74
-95.0,9.32,26.23
-74.8,29.39,63.63
-63.53,91.58,14.36
-79.28,4.92,31.39
-95.0,9.93,32.28
-73.15,3.4,335.38
-58.34,27.89,38.02
-74.9,8.6,95.16
-51.58,27.08,27.86
-63.28,74.34,20.05
-83.62,4.43,76.16
-54.28,90.48,22.74
-35.61,40.97,20.73
-84.92,9.88,46.59
-57.08,24.45,40.59
-68.27,17.22,28.93
-83.91,2.62,63.75
-51.75,93.64,4.04
-74.69,165.41,14.05
-90.22,38.8,19.14
-63.72,60.86,31.17
-80.56,14.03,199.27
-56.79,37.8,11.45
-69.21,19.37,27.19
-50.12,22.19,88.77
-72.62,13.44,87.87
-87.42,13.54,57.14
-65.9,36.88,10.28
-62.92,69.03,10.29
-55.22,17.47,85.05
-63.76,22.0,28.87
-65.14,43.18,12.37
-95.0,0.5,173.23
-78.08,8.03,98.3
-74.15,21.66,500.0
-35.01,106.06,85.12
-65.43,45.87,129.87
-74.72,43.12,21.53
-78.91,23.42,36.38
-71.11,9.41,42.77
-70.68,14.11,192.07
-62.94,25.34,29.85
-58.14,45.67,97.8
-86.06,7.67,77.58
-52.05,50.46,19.16
-95.0,4.33,173.67
-70.52,36.39,154.14
-68.73,21.83,17.17
-56.46,74.39,73.58
-81.18,0.5,67.38
-65.37,20.99,18.79
-55.13,89.07,18.85
-67.94,17.58,45.05
-95.0,1.44,71.56
-82.89,3.74,43.89
-55.63,24.94,37.24
-95.0,3.21,38.1
-67.95,39.76,5.43
-51.06,38.02,14.6
-60.89,175.99,8.78
-84.55,0.5,151.64
-65.78,22.68,21.06
-81.9,8.95,252.07
-54.77,55.77,6.33
-81.97,4.39,48.28
-70.92,12.8,83.75
-67.13,75.67,13.53
-85.78,6.67,28.25
-72.82,12.44,157.57
-69.91,18.69,21.66
-90.28,12.91,25.45
-95.0,1.64,105.59
-76.33,4.88,500.0
-75.61,24.54,51.81
-44.12,35.59,59.84
-87.73,10.15,263.34
-74.89,35.84,38.08
-85.74,1.14,27.31
-58.56,73.52,25.47
-72.26,14.98,64.5
-79.78,5.5,101.31
-69.55,11.79,33.47
-95.0,5.19,50.14
-84.58,2.15,500.0
-52.0,100.24,19.59
-20.0,130.73,233.66
-68.63,53.44,27.12
-95.0,3.02,88.7
-91.04,7.88,76.31
-75.59,43.82,11.18
-82.69,14.19,91.93
-55.87,36.11,11.27
-76.15,13.07,27.47
-70.66,14.74,30.58
-67.98,43.3,129.56
-82.68,10.44,89.27
-77.6,30.39,28.78
-95.0,3.72,41.14
-58.45,23.38,36.4
-58.0,161.34,8.9
-80.24,5.76,197.36
-95.0,3.05,42.68
-84.72,13.32,64.95
-86.97,6.96,125.25
-67.42,47.84,33.72
-53.01,88.62,25.65
-83.0,10.81,138.06
-61.29,23.53,24.12
-58.72,20.59,182.62
-65.31,43.02,73.68
-52.05,57.61,40.48
-54.22,130.97,13.94
-80.58,18.15,37.82
-73.23,16.0,22.74
-95.0,10.13,29.23
-70.28,147.4,14.3
-68.36,14.67,74.94
-66.79,68.96,19.22
-52.29,38.54,15.72
-59.72,20.57,247.76
-73.22,8.87,82.4
-69.54,14.7,52.86
-29.49,58.59,16.43
-70.64,26.59,326.73
-80.9,6.75,36.64
-70.58,15.25,31.75
-54.74,21.68,184.87
-88.04,8.38,70.81
-35.7,49.01,25.3
-43.62,24.5,312.97
-75.59,9.65,30.95
-70.56,27.54,13.3
-64.67,88.3,13.31
-56.6,21.01,500.0
-95.0,4.5,54.8
-42.51,204.04,4.68
-58.19,22.35,83.33
-37.93,28.58,64.46
-95.0,1.89,30.11
-95.0,6.7,22.57
-82.95,13.72,91.04
-87.9,7.49,39.4
-66.69,22.3,16.66
-84.55,10.08,24.95
-51.33,31.4,23.99
-66.73,21.79,18.26
-81.66,28.43,27.2
-79.6,7.69,37.33
-78.22,27.45,11.59
-70.49,27.98,159.86
-54.44,25.58,27.9
-82.92,83.5,20.57
-70.53,40.34,29.41
-53.71,28.78,29.32
-60.64,21.3,41.34
-58.27,108.16,8.74
-53.1,103.32,18.1
-62.5,21.81,32.38
-92.64,11.41,37.67
-82.15,6.96,75.16
-81.82,7.88,500.0
-72.89,31.42,162.81
-64.7,48.97,44.14
-53.85,112.8,9.31
-57.54,26.5,20.53
-80.66,17.33,331.73
-92.99,12.78,24.25
-66.05,14.92,500.0
-50.66,25.27,66.3
-89.06,1.49,496.88
-66.35,55.39,49.65
-61.17,32.46,13.49
-87.17,6.55,33.06
-89.44,8.78,500.0
-70.62,41.23,131.27
-84.7,14.28,24.27
-95.0,0.5,77.21
-75.44,21.02,12.77
-53.23,76.67,40.75
-85.05,5.67,500.0
-86.09,67.34,16.73
-70.35,51.86,24.73
-66.88,42.42,12.98
-75.15,23.1,20.79
-80.94,33.8,33.22
-77.46,7.31,36.88
-70.1,59.45,20.72
-65.7,14.49,52.18
-71.42,34.76,14.0
-31.32,53.03,17.6
-78.25,35.29,29.7
-55.65,24.16,49.64
-68.85,8.24,81.34
-60.18,91.66,2.41
-63.69,36.65,78.33
-69.35,16.94,89.58
-54.72,67.17,30.36
-75.33,49.52,19.34
-85.56,4.45,142.71
-78.47,13.66,27.14
-64.27,75.56,20.03
-61.25,26.91,15.71
-75.65,17.13,87.38
-64.67,51.24,97.11
-56.67,49.75,500.0
-89.36,13.02,49.13
-61.58,15.47,114.33
-70.65,37.04,500.0
-89.26,5.11,41.77
-62.74,55.42,6.22
-26.29,133.69,24.98
-82.17,4.61,500.0
-71.24,56.31,21.24
-84.2,20.39,28.26
-66.3,13.62,38.56
-92.91,0.5,496.1
-81.35,58.38,17.61
-54.86,27.56,18.52
-75.87,8.51,78.77
-92.63,6.43,76.57
-88.15,8.83,334.16
-80.15,21.11,74.86
-67.23,72.15,13.19
-82.98,7.5,28.26
-52.4,24.22,32.63
-94.46,4.52,113.12
-76.03,11.65,43.58
-80.15,6.74,26.59
-95.0,3.15,500.0
-33.73,30.22,95.53
-94.76,2.86,58.17
-51.69,62.23,37.36
-70.69,7.95,92.74
-71.7,28.35,16.21
-66.71,11.58,45.6
-60.68,174.19,11.26
-71.83,39.78,9.44
-95.0,0.5,82.6
-74.45,13.23,35.67
-63.51,21.95,109.73
-64.13,22.38,16.98
-67.28,57.99,22.43
-95.0,0.5,250.44
-65.24,14.61,43.66
-83.5,3.64,51.12
-60.37,63.47,28.82
-57.02,15.93,500.0
-65.33,51.24,112.19
-58.46,24.42,69.28
-81.15,15.64,196.25
-82.16,2.15,343.54
-67.36,11.51,85.67
-57.89,69.68,47.78
-95.0,3.74,500.0
-82.87,41.0,19.26
-70.07,73.5,13.79
-72.21,14.79,43.54
-41.71,130.05,17.12
-82.32,8.05,23.88
-74.08,28.74,21.73
-72.37,23.62,13.97
-60.45,20.91,24.35
-83.96,0.5,500.0
-65.46,211.65,7.05
-75.07,22.27,16.64
-65.46,15.33,23.0
-61.65,32.21,13.25
-73.97,100.35,18.12
-56.7,19.26,500.0
-72.91,17.59,82.64
-75.48,42.15,18.11
-87.9,8.52,59.35
-70.72,62.74,18.1
-78.86,6.54,159.48
-62.22,145.94,9.93
-65.94,59.37,29.67
-60.48,53.74,94.64
-93.41,6.17,47.23
-71.09,12.82,39.91
-74.18,15.11,27.28
-75.48,8.85,192.87
-43.71,67.66,8.72
-84.4,9.1,55.33
-37.27,43.68,31.71
-76.3,11.39,156.23
-69.79,15.6,42.94
-83.77,7.18,38.63
-40.53,29.37,62.64
-60.14,87.61,5.89
-34.69,395.56,3.22
-74.71,17.24,18.54
-92.14,1.28,73.88
-72.85,19.94,16.96
-76.29,29.44,106.73
-54.21,60.32,76.38
-72.95,33.6,13.58
-50.92,129.62,9.79
-51.53,132.76,10.94
-95.0,2.18,500.0
-83.6,8.22,35.59
-24.77,206.41,14.08
-95.0,4.24,27.75
-63.96,29.51,13.13
-62.71,33.71,17.61
-92.33,2.87,56.97
-86.24,11.09,328.17
-54.59,40.06,14.46
-81.78,9.07,41.45
-64.03,19.13,29.55
-74.63,50.77,20.9
-74.04,16.12,48.98
-84.62,5.43,29.8
-84.9,3.61,33.63
-53.97,26.47,125.41
-67.9,29.87,13.76
-87.73,19.53,24.62
-68.13,67.62,23.24
-55.01,65.59,108.48
-60.16,41.5,10.62
-58.04,21.37,61.42
-64.85,21.1,18.47
-34.24,49.39,25.49
-59.91,24.06,51.33
-66.51,41.89,113.45
-57.1,17.87,185.12
-70.38,8.45,103.88
-76.05,12.07,197.19
-62.0,41.65,500.0
-74.44,42.16,23.23
-95.0,3.17,58.14
-45.27,41.95,17.0
-85.25,7.05,27.38
-62.41,22.61,40.62
-20.0,145.23,47.05
-81.34,27.09,25.72
-61.0,20.27,49.24
-65.82,16.88,500.0
-95.0,8.96,27.0
-68.53,18.42,133.52
-64.18,131.71,5.61
-49.19,43.57,11.78
-48.61,104.97,17.84
-61.37,73.05,17.61
-62.16,47.2,70.18
-67.89,24.84,10.78
-71.01,28.47,117.8
-40.95,34.12,233.91
-66.1,21.24,34.83
-72.16,14.07,27.96
-69.52,25.4,13.27
-82.21,15.15,77.41
-82.59,11.8,95.79
-95.0,4.28,50.86
-75.48,15.43,21.57
-64.45,24.35,23.95
-44.29,50.89,11.0
-68.77,17.15,20.86
-68.21,12.59,243.21
-74.06,37.08,31.39
-74.44,60.79,16.42
-66.59,39.54,15.63
-77.7,7.67,107.48
-50.72,32.13,45.4
-77.52,14.83,40.19
-65.18,302.39,5.81
-57.93,11.89,240.12
-65.0,63.38,23.05
-68.45,13.66,494.18
-78.97,17.05,492.13
-65.17,47.53,43.24
-79.45,20.34,18.07
-77.46,33.4,32.55
-47.35,105.82,19.07
-41.74,169.9,9.51
-73.86,23.68,77.53
-89.28,11.56,48.8
-23.81,235.6,18.55
-88.77,1.77,94.75
-92.15,1.84,123.92
-51.17,56.77,21.1
-73.63,48.73,13.42
-86.18,6.23,47.46
-76.41,10.07,50.57
-84.97,12.42,250.91
-51.8,13.42,139.07
-61.87,18.17,52.61
-63.67,66.49,21.81
-95.0,0.5,49.7
-66.61,40.95,12.69
-61.54,16.12,500.0
-81.42,21.06,37.88
-80.03,29.05,35.38
-84.54,12.67,35.47
-87.27,4.02,500.0
-60.18,23.04,32.05
-56.85,76.15,18.89
-69.47,4.88,329.17
-60.86,21.66,29.88
-75.34,58.39,18.24
-84.05,18.02,40.89
-71.11,33.5,107.74
-87.67,10.09,55.54
-79.89,9.3,42.95
-63.29,23.94,126.13
-68.0,9.97,500.0
-74.1,10.41,36.32
-91.35,4.06,55.65
-84.7,8.8,327.84
-93.58,2.47,62.63
-95.0,0.6,32.61
-61.97,48.54,315.18
-95.0,5.32,337.99
-62.74,46.28,81.28
-81.49,7.21,23.64
-74.07,14.67,102.48
-48.47,68.01,76.44
-62.51,14.86,112.0
-78.08,32.52,32.63
-78.25,50.67,18.96
-66.53,14.98,23.89
-89.29,0.5,113.39
-44.59,80.25,6.82
-79.86,4.26,106.0
-73.55,143.5,10.5
-87.8,4.41,107.76
-58.84,57.61,82.15
-58.96,67.7,20.64
-49.82,42.78,12.0
-65.07,11.36,500.0
-64.95,13.77,500.0
-78.46,14.66,23.07
-79.15,25.79,41.32
-64.32,104.39,9.94
-67.16,11.74,132.1
-78.17,5.48,74.63
-60.17,16.85,113.43
-72.99,32.59,46.55
-29.14,98.37,130.61
-55.08,127.61,7.88
-66.3,100.78,6.38
-95.0,4.55,500.0
-67.1,23.87,21.07
-73.57,13.52,50.32
-77.49,1.58,52.91
-89.36,4.26,54.44
-79.64,48.86,30.52
-52.44,41.63,14.72
-84.78,44.5,17.96
-69.43,30.4,14.72
-76.05,25.97,71.64
-83.22,30.09,22.23
-95.0,1.74,38.69
-77.24,8.81,60.29
-79.18,61.53,14.58
-70.24,12.18,44.27
-70.53,10.74,115.27
-46.73,29.05,75.26
-95.0,5.07,30.31
-71.79,34.08,489.62
-57.7,37.34,500.0
-80.99,17.51,331.71
-74.74,8.52,36.31
-76.07,38.11,28.48
-54.79,20.16,57.64
-78.54,5.68,35.69
-73.31,15.63,48.6
-72.74,10.47,30.5
-59.11,23.58,27.21
-75.29,10.97,239.3
-95.0,0.5,30.35
-90.43,13.51,25.15
-79.34,14.27,21.52
-47.92,26.05,67.91
-57.83,147.56,8.47
-62.66,140.55,12.12
-59.73,95.46,15.04
-76.21,54.03,20.45
-95.0,3.16,38.47
-86.89,7.59,250.32
-75.74,13.7,17.65
-67.13,12.34,130.92
-65.35,67.59,18.48
-80.64,15.56,39.92
-73.99,48.26,24.14
-87.76,2.69,34.55
-82.77,2.3,95.77
-52.72,13.73,496.83
-93.91,4.99,35.84
-68.05,77.0,15.05
-61.23,117.87,4.3
-64.67,63.03,18.36
-95.0,0.99,186.69
-88.06,1.89,500.0
-95.0,0.5,340.5
-21.03,85.22,13.51
-81.27,2.5,330.89
-66.01,40.13,37.63
-66.0,16.24,45.02
-43.43,56.8,97.72
-79.87,11.6,31.11
-84.4,7.71,88.61
-77.62,4.44,32.71
-58.79,18.62,35.06
-67.8,19.89,37.86
-82.74,18.86,18.85
-95.0,0.5,65.35
-88.94,0.5,39.44
-59.55,28.11,13.49
-90.02,6.78,500.0
-75.15,23.66,21.08
-71.92,31.16,120.6
-67.47,100.12,12.69
-45.89,30.22,33.95
-82.43,9.47,119.33
-85.54,62.39,24.52
-65.61,14.37,50.69
-40.79,42.68,40.58
-55.23,193.35,4.14
-71.66,226.81,12.13
-70.86,12.65,23.71
-85.19,12.43,263.0
-92.3,5.06,500.0
-51.4,24.83,21.46
-66.56,17.49,46.75
-46.47,27.12,95.12
-88.63,10.85,32.03
-73.11,27.78,242.95
-77.84,11.65,51.73
-61.25,23.05,21.43
-71.32,91.42,12.03
-70.08,16.3,21.39
-90.52,4.74,125.6
-83.21,9.5,74.49
-62.17,56.13,500.0
-83.1,6.88,49.8
-67.31,32.23,15.78
-81.06,56.44,22.87
-80.81,17.49,41.98
-46.65,31.02,93.45
-67.02,20.03,33.95
-56.03,98.43,11.46
-50.44,26.47,25.53
-65.73,44.09,485.9
-82.74,17.55,40.08
-63.8,18.21,51.18
-47.77,42.75,12.82
-95.0,5.43,116.11
-72.78,15.94,24.12
-78.46,2.71,259.99
-66.72,35.93,12.8
-81.81,6.66,30.76
-74.62,24.65,22.22
-64.37,51.76,67.1
-78.78,15.77,35.11
-62.89,28.76,12.61
-72.84,9.99,27.61
-70.6,29.88,500.0
-77.48,15.23,55.88
-95.0,1.72,61.68
-76.67,7.78,138.53
-45.86,61.46,19.26
-41.77,35.56,30.2
-63.53,35.13,10.19
-86.14,13.25,35.91
-78.35,39.12,25.39
-76.08,23.53,36.57
-54.17,39.1,10.16
-59.39,18.77,29.48
-69.1,46.44,51.47
-47.11,23.58,49.18
-60.14,15.05,483.29
-76.2,15.15,99.48
-79.87,9.98,20.66
-63.22,75.83,16.15
-67.32,8.85,500.0
-57.88,138.93,5.31
-77.63,2.62,37.55
-95.0,0.5,37.84
-54.0,24.35,39.97
-79.22,23.07,32.25
-54.26,81.39,33.89
-61.01,23.8,26.26
-55.19,36.59,15.01
-65.2,68.1,17.99
-75.17,15.53,25.91
-57.21,21.36,314.05
-85.52,36.88,19.19
-73.72,60.09,12.96
-67.21,19.31,28.28
-44.11,30.49,49.72
-22.05,115.78,34.47
-58.94,17.0,186.15
-64.0,65.45,8.8
-47.72,54.53,10.9
-55.92,70.1,4.77
-55.67,61.25,53.0
-69.22,11.52,86.89
-70.05,20.56,24.27
-37.16,60.19,11.99
-85.51,20.48,26.32
-70.11,55.95,9.66
-72.29,6.57,44.61
-90.77,8.19,60.83
-70.13,20.57,27.46
-95.0,0.5,174.39
-74.12,11.24,31.3
-78.96,33.01,22.23
-76.12,6.15,84.6
-84.53,13.25,53.22
-75.89,19.64,163.53
-95.0,0.5,44.13
-70.16,33.1,25.66
-77.22,9.68,30.74
-68.69,25.52,16.31
-60.18,32.38,330.78
-51.73,118.13,2.34
-36.86,45.11,37.27
-46.8,33.77,43.77
-80.53,5.79,46.74
-67.87,47.54,56.15
-69.94,210.46,11.14
-62.89,169.12,8.88
-33.55,162.29,16.4
-58.24,60.54,33.44
-89.09,7.17,83.66
-59.39,61.76,30.54
-63.56,15.56,114.21
-52.53,87.53,36.62
-75.39,72.43,11.23
-57.06,63.47,153.34
-64.93,15.0,59.92
-70.81,22.27,19.59
-42.13,93.18,93.75
-62.43,17.69,142.62
-67.67,15.57,101.97
-95.0,0.5,75.74
-58.27,57.4,67.16
-61.89,57.55,58.52
-57.9,15.67,484.09
-87.53,9.42,51.69
-68.68,62.32,17.88
-45.19,24.44,80.82
-93.88,0.56,205.92
-75.44,26.99,489.99
-55.49,39.2,10.41
-59.59,24.46,36.58
-82.88,18.58,30.85
-63.02,22.9,26.18
-95.0,0.5,44.5
-80.09,19.89,64.07
-63.03,36.64,76.56
-78.05,26.58,36.69
-69.45,5.54,126.62
-82.0,48.28,19.35
-95.0,0.5,42.47
-80.53,7.89,27.4
-59.47,37.11,9.77
-62.98,17.86,153.66
-46.29,20.64,489.04
-81.18,7.54,46.91
-55.98,19.14,500.0
-93.83,0.5,75.99
-89.92,19.12,19.81
-65.62,45.89,43.84
-68.68,28.35,13.82
-95.0,4.15,27.84
-76.97,25.26,101.58
-71.65,31.42,10.11
-75.67,54.84,15.52
-92.71,3.5,110.45
-95.0,2.96,171.03
-39.19,40.02,23.69
-74.37,31.18,67.83
-92.79,5.46,47.08
-66.66,12.62,43.59
-44.0,85.11,27.93
-64.02,14.55,125.84
-80.63,20.72,50.16
-79.88,9.1,110.34
-51.19,26.26,51.06
-49.69,30.71,30.27
-83.61,6.49,56.3
-69.66,18.18,27.68
-83.71,9.52,46.21
-37.64,55.66,13.59
-74.64,27.48,28.06
-57.15,25.16,30.25
-66.24,16.16,46.58
-92.6,0.5,252.56
-69.17,43.93,23.93
-87.75,7.95,16.2
-75.92,10.02,31.32
-82.6,32.74,23.54
-62.27,26.65,33.71
-61.41,32.35,11.27
-73.8,80.86,16.09
-73.05,32.98,492.3
-76.83,12.01,34.12
-72.7,41.63,29.25
-61.02,55.59,59.33
-77.94,13.05,79.35
-78.83,5.21,328.78
-83.46,19.42,32.74
-78.66,23.41,34.9
-37.49,134.92,5.89
-53.98,72.16,58.81
-92.84,7.87,29.73
-54.62,29.83,23.73
-92.99,2.27,499.28
-52.17,27.51,23.37
-59.09,34.17,20.52
-68.44,17.39,30.74
-86.8,19.12,47.98
-82.5,17.14,35.93
-68.49,17.73,26.53
-60.2,53.55,5.23
-79.7,32.97,23.34
-76.91,12.09,29.16
-91.38,5.62,43.03
-82.29,8.47,34.9
-57.07,23.06,27.06
-56.22,25.88,33.51
-65.89,18.49,24.18
-81.96,18.52,78.4
-68.71,16.67,45.47
-67.83,15.42,43.36
-90.09,16.27,31.04
-59.31,59.94,43.5
-74.11,17.98,500.0
-67.26,52.94,33.25
-44.41,68.15,41.2
-89.5,6.23,131.73
-63.69,20.7,36.27
-67.25,20.32,28.46
-72.01,31.94,15.02
-86.49,16.13,21.78
-77.97,9.86,33.35
-41.42,38.44,51.5
-88.62,0.5,500.0
-69.1,18.06,31.52
-67.25,20.93,20.32
-73.78,7.55,69.96
-86.39,6.52,196.91
-66.77,143.14,16.05
-95.0,0.5,80.52
-67.65,37.31,132.9
-95.0,1.02,96.93
-48.95,24.89,124.1
-87.75,13.46,17.92
-50.92,66.36,99.24
-51.67,30.94,39.84
-75.74,28.32,74.57
-55.29,95.87,19.42
-85.98,4.06,37.07
-73.86,34.66,64.87
-64.23,65.79,17.36
-44.75,112.61,21.9
-78.36,24.01,14.57
-55.95,20.14,106.14
-76.22,37.62,38.18
-64.81,18.45,30.64
-87.27,15.23,25.26
-85.45,12.57,78.7
-79.84,8.27,52.78
-66.67,293.95,7.64
-77.28,23.57,37.34
-95.0,7.47,33.03
-41.88,81.78,11.11
-51.84,71.47,483.17
-85.78,6.11,178.74
-38.77,31.13,231.35
-37.97,36.74,34.12
-75.4,6.82,36.75
-63.18,63.15,21.63
-57.03,95.91,20.57
-68.33,15.11,26.86
-94.28,0.5,46.43
-67.78,77.62,17.06
-56.19,24.42,184.11
-65.81,43.23,192.18
-83.28,32.36,14.74
-70.24,11.98,60.27
-64.42,17.96,35.73
-52.68,32.08,19.55
-72.84,18.9,20.16
-71.5,84.11,16.65
-66.75,46.66,112.04
-47.97,39.3,48.49
-80.5,3.2,500.0
-72.83,11.96,110.11
-72.42,41.4,50.76
-89.88,3.94,41.4
-64.53,17.56,41.52
-95.0,0.5,64.75
-91.01,0.63,500.0
-41.61,36.35,25.25
-58.28,13.81,63.79
-46.29,48.83,13.4
-90.04,7.0,500.0
-63.24,22.04,20.83
-95.0,0.5,117.04
-63.84,43.98,12.4
-94.46,3.2,29.68
-58.19,25.27,35.63
-74.32,26.2,48.11
-89.06,11.4,49.41
-64.4,11.15,241.56
-53.69,448.44,3.3
-38.67,67.99,18.51
-60.8,82.72,18.03
-95.0,4.54,42.35
-70.36,15.16,21.82
-51.88,78.28,47.99
-60.39,18.65,126.23
-78.22,10.14,35.14
-58.74,75.69,22.89
-68.17,41.81,186.04
-75.01,32.83,69.24
-70.94,81.25,12.15
-65.77,8.88,48.22
-84.99,10.96,96.01
-80.08,64.3,15.04
-49.8,32.96,39.77
-95.0,0.5,30.22
-70.85,9.11,36.69
-73.77,10.61,34.1
-58.04,77.24,29.9
-84.96,12.32,53.52
-92.64,2.81,72.64
-79.59,19.61,48.8
-80.57,2.83,37.15
-67.97,20.49,20.47
-45.02,179.4,11.3
-88.59,13.46,47.91
-74.99,12.22,104.98
-63.58,18.78,26.67
-95.0,5.69,21.66
-78.18,7.66,33.92
-74.77,9.22,33.05
-64.51,12.05,484.42
-62.32,55.93,77.19
-61.64,24.18,29.21
-70.88,15.01,500.0
-87.66,1.58,24.22
-95.0,5.05,48.01
-65.23,114.11,9.47
-83.39,21.66,32.07
-93.26,4.34,152.02
-73.14,7.31,38.68
-72.41,16.43,42.63
-48.58,26.11,500.0
-42.98,73.97,113.8
-78.17,40.28,19.74
-62.62,25.48,22.46
-95.0,3.76,30.86
-63.93,20.88,42.69
-57.49,31.98,21.99
-55.17,427.83,4.18
-58.79,50.86,315.43
-76.88,17.13,133.42
-65.09,31.2,15.0
-54.09,36.38,13.81
-95.0,6.12,31.77
-68.32,20.04,23.94
-56.85,18.89,151.26
-63.85,84.02,14.16
-72.83,24.97,18.18
-62.89,59.6,35.12
-77.03,13.19,31.55
-34.42,118.28,20.91
-55.88,40.21,16.56
-32.9,58.87,10.99
-95.0,7.06,33.07
-62.31,25.77,35.13
-87.54,0.5,500.0
-73.75,20.81,21.59
-91.34,8.48,110.2
-63.94,61.53,59.29
-62.84,27.08,22.06
-95.0,3.84,25.08
-77.55,20.47,104.16
-43.25,52.61,20.58
-65.89,8.24,250.09
-89.7,0.5,500.0
-73.27,57.24,22.87
-65.7,43.95,12.83
-92.8,0.5,500.0
-95.0,3.74,73.35
-72.34,75.9,19.31
-31.15,421.84,6.82
-54.62,27.91,31.1
-66.77,31.64,13.25
-75.14,11.67,77.32
-53.78,21.22,51.98
-67.46,55.91,9.28
-68.26,18.33,24.58
-89.65,8.38,41.07
-77.18,15.77,22.56
-73.62,13.38,31.84
-68.82,14.75,26.83
-53.3,35.24,13.11
-73.14,10.84,47.83
-63.49,109.46,6.9
-72.65,31.04,80.95
-59.82,65.06,28.73
-50.16,99.1,4.9
-53.45,35.65,13.64
-78.61,9.32,33.63
-81.18,7.01,59.36
-87.99,7.02,29.57
-85.33,15.04,26.09
-44.09,77.28,34.78
-69.4,14.0,86.38
-75.46,6.71,326.57
-86.32,3.68,250.4
-50.83,39.66,18.66
-77.32,6.89,194.31
-72.32,40.87,50.95
-40.94,129.22,22.67
-83.26,4.64,88.38
-59.78,75.49,6.23
-95.0,12.46,25.71
-32.63,55.32,16.27
-78.49,8.82,64.4
-70.73,53.18,24.81
-72.27,8.53,245.11
-32.24,121.59,51.15
-84.43,11.84,24.78
-67.36,35.9,6.62
-82.51,32.38,19.73
-67.25,50.08,35.62
-69.85,17.32,30.4
-80.21,111.1,20.52
-70.56,17.49,25.19
-63.99,24.59,16.42
-83.29,3.43,32.87
-81.18,15.17,63.43
-67.89,10.57,57.83
-82.79,15.23,63.35
-68.1,34.61,241.21
-82.74,14.83,47.16
-86.21,35.74,19.98
-65.69,11.18,152.04
-71.75,22.66,24.35
-85.83,12.49,45.07
-77.34,14.13,23.87
-65.9,81.14,15.7
-92.95,2.31,60.29
-50.88,33.65,18.61
-67.23,35.68,16.29
-75.25,52.0,18.84
-60.18,35.75,14.6
-42.41,139.58,15.31
-83.81,10.28,31.02
-69.98,17.73,91.17
-42.49,88.06,232.67
-45.14,61.46,7.12
-76.29,22.49,73.3
-52.08,39.28,10.87
-66.73,116.32,13.89
-52.97,101.79,20.67
-44.81,124.51,13.97
-85.78,3.52,82.01
-71.0,21.45,14.93
-85.44,13.19,103.02
-63.97,13.57,97.74
-85.23,10.22,112.73
-64.07,144.56,5.33
-81.25,4.28,36.31
-59.27,42.56,11.23
-61.67,20.12,149.27
-78.24,6.34,159.09
-86.53,13.8,47.45
-81.54,23.55,28.63
-54.54,129.37,5.76
-73.73,29.29,11.69
-68.07,23.3,16.77
-71.33,19.49,22.56
-82.24,18.16,500.0
-80.12,5.58,500.0
-85.97,5.6,55.15
-71.61,64.52,16.76
-55.55,59.27,500.0
-54.73,24.27,145.8
-35.78,32.12,486.32
-70.16,22.63,171.55
-72.58,64.89,26.73
-80.99,16.54,60.79
-56.53,23.06,64.46
-81.73,6.43,500.0
-72.69,11.62,62.45
-76.84,8.79,67.72
-41.48,149.29,9.74
-77.36,23.66,91.74
-61.99,41.61,192.77
-81.23,23.7,49.98
-95.0,0.5,47.36
-74.84,3.07,122.39
-71.73,46.7,26.09
-69.13,38.13,90.93
-62.29,28.56,20.29
-64.34,11.66,491.46
-89.01,3.36,64.67
-89.48,0.5,27.83
-70.13,28.04,64.2
-73.71,18.31,36.37
-95.0,1.86,46.12
-52.61,19.73,232.02
-67.84,16.9,157.16
-77.31,8.86,32.76
-71.83,21.39,17.25
-48.46,74.17,10.15
-70.25,34.51,19.11
-52.11,62.97,10.71
-72.02,36.19,63.53
-79.81,10.26,50.64
-74.27,17.91,24.04
-62.36,20.6,29.5
-47.09,77.82,2.85
-83.0,9.49,500.0
-70.08,61.72,16.95
-72.12,7.9,91.02
-87.01,12.21,77.49
-49.09,66.47,101.46
-76.35,67.41,25.51
-37.39,83.82,21.32
-72.97,9.57,41.91
-71.87,15.08,23.07
-62.53,38.24,10.65
-75.08,12.02,40.85
-44.32,99.32,6.19
-62.76,14.92,35.26
-95.0,3.87,40.87
-79.23,12.34,24.38
-90.63,15.69,23.4
-69.42,7.84,500.0
-85.14,0.5,212.18
-62.18,19.4,90.31
-73.83,5.7,83.48
-72.06,44.42,53.38
-59.52,21.61,53.81
-66.98,35.64,104.58
-82.96,9.49,327.8
-76.52,9.92,75.2
-84.9,24.95,19.5
-56.91,18.37,198.94
-85.87,11.36,73.9
-83.21,13.73,38.99
-79.09,26.38,243.83
-76.9,7.88,39.53
-48.73,29.45,481.94
-69.87,42.18,235.93
-68.59,35.59,14.5
-87.35,6.08,25.57
-81.2,12.83,37.65
-65.27,14.78,500.0
-60.61,22.28,83.45
-70.91,36.69,12.26
-66.78,16.2,54.04
-60.48,56.68,30.09
-71.98,28.97,40.75
-81.17,16.86,17.52
-65.61,29.25,11.85
-70.45,60.21,19.17
-84.58,3.23,500.0
-71.49,11.76,38.11
-89.18,0.5,47.17
-93.16,7.06,62.36
-70.34,18.57,24.27
-80.61,0.54,38.83
-81.54,4.15,96.1
-95.0,1.55,98.77
-95.0,4.23,70.76
-31.79,70.53,82.09
-95.0,0.5,344.65
-80.07,13.57,20.06
-63.64,30.83,10.24
-63.76,13.84,71.83
-80.57,7.26,167.53
-65.04,100.63,4.55
-85.97,3.77,34.48
-85.84,21.11,24.63
-72.31,9.33,38.96
-72.42,19.68,28.18
-85.42,26.4,22.21
-80.91,14.16,500.0
-95.0,0.5,70.98
-70.59,8.67,500.0
-66.91,21.18,47.51
-61.94,29.01,20.39
-93.18,5.29,25.72
-75.89,13.59,51.98
-63.98,17.74,37.3
-66.5,16.56,186.72
-63.33,57.27,8.35
-47.7,64.08,9.44
-85.56,11.2,25.18
-95.0,5.07,500.0
-59.08,21.81,484.94
-61.04,68.8,19.86
-63.31,109.76,12.8
-94.25,0.5,53.54
-69.12,17.9,23.74
-79.74,21.97,119.48
-79.82,23.24,43.21
-64.67,21.48,24.88
-46.27,110.4,27.88
-69.25,38.49,39.4
-83.86,4.81,108.15
-60.86,15.72,188.97
-73.62,29.07,157.45
-57.0,58.14,500.0
-79.83,12.75,53.43
-67.28,14.73,500.0
-81.29,14.42,146.81
-77.14,2.73,48.8
-65.19,33.55,10.42
-71.28,17.86,12.27
-81.97,1.47,333.51
-73.0,79.18,11.43
-82.67,4.86,38.11
-54.44,19.61,182.9
-54.22,27.41,26.63
-68.1,27.18,13.84
-55.79,48.94,321.51
-76.63,44.22,19.83
-93.76,0.5,199.4
-68.15,43.44,87.57
-73.3,15.2,30.02
-75.04,13.1,19.83
-45.06,26.11,317.99
-68.08,1.56,336.15
-63.61,13.82,49.76
-68.1,11.81,41.42
-88.71,6.53,45.7
-66.89,39.59,241.39
-34.23,45.8,21.07
-54.66,41.14,10.88
-78.46,15.27,248.04
-70.67,33.32,11.27
-61.43,30.51,10.33
-64.63,49.11,64.18
-95.0,2.18,79.68
-93.26,3.6,58.68
-45.63,28.98,46.35
-83.16,5.85,32.2
-80.07,12.51,39.85
-77.64,12.93,104.78
-87.5,12.06,26.81
-79.7,32.83,31.76
-95.0,5.01,349.63
-77.84,6.55,34.54
-79.9,28.25,30.68
-73.5,43.32,26.65
-73.3,8.93,49.47
-36.15,73.87,64.85
-76.49,17.3,103.24
-63.27,13.41,88.7
-63.57,62.65,25.68
-52.75,12.75,500.0
-66.7,45.9,10.97
-68.82,48.14,32.42
-58.71,72.59,27.13
-80.92,12.01,44.01
-50.89,31.44,38.66
-72.51,10.18,47.27
-58.59,74.73,25.52
-67.32,50.62,31.6
-83.26,4.92,36.13
-59.63,14.44,97.42
-71.9,10.26,256.09
-61.3,16.3,99.22
-71.52,30.08,81.44
-88.48,8.88,44.22
-78.3,4.01,105.2
-65.57,18.62,63.11
-66.5,17.15,51.96
-65.96,32.56,12.35
-58.16,28.8,14.13
-80.64,5.06,33.64
-79.06,7.41,40.41
-89.28,5.98,123.56
-78.9,8.82,35.35
-48.11,30.21,41.72
-78.57,83.47,19.69
-79.97,25.34,61.08
-90.88,4.14,36.59
-87.91,40.8,32.56
-44.27,82.55,53.71
-60.55,18.23,153.95
-83.92,17.95,123.22
-64.21,49.46,100.4
-66.08,19.08,29.48
-84.99,11.84,24.88
-66.62,48.42,30.02
-71.44,45.24,32.02
-86.29,7.12,36.43
-79.61,4.65,55.04
-69.75,123.39,11.41
-83.79,22.55,18.13
-86.36,8.45,97.31
-69.59,12.22,38.65
-72.02,2.48,97.18
-74.46,3.82,47.93
-83.35,6.49,30.0
-76.07,10.15,500.0
-66.74,20.58,69.48
-56.95,71.21,47.95
-76.53,62.72,17.2
-72.06,7.93,44.78
-86.3,10.68,47.55
-83.0,23.84,26.25
-81.87,6.96,93.33
-78.9,6.17,29.21
-73.04,28.1,18.47
-89.99,2.84,80.59
-84.21,7.51,63.36
-95.0,5.69,38.39
-60.64,53.53,182.2
-72.38,27.33,18.61
-71.32,22.98,14.54
-69.18,13.94,53.0
-71.04,16.2,32.48
-75.02,33.93,47.84
-68.69,30.94,500.0
-79.33,9.65,22.59
-95.0,2.32,43.62
-75.36,85.75,17.59
-86.73,11.23,32.96
-51.32,212.33,7.31
-39.28,68.92,6.13
-78.18,21.43,203.05
-20.08,308.79,6.08
-63.46,34.53,8.16
-73.6,17.28,22.99
-59.78,53.34,74.77
-62.35,113.02,12.53
-79.69,20.85,192.05
-75.24,74.43,10.01
-84.9,9.61,24.23
-87.84,10.08,31.61
-70.68,10.93,90.23
-59.32,22.73,31.79
-31.09,39.27,27.57
-95.0,2.47,46.52
-85.74,10.36,44.16
-55.64,73.42,46.38
-91.38,4.61,205.22
-70.45,24.05,116.98
-71.59,7.26,117.26
-50.55,85.26,8.01
-77.09,13.98,50.89
-86.33,12.69,25.67
-64.55,21.56,327.2
-20.0,65.66,14.17
-48.31,40.19,20.71
-73.0,59.26,20.57
-76.82,12.03,32.23
-89.97,9.02,35.24
-84.62,4.83,55.42
-62.54,20.66,28.59
-80.47,7.55,72.77
-88.98,7.47,76.42
-91.58,6.85,59.87
-90.99,8.89,51.33
-86.32,16.08,26.42
-70.64,10.16,30.46
-78.95,21.38,17.14
-81.65,8.25,27.63
-66.86,33.83,500.0
-91.65,0.68,36.27
-81.3,1.62,74.31
-71.74,6.98,154.89
-78.46,37.85,16.61
-88.88,8.82,75.5
-79.21,5.37,126.08
-82.31,26.04,38.81
-81.89,19.65,24.96
-57.8,35.32,10.45
-55.22,68.9,185.82
-45.6,88.32,4.57
-95.0,0.5,141.3
-81.19,6.73,135.09
-90.94,4.32,44.87
-72.8,9.01,31.22
-27.78,109.91,500.0
-74.1,12.66,37.11
-55.27,74.01,19.75
-66.55,7.81,142.64
-55.42,20.9,57.92
-70.1,26.67,15.7
-52.63,26.35,21.28
-83.11,0.5,77.88
-31.02,123.47,4.44
-75.77,5.35,50.74
-67.57,20.49,21.05
-62.4,25.25,97.44
-73.39,9.47,190.87
-80.39,15.15,71.66
-67.12,50.3,47.92
-66.22,16.0,36.06
-60.82,56.68,146.46
-87.33,0.5,71.85
-90.64,22.6,18.17
-94.17,0.5,30.83
-76.38,15.89,25.35
-92.48,7.09,49.85
-77.02,65.11,12.18
-77.66,14.44,106.19
-74.97,35.43,37.19
-56.06,71.56,40.63
-76.43,10.66,35.3
-44.57,33.34,180.96
-95.0,0.5,83.96
-70.08,14.56,159.87
-65.38,36.53,59.18
-70.24,100.74,13.5
-68.31,9.25,500.0
-82.52,9.53,18.87
-71.39,13.97,34.13
-52.03,81.22,1.0
-75.24,13.1,41.05
-79.01,8.28,74.78
-50.34,27.5,35.09
-68.93,100.59,15.75
-77.95,6.4,160.8
-66.98,62.12,21.34
-86.48,13.0,31.69
-73.77,9.79,67.28
-68.53,41.73,51.27
-85.63,3.13,47.01
-81.71,8.3,44.28
-73.53,50.35,20.17
-77.43,34.04,29.83
-66.92,47.2,31.65
-95.0,5.54,78.59
-39.53,34.97,25.59
-70.64,8.63,500.0
-64.23,26.44,21.93
-72.27,48.07,27.51
-61.17,21.43,24.16
-66.27,10.04,249.26
-56.09,138.1,10.08
-70.94,30.12,67.95
-95.0,0.72,174.09
-74.92,29.32,46.47
-80.13,44.76,17.65
-65.12,29.11,16.05
-60.95,19.17,500.0
-39.53,29.72,183.19
-63.78,53.77,12.22
-76.01,10.41,23.56
-49.18,42.98,10.26
-74.23,36.39,26.6
-95.0,1.24,56.38
-69.8,30.94,15.17
-66.2,6.5,500.0
-95.0,3.7,500.0
-66.2,17.67,20.4
-81.69,20.35,52.84
-71.79,12.25,42.32
-77.37,29.65,24.33
-71.59,77.65,15.58
-94.6,5.4,27.03
-56.13,101.39,13.57
-67.16,52.28,10.29
-38.19,37.96,46.68
-84.7,25.88,23.62
-65.62,60.27,25.0
-71.99,8.29,242.01
-95.0,0.85,42.1
-86.27,14.94,195.27
-65.89,255.81,12.13
-76.72,14.9,500.0
-56.11,20.85,232.98
-56.11,27.47,28.63
-67.57,41.46,10.97
-71.96,15.29,27.3
-95.0,5.3,171.74
-79.07,10.66,126.04
-95.0,12.9,36.71
-57.89,28.14,17.59
-75.38,16.92,20.39
-86.2,7.26,500.0
-63.01,16.47,28.46
-69.37,28.03,17.24
-72.17,15.24,65.12
-90.2,0.5,333.35
-42.6,49.25,15.77
-79.12,8.09,45.42
-59.87,51.27,315.72
-86.72,7.61,50.2
-54.3,51.34,500.0
-37.79,38.35,23.01
-52.09,41.89,11.35
-76.76,9.22,31.03
-78.4,4.9,36.82
-79.3,22.11,141.65
-63.16,57.96,31.0
-73.92,21.2,17.1
-92.58,2.05,76.09
-95.0,4.69,253.81
-64.67,54.01,26.18
-80.2,12.09,18.45
-76.23,11.97,29.63
-81.27,22.49,35.07
-87.42,4.77,262.26
-68.3,10.94,48.3
-95.0,4.94,60.03
-60.59,22.17,33.94
-59.43,27.64,15.23
-84.7,1.17,85.82
-87.09,26.4,19.96
-81.41,27.16,29.45
-53.9,20.64,42.31
-77.31,27.08,59.58
-81.7,7.63,126.84
-71.93,4.56,164.72
-86.01,3.14,26.0
-81.31,26.65,21.49
-86.11,7.95,86.5
-89.24,8.11,38.52
-91.79,3.62,500.0
-68.86,15.23,48.91
-57.21,23.66,35.9
-84.64,9.97,248.01
-76.52,26.44,500.0
-95.0,2.3,500.0
-36.6,298.42,3.81
-75.16,32.21,244.37
-67.99,41.45,9.45
-80.3,3.95,341.83
-95.0,4.44,80.67
-88.93,11.88,36.9
-80.91,18.22,22.18
-59.2,110.42,11.31
-41.28,135.09,14.59
-45.43,32.76,500.0
-83.7,24.68,25.01
-90.86,2.33,71.66
-51.65,23.18,58.38
-38.33,150.75,14.6
-76.61,26.2,492.95
-82.91,23.3,33.51
-49.69,24.1,70.61
-82.84,2.28,500.0
-64.71,17.27,79.81
-87.03,15.72,52.03
-60.47,29.46,15.3
-56.7,36.75,23.47
-88.05,9.94,23.62
-86.98,7.32,114.39
-59.7,25.92,24.89
-67.18,14.76,38.09
-66.34,36.6,10.18
-82.79,24.88,36.72
-63.71,50.19,500.0
-79.11,8.52,30.67
-63.81,15.29,500.0
-61.79,41.08,12.88
-81.34,20.02,39.42
-64.21,29.89,19.06
-57.95,20.79,37.51
-67.57,158.47,3.75
-55.99,62.85,500.0
-71.94,19.99,129.13
-82.42,5.84,44.09
-70.03,16.31,100.39
-67.99,7.1,160.68
-88.94,13.88,35.53
-77.32,30.66,158.74
-81.74,16.93,39.3
-95.0,3.3,34.39
-66.51,40.47,13.43
-74.85,13.47,20.26
-60.24,22.42,75.01
-80.05,34.12,32.52
-70.99,82.01,10.38
-68.61,22.25,21.53
-59.93,15.68,500.0
-66.19,11.83,90.05
-65.96,60.97,25.12
-58.17,19.74,33.44
-57.53,28.22,45.67
-88.36,12.0,39.58
-87.6,19.67,31.6
-71.27,30.09,500.0
-36.32,73.06,9.29
-81.73,18.42,51.91
-75.08,17.82,24.51
-34.29,49.32,22.05
-73.03,27.58,13.16
-80.38,15.57,247.49
-95.0,0.5,30.81
-69.78,31.69,92.42
-58.42,28.76,40.08
-68.47,50.11,35.8
-68.5,42.88,10.01
-80.28,28.01,36.34
-80.81,90.21,12.13
-31.65,181.18,15.12
-56.06,21.15,184.6
-76.4,32.83,22.2
-67.73,20.74,23.01
-86.99,55.28,15.78
-84.17,9.52,109.4
-70.02,28.19,14.12
-40.25,50.28,17.29
-64.75,127.52,8.08
-88.11,10.15,42.05
-60.27,17.32,65.54
-95.0,2.57,34.3
-49.25,75.34,149.27
-33.01,43.79,48.95
-40.24,114.71,29.5
-57.65,108.1,7.6
-54.5,64.7,230.27
-77.8,15.85,500.0
-75.81,20.79,60.34
-76.27,37.67,23.89
-90.51,8.75,496.93
-49.2,34.05,19.03
-89.97,7.68,40.86
-79.83,3.55,500.0
-72.87,31.79,44.37
-66.73,12.89,189.12
-71.92,44.37,33.23
-80.27,3.98,108.49
-72.17,10.82,65.88
-77.74,12.64,23.15
-60.38,21.36,36.37
-63.19,74.5,18.39
-95.0,4.34,27.27
-49.33,54.97,141.53
-70.01,19.98,17.02
-73.16,14.56,29.53
-69.25,44.75,66.28
-63.76,136.39,7.31
-81.13,8.23,50.37
-82.67,5.12,262.93
-92.99,3.62,62.22
-53.3,23.89,96.31
-95.0,2.02,48.99
-87.43,6.53,42.25
-82.14,29.43,21.84
-40.61,43.55,16.79
-79.36,22.7,137.75
-75.29,30.89,63.26
-53.57,32.22,25.43
-84.65,2.07,96.88
-42.18,386.88,17.96
-92.69,6.06,52.5
-83.79,15.27,38.4
-73.78,97.78,18.4
-48.69,60.7,58.61
-95.0,0.5,48.96
-64.28,41.5,7.86
-65.83,25.54,18.84
-68.54,41.52,135.17
-76.91,8.53,67.33
-69.27,29.86,10.79
-82.56,12.74,331.58
-71.03,11.45,71.24
-80.4,16.81,20.51
-82.4,7.86,500.0
-67.49,36.47,240.8
-68.49,9.46,38.43
-84.38,10.66,348.04
-71.44,32.03,69.74
-39.75,46.96,15.31
-63.13,64.17,33.17
-81.17,17.26,90.14
-72.4,25.02,254.57
-72.19,37.9,36.69
-84.16,9.3,28.38
-95.0,4.96,34.22
-78.82,10.57,74.96
-74.41,10.26,76.39
-73.9,15.82,18.83
-80.03,12.0,37.49
-68.49,92.38,10.31
-66.04,56.44,36.17
-33.39,109.38,88.55
-52.99,28.64,15.92
-66.42,26.73,250.88
-90.55,8.52,40.5
-67.08,80.24,12.98
-95.0,7.75,38.84
-72.2,37.04,42.13
-92.78,4.51,337.88
-52.64,86.04,29.08
-95.0,6.78,31.22
-95.0,1.32,500.0
-74.06,10.88,33.76
-59.79,46.63,55.83
-75.8,15.1,29.38
-95.0,2.39,33.93
-86.54,11.35,34.99
-29.54,99.48,153.54
-72.86,15.4,24.97
-69.95,57.81,16.95
-50.13,112.1,16.19
-73.18,12.8,31.55
-75.82,5.71,46.65
-54.93,20.81,51.79
-46.48,91.07,2.71
-51.5,100.33,17.47
-59.68,69.02,29.64
-66.08,12.53,41.72
-77.29,25.5,81.42
-84.59,12.97,42.57
-79.02,19.24,93.08
-72.27,85.28,19.84
-67.94,17.14,25.94
-79.3,11.98,25.74
-73.97,50.84,24.26
-75.7,8.94,243.29
-76.0,41.01,16.41
-30.09,73.73,120.9
-79.52,28.91,24.06
-63.39,14.32,500.0
-73.91,9.38,58.25
-66.01,27.13,15.71
-46.37,29.8,29.69
-70.69,12.77,66.63
-95.0,7.97,36.64
-82.38,2.45,37.84
-73.91,58.29,17.39
-66.91,16.75,52.17
-73.19,41.52,31.49
-71.51,6.03,254.04
-80.19,5.05,159.96
-95.0,15.33,28.08
-71.21,39.61,9.95
-79.08,19.62,40.43
-56.85,85.65,18.06
-89.31,7.54,101.23
-70.57,40.23,80.65
-78.8,20.28,15.4
-81.54,9.21,31.93
-62.7,20.48,26.93
-66.88,16.68,30.6
-76.1,26.43,49.68
-89.11,9.97,500.0
-62.01,16.63,33.65
-42.51,20.34,107.4
-64.51,37.9,321.03
-74.98,39.94,30.6
-95.0,1.54,49.93
-51.93,92.35,10.71
-90.6,8.65,26.69
-82.07,5.62,32.02
-95.0,3.2,205.7
-42.2,106.35,25.43
-65.73,27.55,20.67
-76.79,13.9,83.93
-61.79,19.23,239.17
-81.69,12.83,74.56
-95.0,2.68,108.84
-56.27,94.67,15.86
-94.75,2.83,169.59
-78.65,17.87,162.86
-84.17,5.47,48.86
-82.33,14.31,54.27
-56.65,19.29,34.26
-95.0,8.07,28.66
-73.95,26.95,137.74
-87.68,6.86,44.38
-71.43,22.09,69.67
-81.12,30.37,27.46
-65.72,15.59,105.04
-59.07,22.42,481.33
-86.45,0.8,33.91
-53.67,52.38,6.27
-33.06,39.85,65.32
-74.49,26.34,49.63
-75.05,41.85,25.24
-72.18,9.72,28.71
-81.01,4.01,82.62
-51.56,71.91,27.63
-61.71,24.01,24.3
-70.37,49.57,35.21
-55.13,22.56,233.09
-73.5,18.92,19.12
-80.88,14.29,136.47
-74.53,16.88,28.71
-63.6,12.19,500.0
-33.39,143.93,16.51
-61.66,37.9,10.42
-64.43,144.66,8.78
-64.76,17.59,20.47
-77.84,27.47,53.41
-91.07,6.15,184.03
-67.18,10.88,75.72
-95.0,0.5,48.57
-83.37,14.88,494.22
-76.52,53.05,16.44
-95.0,10.95,22.09
-75.56,68.74,15.49
-42.61,111.47,22.2
-65.76,62.76,21.84
-79.02,23.26,500.0
-64.95,90.68,11.96
-71.91,17.15,500.0
-77.4,9.95,69.87
-54.3,78.4,7.17
-70.81,13.92,71.74
-67.65,72.73,20.18
-51.77,68.01,4.97
-66.3,66.77,17.24
-67.89,35.61,193.8
-77.61,25.95,51.25
-85.22,48.0,22.38
-78.88,28.13,28.93
-66.43,21.23,16.33
-76.92,20.55,498.72
-81.99,25.48,30.38
-95.0,1.22,51.51
-67.26,196.3,8.68
-95.0,3.44,500.0
-69.92,33.19,14.92
-75.67,11.3,59.09
-85.74,14.77,38.21
-91.93,9.01,349.0
-65.91,14.41,70.35
-61.82,39.84,10.85
-80.99,64.93,19.59
-81.72,1.48,50.13
-58.72,30.17,16.55
-54.49,40.84,10.49
-66.18,48.95,6.66
-79.3,20.23,118.88
-64.21,47.72,314.83
-95.0,4.78,256.71
-75.82,12.41,29.82
-92.86,6.73,33.42
-52.43,47.39,12.2
-41.23,63.79,10.82
-80.71,20.54,124.6
-61.57,207.74,4.74
-78.66,7.26,242.85
-95.0,8.82,38.84
-50.88,25.6,48.69
-77.23,25.74,80.43
-75.15,112.03,16.18
-59.61,24.31,22.58
-77.91,10.85,40.53
-53.08,16.03,138.66
-70.68,5.9,204.48
-62.12,18.6,70.21
-74.97,18.2,18.96
-56.78,56.14,500.0
-68.45,59.74,15.94
-67.35,21.54,18.0
-65.39,38.54,8.18
-73.37,27.71,43.58
-55.86,19.88,483.36
-89.56,13.51,36.39
-87.35,10.06,23.95
-73.06,9.85,500.0
-80.22,13.65,19.56
-95.0,1.68,60.05
-73.56,11.08,117.72
-90.07,11.48,26.15
-66.33,28.4,19.06
-65.68,35.1,8.6
-93.64,3.61,122.04
-95.0,0.5,47.61
-66.51,13.65,239.51
-80.09,6.48,67.79
-66.41,33.53,8.32
-81.51,3.33,243.58
-78.93,23.57,109.64
-68.88,17.19,39.37
-69.29,11.36,158.87
-90.42,4.66,34.09
-52.0,101.42,19.87
-56.33,11.44,500.0
-74.67,21.47,20.07
-72.3,65.14,18.64
-51.58,17.65,113.02
-80.18,12.26,500.0
-74.18,26.31,19.9
-67.67,38.24,319.86
-58.44,11.85,320.89
-73.64,34.89,39.45
-83.0,11.73,20.98
-37.5,65.11,7.84
-49.23,27.46,31.38
-79.11,12.78,44.18
-70.41,41.1,49.47
-75.5,32.15,33.95
-76.98,5.97,29.66
-84.87,2.88,35.9
-83.24,16.68,65.85
-43.62,331.4,2.89
-71.23,6.38,104.12
-68.34,14.52,22.88
-90.47,2.67,500.0
-95.0,14.7,33.99
-89.18,6.45,55.3
-84.51,3.88,51.06
-72.97,24.97,193.82
-70.92,24.62,20.21
-63.17,15.43,72.16
-77.88,8.65,106.14
-71.53,199.91,14.49
-72.06,13.65,321.51
-70.06,241.6,9.63
-41.52,93.76,32.56
-71.42,57.04,21.67
-89.6,9.77,41.87
-70.26,21.86,25.79
-45.08,31.05,34.08
-72.36,71.97,14.17
-82.93,25.67,28.64
-78.66,19.29,134.73
-72.34,17.86,17.03
-86.22,1.47,129.32
-69.51,13.1,320.93
-51.31,75.83,3.84
-63.21,15.01,39.2
-67.19,96.04,4.79
-85.82,33.63,27.21
-26.35,133.36,47.73
-56.44,130.75,10.78
-62.48,67.33,3.92
-39.08,46.09,32.99
-50.2,29.96,45.84
-65.04,8.57,109.19
-61.92,24.84,20.7
-54.87,35.54,13.59
-53.36,72.5,84.47
-59.29,28.12,31.14
-68.03,22.61,25.11
-67.05,57.89,25.9
-72.1,34.43,47.86
-73.44,19.64,18.23
-72.92,19.94,23.46
-81.03,15.47,500.0
-74.98,5.64,61.81
-75.76,80.85,15.22
-69.36,12.49,33.04
-79.96,20.79,59.53
-73.44,45.22,10.29
-42.27,99.48,38.23
-69.12,14.37,110.99
-78.93,9.98,35.15
-95.0,1.7,118.92
-86.06,6.32,85.33
-67.0,17.82,105.64
-95.0,0.5,51.22
-77.3,15.37,495.6
-63.29,16.71,489.33
-68.02,13.55,48.97
-46.23,53.71,8.58
-82.56,8.37,56.86
-78.48,19.75,499.57
-75.37,33.68,196.48
-63.94,16.56,29.96
-76.22,8.82,160.75
-56.31,38.23,123.3
-69.38,45.77,44.86
-52.51,59.33,6.36
-25.27,45.87,60.78
-76.09,70.21,15.83
-74.98,43.95,22.27
-81.24,15.93,326.24
-83.27,5.26,262.35
-78.01,5.05,172.12
-66.42,37.15,7.44
-77.59,23.15,44.04
-62.35,21.88,22.87
-70.41,36.05,62.13
-93.96,2.3,198.03
-84.75,10.78,29.19
-70.58,31.07,19.79
-77.75,3.92,34.0
-73.63,9.43,91.96
-48.34,52.37,9.39
-95.0,1.71,29.64
-91.48,11.47,28.45
-61.08,27.03,24.48
-74.1,59.26,19.27
-88.23,9.0,99.15
-93.84,3.14,109.43
-51.03,50.81,68.86
-73.5,14.85,19.39
-81.52,7.13,65.2
-66.89,37.38,500.0
-83.7,3.56,500.0
-38.91,102.05,76.46
-87.15,9.34,169.38
-54.9,25.5,29.91
-82.58,15.86,33.69
-54.67,16.91,320.72
-72.95,125.86,17.67
-86.6,6.21,126.14
-68.88,62.86,8.43
-43.42,63.2,10.31
-59.72,49.07,4.54
-57.07,19.8,316.05
-88.75,1.37,58.17
-70.62,12.35,323.24
-43.41,169.58,10.65
-80.46,7.6,23.4
-45.95,381.91,2.77
-41.52,49.15,17.17
-62.19,55.71,17.15
-80.9,19.82,192.12
-81.94,1.43,252.62
-83.32,19.42,38.46
-95.0,0.77,82.59
-90.15,7.58,62.51
-76.7,6.17,492.8
-60.53,84.07,16.73
-86.9,18.51,24.12
-95.0,0.5,337.59
-73.19,73.33,12.71
-90.31,7.78,62.06
-82.57,1.13,39.72
-58.26,34.22,10.94
-58.89,84.27,8.24
-91.28,5.25,39.99
-91.69,7.25,81.44
-46.43,30.31,35.55
-72.92,11.63,25.04
-79.58,33.89,23.18
-72.3,6.1,48.55
-64.5,44.2,7.67
-30.89,107.1,233.52
-70.7,7.78,103.39
-85.17,7.98,59.17
-95.0,0.94,35.94
-66.25,84.79,15.57
-65.93,42.21,63.88
-63.15,15.48,46.13
-66.87,25.66,23.53
-78.95,18.31,66.86
-57.3,25.38,38.78
-87.31,11.7,35.17
-69.91,43.55,45.19
-70.11,49.73,31.5
-82.91,47.18,16.92
-66.69,32.45,240.44
-70.93,17.49,35.06
-93.94,2.34,34.17
-65.52,10.45,69.94
-53.78,33.6,27.52
-85.23,2.67,40.48
-85.77,0.5,32.94
-58.88,69.52,2.37
-82.23,4.5,100.52
-61.35,46.39,78.02
-95.0,0.5,31.97
-84.07,7.1,50.85
-75.54,24.87,500.0
-49.26,81.13,146.09
-70.1,55.88,22.4
-95.0,0.5,75.76
-72.32,36.2,12.39
-75.56,6.93,95.87
-65.42,14.48,100.94
-65.9,14.65,110.0
-57.59,31.91,17.79
-38.87,26.92,98.64
-92.35,9.84,25.42
-84.82,13.18,21.72
-64.75,9.41,98.03
-71.77,6.53,336.07
-69.69,36.19,38.69
-59.57,24.64,24.49
-95.0,10.57,28.3
-41.13,78.15,68.64
-59.07,24.28,95.63
-64.76,44.3,319.33
-59.31,123.12,5.03
-79.56,21.33,34.12
-75.04,59.82,18.87
-58.49,28.23,24.42
-68.96,16.17,36.85
-75.76,25.33,121.35
-58.87,233.72,10.14
-52.19,31.77,18.22
-83.25,11.74,41.2
-95.0,0.65,48.49
-71.29,39.08,87.01
-51.34,76.67,69.44
-69.89,32.83,15.23
-79.78,20.96,330.58
-73.86,11.54,135.41
-67.52,7.16,96.13
-65.81,15.77,500.0
-49.45,26.67,44.77
-67.68,56.9,7.01
-61.83,29.69,12.11
-68.12,133.15,14.02
-58.68,59.17,482.37
-81.04,26.37,26.83
-95.0,14.36,21.28
-77.4,6.24,47.52
-84.33,11.24,23.08
-64.55,20.19,44.84
-38.13,36.88,62.61
-62.51,46.12,12.85
-68.0,46.2,58.74
-93.01,3.02,33.71
-69.5,6.22,197.55
-67.99,45.03,114.68
-77.94,14.48,248.67
-62.04,17.59,106.82
-65.75,29.29,14.11
-80.17,16.16,96.21
-68.12,36.71,328.33
-71.86,17.64,61.05
-53.92,26.09,29.19
-52.42,40.92,11.4
-84.05,5.08,24.08
-43.49,27.07,88.66
-83.61,0.5,38.76
-80.52,38.43,25.19
-50.53,24.24,321.97
-72.01,6.42,500.0
-82.36,38.28,19.51
-58.05,42.8,10.79
-81.83,14.49,23.33
-69.43,10.27,51.29
-63.23,44.98,189.93
-86.72,4.25,164.17
-81.09,5.26,39.7
-78.71,18.29,110.67
-86.35,22.56,25.73
-70.43,37.28,13.7
-95.0,0.5,57.54
-63.61,24.93,15.25
-79.93,7.75,36.66
-72.45,15.67,20.2
-41.21,38.43,30.64
-70.03,10.38,65.28
-77.47,10.99,63.38
-75.94,8.02,38.07
-65.28,105.85,25.85
-78.02,20.61,158.44
-95.0,0.5,101.0
-37.99,43.51,28.72
-95.0,0.5,175.14
-82.28,6.74,53.32
-79.25,17.04,24.58
-75.01,28.12,12.71
-88.46,4.61,52.79
-86.48,1.66,115.95
-78.53,16.64,18.89
-60.89,48.59,47.86
-90.5,0.5,45.17
-73.74,15.61,27.13
-66.3,13.43,500.0
-76.15,5.79,489.84
-66.07,247.34,12.11
-66.79,20.9,28.35
-53.85,81.14,28.16
-66.27,27.56,15.14
-86.66,1.95,37.63
-76.88,5.14,76.27
-95.0,5.31,43.31
-63.07,58.23,10.53
-74.42,13.19,20.23
-65.81,167.87,7.59
-70.89,40.36,69.68
-95.0,7.1,47.61
-54.05,18.95,45.16
-95.0,1.26,111.21
-77.4,6.85,68.84
-57.45,16.01,88.22
-62.65,89.0,18.33
-95.0,2.04,42.61
-65.94,59.65,8.21
-73.92,14.4,40.73
-91.24,12.74,22.65
-60.71,24.26,110.64
-60.68,21.75,75.37
-64.6,37.78,75.51
-40.4,45.5,19.89
-64.28,44.53,69.07
-67.42,96.51,14.41
-94.03,0.5,59.19
-66.51,17.52,500.0
-44.07,21.9,154.57
-55.69,43.23,10.25
-62.95,51.13,76.07
-73.06,9.68,28.44
-59.12,181.56,9.63
-73.44,23.94,16.94
-83.54,11.8,41.8
-52.59,81.51,34.52
-77.89,6.61,123.36
-63.51,42.94,16.9
-69.21,41.42,47.13
-71.5,18.4,47.56
-78.35,9.6,50.06
-52.87,28.3,96.71
-45.3,38.65,17.53
-74.06,38.24,32.03
-88.01,7.84,26.72
-79.09,31.74,26.85
-67.45,15.1,51.87
-65.9,53.37,33.42
-95.0,0.5,116.58
-62.84,21.17,68.71
-95.0,6.32,25.42
-74.15,9.92,45.39
-80.46,23.44,34.22
-67.04,18.23,23.32
-74.08,34.19,36.65
-80.7,4.06,44.55
-47.55,370.22,1.0
-80.83,23.89,42.09
-59.4,70.82,34.08
-92.28,7.3,26.94
-49.09,147.57,9.94
-74.4,17.48,25.49
-62.49,50.57,44.85
-67.28,17.54,186.22
-59.07,14.67,88.3
-73.69,17.82,24.6
-60.72,47.39,234.83
-80.43,11.47,57.71
-30.78,36.53,500.0
-76.25,19.44,12.11
-56.27,28.06,24.46
-67.27,29.65,17.38
-75.41,17.62,24.3
-61.99,27.39,41.0
-67.81,18.04,18.76
-83.48,6.5,33.67
-55.34,27.95,34.88
-95.0,1.97,60.95
-83.76,17.52,28.4
-63.69,20.22,186.26
-78.48,27.48,40.75
-44.19,41.84,19.05
-84.3,3.22,34.72
-70.03,13.54,134.18
-48.95,30.47,106.52
-88.96,5.14,84.58
-84.98,13.49,73.57
-69.49,40.92,28.21
-50.54,32.53,48.28
-83.84,16.91,68.7
-75.85,46.38,19.11
-74.71,38.14,26.72
-85.58,2.67,37.95
-65.69,4.95,168.3
-58.52,24.22,29.89
-67.18,28.88,12.79
-71.96,12.99,21.49
-74.6,64.51,13.18
-57.02,28.2,19.1
-83.98,10.72,16.93
-57.59,31.42,10.88
-59.69,80.59,16.81
-37.73,27.85,185.71
-68.83,46.23,11.06
-61.65,21.38,20.4
-84.84,21.25,20.52
-95.0,1.81,62.85
-89.42,3.01,92.99
-73.46,45.07,34.46
-74.43,16.69,17.94
-59.77,15.12,38.85
-59.7,34.14,11.33
-39.42,109.94,20.77
-65.7,16.33,38.37
-63.72,14.44,486.46
-86.59,12.51,30.41
-70.33,8.71,46.31
-64.24,17.62,57.25
-81.73,17.25,47.23
-55.46,28.16,40.53
-83.85,11.24,21.94
-66.19,27.41,19.71
-84.44,2.31,35.31
-70.02,20.06,41.74
-60.59,15.74,68.39
-76.71,17.69,500.0
-77.58,11.89,23.93
-54.21,72.31,44.36
-52.55,23.24,43.0
-50.37,22.72,76.25
-79.35,25.82,39.97
-33.52,141.28,21.55
-70.51,119.93,9.32
-45.74,57.13,13.26
-37.35,152.25,14.42
-73.7,13.25,31.13
-67.26,64.31,22.63
-63.48,11.5,68.43
-80.76,18.8,40.73
-91.51,0.5,497.25
-66.62,16.44,22.84
-69.26,13.11,72.22
-65.21,19.5,101.82
-95.0,2.78,42.27
-59.76,17.85,64.47
-50.51,34.82,39.82
-70.37,17.43,80.24
-70.55,16.41,29.78
-84.85,16.66,61.52
-76.19,44.05,20.97
-41.53,68.24,7.58
-73.26,14.7,34.63
-68.18,44.67,33.04
-71.31,16.37,25.13
-89.91,0.5,500.0
-69.98,38.18,43.41
-77.83,20.38,86.74
-71.03,55.47,20.62
-93.13,4.1,32.75
-23.64,38.26,319.55
-68.54,22.52,20.68
-81.52,42.02,15.75
-64.47,14.03,47.48
-80.65,7.17,37.72
-57.92,65.36,29.67
-62.52,39.65,8.22
-83.25,7.11,37.29
-36.92,262.95,9.31
-95.0,2.83,38.9
-77.13,21.88,18.83
-74.71,27.01,17.28
-47.53,95.32,31.23
-74.36,11.65,21.17
-40.44,230.93,18.68
-66.38,18.44,29.83
-58.11,77.21,21.58
-63.43,21.11,33.23
-87.12,10.83,38.04
-73.47,37.69,29.75
-57.63,27.04,31.55
-76.86,6.49,92.54
-63.86,19.77,110.25
-74.53,34.9,53.23
-69.99,12.39,37.68
-38.15,42.19,43.3
-72.71,12.14,243.36
-49.29,138.6,8.15
-65.47,19.8,24.96
-86.96,2.25,105.39
-55.72,35.05,17.45
-72.94,40.65,21.44
-76.61,1.74,496.86
-73.6,30.74,39.07
-95.0,0.5,51.72
-51.1,79.37,82.59
-95.0,4.59,256.65
-56.68,59.33,482.56
-60.49,19.36,40.43
-68.37,73.1,15.76
-81.26,56.45,17.04
-72.34,53.65,16.88
-83.99,19.87,37.71
-88.78,4.46,89.23
-81.83,4.58,142.35
-66.25,32.68,167.95
-78.58,5.12,50.28
-23.45,102.11,34.33
-68.51,6.36,489.4
-76.83,44.72,18.26
-67.68,14.23,72.06
-74.07,12.9,29.7
-87.42,0.5,102.04
-70.0,15.97,154.28
-57.16,19.62,500.0
-59.2,93.47,1.0
-74.62,12.66,19.92
-66.85,14.82,85.01
-73.33,5.33,102.96
-64.49,19.23,80.61
-63.63,8.12,500.0
-40.05,30.3,75.09
-90.41,9.57,58.91
-73.44,34.77,31.08
-95.0,0.5,78.79
-78.48,12.06,23.42
-60.18,19.14,500.0
-66.0,12.27,55.68
-72.22,13.09,327.26
-66.7,50.45,15.54
-44.74,34.99,30.28
-58.46,13.34,500.0
-53.36,99.13,16.37
-62.63,49.06,61.62
-95.0,3.41,54.54
-66.04,19.72,45.87
-90.66,10.05,65.78
-52.21,84.11,25.93
-69.92,14.26,94.75
-57.48,26.08,34.81
-62.79,11.06,323.95
-71.62,12.78,238.04
-85.6,0.5,33.62
-76.0,26.07,67.36
-81.53,28.59,18.44
-91.35,4.43,109.16
-77.48,20.36,123.53
-74.96,70.61,14.07
-83.45,62.32,19.84
-87.63,18.69,30.65
-61.76,14.35,500.0
-87.27,7.39,79.21
-57.75,20.72,228.84
-63.68,34.45,13.44
-68.82,14.19,37.43
-95.0,2.47,61.25
-69.64,27.16,14.05
-63.06,113.98,4.5
-75.02,24.07,47.75
-71.3,27.51,16.01
-57.33,25.38,108.91
-69.38,60.59,7.39
-76.03,22.3,83.79
-76.39,31.62,13.69
-29.16,71.63,12.36
-54.81,88.63,7.53
-77.49,49.59,15.83
-69.95,63.33,8.94
-78.22,9.39,105.51
-72.86,19.0,26.75
-87.99,3.82,47.93
-48.25,38.4,18.59
-77.11,12.38,42.16
-90.15,9.8,22.76
-77.13,32.88,38.35
-65.84,35.79,134.41
-72.82,32.47,16.14
-69.56,56.9,18.65
-84.61,13.1,78.3
-76.47,31.79,64.5
-95.0,8.2,25.46
-65.78,37.85,89.41
-57.78,66.56,42.22
-78.31,12.37,123.47
-54.19,69.55,43.67
-39.35,140.31,14.19
-69.56,16.56,104.73
-74.09,10.25,40.73
-67.17,14.92,70.16
-59.73,46.27,113.43
-33.72,36.51,144.95
-67.93,21.1,17.13
-80.89,15.88,22.46
-71.82,42.19,34.23
-70.68,19.01,16.14
-74.12,33.57,44.56
-69.07,13.78,45.79
-64.48,15.0,314.91
-95.0,10.0,37.15
-67.96,13.55,45.74
-68.43,67.96,18.48
-88.16,8.92,37.66
-39.05,29.6,500.0
-86.68,1.35,338.64
-72.75,31.27,14.85
-60.0,27.55,70.11
-78.45,25.19,500.0
-69.5,17.29,33.98
-50.18,27.77,57.47
-84.74,27.65,23.02
-89.35,7.22,71.42
-71.75,13.52,62.75
-84.05,6.29,135.78
-82.72,8.94,36.82
-72.81,9.58,49.96
-95.0,5.25,39.51
-72.1,26.5,15.54
-57.7,24.57,19.79
-86.71,16.16,25.38
-59.56,65.63,32.74
-71.31,37.45,71.03
-53.49,21.73,126.27
-88.25,14.73,31.03
-68.84,33.49,7.32
-28.58,35.45,231.55
-79.89,7.5,38.89
-77.81,9.43,196.51
-71.79,12.42,50.21
-84.32,6.9,248.82
-78.43,7.69,114.62
-71.77,33.93,67.24
-76.29,16.89,21.78
-56.28,57.16,11.63
-75.3,107.61,13.85
-68.3,30.66,13.97
-69.05,25.66,11.4
-58.07,58.4,11.76
-83.22,0.5,76.63
-74.67,45.28,24.72
-75.63,5.72,52.13
-74.72,11.2,37.46
-67.33,30.89,251.99
-72.64,67.0,18.35
-55.78,28.8,54.28
-60.35,57.84,29.29
-75.47,11.16,26.47
-75.02,7.46,342.36
-65.75,65.75,13.07
-81.99,7.83,25.8
-59.39,42.48,10.91
-42.88,84.81,500.0
-63.0,47.93,7.4
-36.67,58.42,11.42
-71.5,14.58,132.99
-68.64,10.39,65.65
-80.64,8.86,36.19
-46.0,23.37,57.29
-95.0,0.5,61.27
-70.37,107.29,12.1
-90.81,20.8,28.72
-41.89,42.43,31.68
-75.43,21.73,88.52
-52.99,48.37,9.63
-70.01,56.49,18.07
-86.54,0.86,47.98
-62.95,163.13,6.66
-65.54,34.91,15.28
-74.48,15.23,21.68
-69.81,31.14,13.12
-73.14,21.34,12.89
-39.15,25.15,139.52
-55.57,29.05,34.73
-95.0,1.54,52.8
-72.5,29.57,61.26
-76.66,7.13,200.95
-73.28,10.44,26.34
-88.34,7.85,500.0
-73.5,8.04,91.84
-74.48,6.04,29.14
-68.36,44.47,35.58
-62.15,34.1,10.84
-65.07,73.93,16.28
-77.08,14.35,26.12
-65.7,100.76,11.42
-78.51,5.87,47.04
-84.91,7.27,53.79
-60.6,80.36,5.93
-54.48,79.23,34.52
-68.41,64.92,19.17
-74.2,12.73,41.93
-45.52,98.13,46.91
-53.64,22.19,45.43
-88.0,7.63,47.05
-95.0,10.71,25.77
-85.58,16.65,34.37
-75.08,73.5,13.8
-73.95,36.65,39.73
-83.25,6.14,48.65
-78.45,17.83,81.55
-73.93,7.63,162.48
-81.06,14.72,63.78
-80.15,19.21,35.2
-60.9,76.15,14.55
-77.09,12.36,21.43
-84.55,13.81,500.0
-72.71,25.36,500.0
-60.72,56.51,82.11
-67.76,37.53,64.14
-68.17,58.57,16.49
-90.74,6.82,56.15
-89.35,3.59,44.56
-71.56,9.9,40.91
-86.8,0.5,265.01
-84.62,10.18,25.68
-56.39,51.89,151.69
-68.95,93.56,18.59
-95.0,7.02,79.27
-75.0,7.95,40.15
-62.83,24.42,28.17
-78.0,7.1,194.87
-70.33,9.69,164.91
-68.66,90.69,7.18
-68.95,21.58,27.39
-63.89,117.31,23.53
-59.69,51.62,87.7
-74.18,13.52,21.73
-75.35,3.78,164.56
-52.12,45.73,7.56
-95.0,0.5,60.2
-72.09,11.84,246.6
-86.42,7.46,62.79
-89.94,6.28,28.83
-48.61,104.86,10.92
-50.8,29.91,95.46
-62.96,21.81,55.94
-74.5,47.88,17.51
-92.74,5.01,51.93
-64.47,19.08,25.44
-69.61,16.84,23.19
-78.69,13.98,32.85
-79.33,26.41,49.95
-64.06,38.18,9.88
-58.62,66.98,23.63
-95.0,0.5,54.08
-62.97,55.1,50.8
-77.31,9.28,76.99
-59.66,15.15,58.96
-90.46,4.62,54.99
-57.22,68.04,3.29
-88.28,2.79,146.27
-63.04,46.22,500.0
-70.26,15.7,29.38
-83.83,13.86,121.84
-86.02,7.4,86.07
-84.15,1.33,47.76
-81.78,13.42,66.54
-72.84,15.91,21.54
-42.7,91.88,83.64
-77.03,9.23,37.2
-79.44,20.76,106.79
-81.17,23.91,44.35
-73.04,44.86,21.04
-91.12,27.51,21.55
-84.35,27.39,25.5
-74.89,16.65,18.48
-83.52,10.04,57.67
-49.15,32.17,33.39
-63.55,16.51,67.78
-81.13,8.7,32.03
-76.63,18.65,22.01
-85.28,0.5,86.31
-72.26,34.86,51.31
-87.92,7.85,73.95
-71.4,37.27,154.25
-92.29,4.69,34.81
-71.9,18.27,24.03
-41.8,79.96,10.0
-68.94,20.69,24.48
-67.05,283.02,4.98
-55.82,34.25,14.12
-69.03,86.24,12.88
-95.0,1.78,46.94
-88.91,3.37,48.84
-77.25,94.17,12.36
-93.34,16.36,24.17
-88.04,14.58,24.57
-25.12,135.81,28.24
-66.5,115.37,10.11
-71.75,41.06,33.37
-64.38,16.27,55.85
-70.92,14.41,34.41
-67.25,16.25,157.63
-69.11,70.31,14.63
-64.76,51.43,52.26
-48.78,76.42,315.31
-77.29,18.27,19.25
-66.6,31.82,93.77
-54.8,20.61,35.4
-89.04,7.98,122.18
-62.09,17.4,182.08
-75.45,10.51,340.4
-70.82,58.31,13.46
-72.51,34.63,191.24
-85.73,16.78,38.92
-39.11,61.2,7.34
-95.0,10.34,37.18
-64.13,18.92,36.69
-83.91,9.18,85.19
-83.78,14.39,43.42
-84.85,3.19,75.42
-67.27,284.77,5.71
-66.05,10.6,134.12
-80.85,7.84,51.82
-75.6,38.73,26.2
-80.96,121.13,15.72
-88.19,12.22,328.93
-81.43,2.9,81.37
-64.75,10.29,85.77
-48.1,93.55,34.28
-47.79,50.14,12.16
-82.12,9.33,34.03
-56.69,24.24,66.58
-85.89,7.03,56.29
-80.83,16.33,39.7
-82.27,40.39,20.41
-65.06,16.26,29.86
-95.0,4.43,27.53
-66.79,18.59,184.51
-72.86,8.22,80.98
-75.48,34.45,26.65
-71.29,30.71,71.01
-88.46,12.47,31.29
-68.82,14.64,86.53
-76.93,62.62,14.47
-66.44,100.19,9.34
-54.65,26.0,128.81
-90.79,7.33,110.01
-64.88,89.19,15.77
-69.63,20.83,500.0
-87.66,3.77,45.12
-74.39,13.67,34.23
-65.71,114.87,14.12
-56.47,83.95,17.82
-68.49,25.81,13.45
-55.72,76.51,28.06
-62.43,59.97,26.3
-78.04,32.7,31.45
-64.9,15.85,91.57
-83.45,3.01,122.94
-58.21,67.41,5.12
-47.94,34.4,23.86
-66.32,21.9,27.06
-91.61,3.29,64.69
-85.62,14.27,80.57
-70.71,35.54,41.68
-58.17,20.57,481.21
-47.36,135.31,11.81
-91.88,7.21,500.0
-81.3,3.34,65.85
-73.0,13.76,327.16
-35.91,240.57,4.69
-75.79,23.97,157.13
-60.98,59.32,4.88
-70.35,37.65,489.5
-90.17,6.9,86.73
-78.91,16.84,51.67
-69.98,24.68,12.65
-65.26,29.94,22.23
-74.92,27.11,16.28
-63.52,23.82,17.45
-75.75,24.75,18.61
-84.64,8.12,56.4
-65.87,16.79,26.81
-61.48,53.29,232.74
-66.78,21.09,60.92
-63.01,62.45,30.62
-42.51,50.37,14.15
-69.02,13.52,40.27
-83.92,7.13,37.55
-52.58,15.15,96.84
-64.45,49.43,108.18
-50.14,33.21,27.11
-75.74,21.15,17.83
-55.62,27.98,65.27
-71.1,17.28,27.76
-61.68,24.94,26.69
-59.78,59.98,30.39
-95.0,0.5,133.01
-70.85,14.96,44.83
-72.61,60.08,20.98
-78.7,6.34,135.18
-65.8,55.14,8.41
-53.18,92.43,23.07
-76.93,19.0,12.86
-70.79,16.65,25.95
-81.98,10.56,20.99
-95.0,1.75,43.78
-83.02,8.12,43.42
-79.36,17.25,15.93
-88.29,25.91,19.45
-90.63,4.82,250.99
-87.95,4.11,70.76
-74.14,12.88,44.97
-66.73,15.16,37.33
-95.0,3.13,54.98
-88.68,2.08,96.01
-56.09,37.06,13.04
-72.07,9.65,33.38
-84.19,0.5,144.21
-84.86,14.71,333.78
-61.87,22.27,73.82
-89.22,0.5,173.88
-73.07,13.89,86.01
-62.92,49.64,97.86
-82.99,13.29,22.77
-62.92,12.18,56.85
-75.23,26.22,47.75
-69.46,36.52,39.89
-65.58,18.29,155.81
-82.97,7.11,500.0
-58.07,29.01,18.29
-87.34,8.6,24.78
-54.21,22.16,318.99
-86.56,7.55,72.27
-83.4,13.04,500.0
-86.94,2.21,71.68
-82.93,5.38,38.48
-95.0,2.13,160.6
-80.66,15.6,334.16
-80.59,3.11,70.56
-68.18,27.91,25.98
-62.03,24.99,39.77
-76.76,18.47,21.19
-34.67,46.55,23.41
-67.97,11.9,83.74
-73.22,135.99,27.11
-64.59,57.94,40.22
-57.48,17.01,60.94
-69.11,46.52,9.84
-84.9,10.04,24.79
-67.29,26.32,27.26
-88.69,3.85,86.56
-60.03,13.61,49.63
-64.94,110.72,5.49
-63.25,81.19,13.53
-76.31,53.38,20.16
-93.1,1.37,57.84
-73.98,8.34,102.95
-70.66,6.92,168.84
-83.02,7.17,30.82
-53.44,25.23,46.63
-64.33,24.92,34.68
-66.65,14.4,32.17
-67.24,26.49,16.53
-79.53,26.36,160.13
-54.31,256.55,4.24
-56.37,31.11,20.76
-75.79,8.45,30.46
-37.84,123.45,22.54
-73.77,39.01,30.44
-62.81,16.9,56.97
-85.41,1.49,145.74
-60.73,24.45,17.93
-63.11,21.44,27.47
-89.98,4.44,26.26
-78.78,15.54,23.23
-50.45,129.2,7.7
-46.13,50.77,12.04
-88.28,0.65,199.75
-68.37,65.22,10.89
-69.97,8.98,80.36
-75.5,7.4,142.31
-83.34,4.97,100.33
-95.0,0.5,65.34
-77.23,6.1,72.49
-84.72,3.87,500.0
-94.7,2.29,45.02
-53.42,54.92,35.18
-86.06,35.12,35.11
-85.27,14.14,38.97
-88.38,12.16,104.01
-78.2,8.41,491.97
-92.13,3.31,71.3
-73.78,7.54,240.25
-85.57,0.5,335.23
-89.63,9.61,24.32
-69.93,17.59,37.46
-54.48,36.51,10.54
-74.6,8.18,500.0
-88.72,10.44,42.62
-42.9,93.35,63.29
-93.62,2.06,167.21
-78.79,10.97,29.13
-78.51,22.44,45.45
-64.71,3.95,110.71
-66.35,19.21,500.0
-55.93,67.86,67.55
-51.22,97.02,16.59
-73.04,13.62,45.43
-68.08,14.1,67.06
-46.19,27.34,80.62
-88.66,6.65,64.98
-37.48,86.28,115.46
-74.31,12.09,62.83
-68.55,40.82,490.06
-85.27,10.11,329.06
-67.15,15.64,44.18
-70.56,64.99,18.17
-85.74,20.02,24.68
-61.98,57.05,42.56
-87.5,13.96,111.93
-64.28,18.59,27.66
-90.1,2.62,43.9
-70.98,19.27,21.66
-69.05,31.86,14.82
-65.96,24.3,12.15
-35.8,31.72,25.69
-72.02,29.58,321.96
-49.46,35.98,22.39
-83.49,53.08,22.65
-92.88,4.98,28.96
-83.74,8.91,209.52
-72.4,11.46,54.77
-79.07,25.89,38.14
-69.83,46.98,24.35
-64.97,36.71,12.61
-62.47,76.9,19.66
-70.6,28.93,14.56
-90.43,5.82,21.88
-76.99,30.13,31.53
-62.14,22.57,17.21
-58.2,32.82,12.65
-83.41,12.54,33.46
-95.0,3.86,51.71
-79.94,16.4,22.34
-74.58,37.8,48.93
-71.33,27.4,486.17
-56.32,23.84,30.71
-58.1,25.23,27.49
-95.0,7.15,500.0
-82.46,14.7,20.09
-76.17,31.68,38.97
-65.95,20.13,44.82
-91.24,10.88,33.79
-81.3,15.16,495.52
-50.72,38.19,16.1
-66.15,17.98,126.32
-81.3,7.65,49.88
-66.46,17.7,27.09
-74.27,42.03,35.97
-70.59,21.35,18.07
-88.06,11.28,42.49
-69.16,25.8,15.89
-72.29,130.66,13.7
-81.77,25.55,41.16
-87.0,17.05,24.18
-80.45,4.0,63.92
-81.72,1.95,500.0
-76.33,18.78,27.11
-56.26,63.97,73.4
-89.96,3.96,41.76
-79.75,25.6,31.12
-77.94,17.97,149.67
-65.2,15.39,40.25
-55.32,60.93,100.68
-85.05,6.49,38.23
-78.59,25.63,39.63
-63.38,20.09,94.04
-53.61,31.5,24.46
-58.43,194.14,1.0
-78.65,20.31,239.02
-38.1,148.22,13.74
-74.48,28.99,33.34
-61.22,54.47,38.07
-56.71,289.58,3.77
-93.12,0.62,337.15
-61.77,83.07,11.8
-79.44,9.95,41.92
-83.2,7.94,49.49
-67.24,19.54,27.37
-95.0,7.34,23.6
-70.75,18.2,24.32
-64.02,38.04,136.88
-75.95,58.84,10.28
-63.47,94.47,18.41
-93.31,5.86,96.85
-65.99,20.54,22.68
-84.91,2.57,114.85
-78.59,7.81,30.64
-95.0,8.21,24.9
-70.18,19.54,27.78
-72.63,12.0,42.3
-50.22,18.35,69.12
-60.93,73.09,23.22
-95.0,0.5,61.06
-60.19,32.83,13.26
-58.06,28.29,19.78
-52.07,81.07,3.61
-84.72,0.5,31.62
-65.67,29.99,114.54
-65.69,19.51,113.39
-62.47,37.89,9.7
-71.3,27.32,13.69
-83.53,30.27,21.86
-61.65,26.2,17.78
-92.64,4.69,168.71
-87.86,7.5,38.08
-91.78,8.24,27.8
-76.98,8.32,34.57
-72.77,9.46,71.66
-67.69,12.84,113.45
-74.18,11.95,500.0
-61.02,62.14,26.61
-73.1,37.11,48.34
-63.88,21.43,29.23
-36.96,78.47,500.0
-82.86,101.75,13.44
-68.1,14.09,500.0
-95.0,6.72,207.72
-63.0,36.16,11.48
-87.28,5.2,48.16
-52.37,86.01,29.46
-64.16,24.94,17.43
-62.91,23.35,25.72
-78.33,5.13,29.82
-95.0,8.68,30.38
-83.92,1.95,105.29
-60.49,81.58,22.9
-70.68,72.59,14.75
-94.14,0.5,500.0
-79.06,21.12,500.0
-70.75,25.03,13.2
-70.99,54.37,7.29
-73.44,18.23,25.07
-78.69,0.5,323.21
-58.77,31.06,18.67
-89.19,8.96,42.18
-65.17,20.59,65.64
-55.75,26.31,26.75
-69.22,18.2,59.49
-59.06,35.41,17.38
-59.39,15.79,134.48
-54.16,37.48,19.46
-66.86,36.19,90.91
-74.36,10.55,82.1
-79.01,38.54,23.05
-75.15,12.02,25.45
-95.0,3.03,47.06
-65.77,77.05,17.34
-77.35,62.72,17.85
-88.61,0.5,205.0
-70.08,25.02,12.21
-81.36,1.08,334.41
-66.29,70.5,18.35
-69.49,150.76,14.36
-69.74,44.06,38.27
-42.06,592.35,4.53
-76.29,11.72,31.07
-73.68,7.64,500.0
-68.0,13.62,155.84
-66.64,14.47,323.62
-95.0,2.86,31.8
-68.19,73.0,16.55
-86.34,10.55,52.5
-71.39,77.58,13.65
-72.59,33.21,58.25
-77.59,45.9,17.71
-72.22,18.54,25.91
-75.46,25.25,92.9
-59.91,20.6,231.54
-64.66,21.25,35.11
-62.05,208.66,11.25
-83.36,6.23,500.0
-65.96,74.71,14.03
-71.17,32.08,159.81
-60.2,74.48,22.73
-69.12,26.29,12.21
-56.76,109.72,13.8
-84.66,6.38,38.46
-69.49,14.37,485.71
-66.81,49.69,20.27
-60.97,60.81,30.42
-69.81,6.14,195.75
-90.35,1.21,107.57
-81.69,13.79,24.32
-78.45,31.9,30.91
-95.0,2.16,106.91
-75.17,45.14,26.55
-92.15,2.78,123.61
-60.82,103.16,10.9
-52.84,37.21,15.45
-62.49,11.29,248.8
-79.86,11.95,28.37
-72.19,13.6,64.45
-67.43,85.96,12.06
-78.09,1.79,335.45
-52.62,24.9,60.44
-70.9,17.31,43.44
-95.0,0.5,500.0
-65.2,143.42,7.99
-71.69,3.21,338.08
-95.0,4.17,32.98
-67.1,13.25,33.96
-80.87,6.57,86.98
-41.1,32.18,233.64
-65.24,36.45,9.8
-79.47,0.5,96.65
-95.0,6.4,33.7
-53.67,21.08,151.06
-95.0,0.5,59.48
-62.27,64.77,25.91
-70.62,16.18,25.5
-56.01,54.12,115.55
-84.13,18.68,33.67
-80.71,24.6,33.03
-95.0,2.64,44.84
-74.21,34.67,45.63
-81.45,29.03,26.49
-78.04,10.0,34.12
-70.39,19.8,19.84
-66.38,115.69,9.59
-78.28,7.4,500.0
-57.37,21.22,500.0
-95.0,4.17,35.94
-68.83,10.84,78.01
-94.92,8.82,24.89
-63.19,19.88,183.85
-78.18,17.15,72.92
-87.42,7.28,92.72
-73.94,18.5,21.69
-72.82,25.19,20.07
-65.52,43.6,235.34
-68.18,158.59,12.59
-85.42,6.25,61.17
-72.29,16.38,27.67
-72.87,35.06,28.1
-75.22,48.25,21.92
-66.73,12.09,500.0
-65.57,51.7,39.04
-88.4,3.73,212.91
-61.16,20.91,316.71
-60.92,13.78,58.61
-47.02,45.91,10.77
-95.0,0.5,52.38
-63.38,34.21,13.78
-78.03,67.22,14.12
-67.08,17.12,37.73
-77.34,8.15,34.66
-38.03,92.44,6.45
-62.88,35.48,9.89
-84.34,4.27,69.48
-83.52,10.29,44.2
-87.22,19.64,21.87
-86.84,5.58,136.41
-69.02,41.53,156.65
-79.28,7.76,42.11
-68.59,50.38,38.9
-89.95,2.96,46.95
-67.4,41.4,13.87
-95.0,1.95,500.0
-66.08,50.37,41.08
-66.35,24.0,22.12
-66.38,97.62,5.39
-59.68,12.04,500.0
-62.58,65.93,19.26
-25.94,158.37,23.91
-95.0,4.01,104.17
-77.27,29.49,15.68
-76.02,26.35,45.1
-65.1,33.62,47.34
-83.09,14.89,169.6
-51.85,39.18,16.57
-69.04,33.8,161.03
-52.15,24.67,147.94
-91.42,5.87,40.75
-54.42,57.69,10.53
-95.0,4.83,32.79
-82.62,8.83,243.37
-93.47,14.33,22.42
-84.05,21.95,36.61
-82.1,4.9,56.63
-64.03,18.02,317.25
-65.93,18.55,27.24
-69.11,29.13,500.0
-57.17,50.37,128.85
-65.75,17.75,35.2
-69.1,25.78,20.4
-72.08,10.16,44.45
-61.56,59.79,38.14
-57.77,41.33,7.9
-75.71,35.09,33.34
-71.43,30.55,13.53
-80.07,22.04,41.2
-36.5,46.3,31.72
-33.84,35.06,46.07
-80.2,7.52,73.07
-62.35,51.4,94.55
-55.91,55.84,3.4
-95.0,1.49,30.78
-71.51,7.74,164.77
-71.06,41.98,63.98
-71.03,13.66,35.32
-64.64,76.42,7.59
-60.94,53.3,5.65
-73.57,8.23,65.14
-61.25,28.17,18.23
-60.07,70.37,21.06
-65.67,14.11,31.7
-68.23,48.68,50.56
-26.45,226.86,8.28
-54.7,22.45,62.09
-93.28,4.92,54.51
-65.02,24.24,25.48
-64.07,18.64,33.11
-70.64,32.2,500.0
-76.05,7.64,98.08
-73.5,19.51,45.62
-74.75,10.01,497.42
-66.43,19.86,25.42
-57.41,22.83,20.67
-79.54,10.0,30.54
-93.61,1.07,253.31
-89.56,0.5,62.77
-68.49,48.86,32.58
-84.39,12.51,500.0
-75.02,12.58,21.31
-71.13,20.25,18.12
-35.01,148.86,15.1
-77.56,13.62,44.56
-74.52,47.86,22.66
-55.02,32.49,21.12
-53.9,69.95,97.42
-70.85,24.12,21.23
-87.63,1.59,68.92
-95.0,2.78,43.46
-85.05,3.41,39.42
-82.19,1.21,500.0
-75.05,19.1,31.06
-60.45,43.51,8.25
-64.91,21.26,31.63
-83.14,21.05,28.0
-45.39,34.62,34.89
-83.14,6.54,64.04
-83.19,81.44,21.95
-77.02,35.62,31.23
-75.29,18.21,30.56
-84.3,15.41,59.32
-74.12,33.82,30.89
-49.36,89.97,3.01
-74.01,10.28,102.48
-68.01,8.97,99.96
-76.61,49.48,23.24
-60.76,34.08,8.68
-57.21,86.15,18.33
-87.55,13.93,37.8
-95.0,0.5,128.0
-73.24,18.91,17.7
-95.0,6.84,26.86
-95.0,3.18,59.77
-51.78,23.93,313.23
-61.68,73.9,20.26
-65.56,87.39,14.92
-92.96,4.02,86.87
-89.24,9.55,29.22
-73.09,13.55,101.67
-49.44,39.83,11.32
-69.23,40.69,32.41
-73.13,9.81,500.0
-84.49,1.24,28.1
-73.1,6.61,258.21
-92.82,8.53,92.02
-46.67,110.11,19.48
-65.71,111.28,21.73
-76.23,25.08,19.43
-45.59,40.86,18.4
-37.91,32.34,179.44
-86.52,8.19,145.68
-77.51,34.94,26.36
-79.83,5.74,40.59
-74.91,32.66,51.76
-69.39,2.38,500.0
-66.66,15.66,41.69
-83.7,13.12,147.15
-63.85,22.19,69.8
-78.62,27.14,29.22
-78.3,10.42,65.38
-65.29,64.33,11.45
-89.26,1.39,89.85
-60.75,32.73,16.02
-54.58,263.59,7.82
-34.79,31.85,316.95
-73.33,35.23,11.62
-70.56,16.86,40.79
-94.62,5.54,29.33
-63.27,11.35,500.0
-58.08,58.62,39.17
-59.1,60.33,481.98
-30.01,31.16,500.0
-79.54,24.31,117.05
-44.63,42.93,18.62
-73.99,19.26,18.12
-78.52,30.09,31.8
-67.82,41.09,154.51
-49.95,52.96,51.45
-61.29,54.74,38.49
-57.97,110.27,9.19
-70.97,9.22,500.0
-85.21,2.94,42.77
-84.77,5.05,29.79
-91.32,4.46,22.65
-89.79,1.33,74.41
-73.3,28.75,163.0
-48.51,23.6,127.46
-72.04,47.83,15.67
-95.0,3.6,93.96
-53.45,158.14,5.93
-82.18,24.35,27.46
-70.53,14.9,39.88
-69.56,103.84,9.1
-95.0,7.89,36.75
-76.8,23.16,30.01
-95.0,2.65,69.76
-95.0,5.26,72.83
-72.15,17.72,21.55
-66.3,12.24,191.13
-88.56,7.61,68.93
-84.24,17.32,21.01
-69.43,41.71,49.57
-71.79,6.57,49.16
-62.44,62.96,33.94
-41.04,58.31,198.45
-69.31,28.22,73.15
-44.07,84.85,25.38
-52.62,76.15,10.0
-86.04,18.3,32.9
-70.82,12.89,62.47
-85.45,18.25,16.57
-79.86,7.13,60.83
-64.47,10.1,94.62
-37.72,130.84,20.91
-25.06,45.76,48.53
-90.71,0.5,73.32
-70.21,48.29,31.55
-52.46,37.15,14.0
-63.0,35.3,6.04
-43.56,214.18,9.41
-20.0,155.67,34.93
-81.59,8.23,33.8
-74.37,28.28,38.37
-52.83,31.32,21.02
-83.13,20.68,70.65
-59.21,75.35,27.96
-87.2,7.45,45.4
-69.63,79.49,18.75
-83.66,7.13,39.4
-80.17,11.52,51.94
-69.13,35.05,15.53
-70.35,5.73,123.66
-52.24,57.14,7.67
-61.88,44.31,37.51
-54.86,107.26,12.93
-68.16,45.47,6.27
-67.57,14.02,87.8
-69.31,44.13,57.21
-89.81,11.71,42.63
-77.63,13.0,32.21
-82.54,9.25,48.42
-84.16,85.5,17.15
-52.11,84.0,5.32
-66.88,31.92,63.99
-57.69,75.41,21.86
-39.4,134.14,17.59
-67.32,62.3,25.36
-84.11,0.8,72.59
-87.71,4.03,167.28
-50.01,40.32,15.96
-95.0,0.5,49.77
-79.96,26.37,27.51
-75.06,20.39,68.89
-92.35,18.39,20.21
-33.6,351.51,5.14
-91.84,0.5,50.73
-70.39,14.04,72.74
-95.0,5.1,100.57
-70.75,28.67,14.32
-85.88,6.67,125.72
-80.59,22.78,138.82
-68.59,51.61,22.85
-52.99,97.96,16.28
-68.95,18.53,22.31
-81.83,0.57,499.73
-65.46,67.66,14.5
-66.59,29.14,14.72
-94.68,0.5,64.47
-63.46,11.53,500.0
-73.0,40.06,32.27
-82.87,13.2,113.69
-61.2,33.01,14.8
-95.0,9.12,28.86
-54.53,78.1,24.23
-75.37,6.34,500.0
-69.14,22.55,21.35
-80.99,4.73,149.48
-81.67,6.17,342.74
-65.78,44.32,11.71
-76.53,28.48,81.93
-92.9,5.03,89.75
-59.38,64.97,58.3
-45.99,189.04,3.85
-76.15,11.14,46.29
-63.15,22.47,23.13
-95.0,0.5,59.51
-50.83,183.82,22.26
-54.9,69.25,65.71
-52.27,68.62,49.67
-75.73,38.95,24.27
-83.3,7.64,163.38
-73.92,50.77,20.16
-76.33,37.1,38.39
-60.1,28.41,15.28
-87.31,14.74,33.88
-65.02,15.59,500.0
-80.85,22.63,52.04
-82.25,11.28,107.71
-56.77,73.5,43.16
-66.99,17.38,22.44
-70.92,7.9,55.95
-65.19,35.87,9.57
-90.77,5.28,24.9
-60.62,22.44,47.36
-55.46,85.41,19.66
-60.96,15.27,59.95
-63.73,117.57,9.94
-47.83,31.16,148.44
-73.2,9.04,55.34
-67.89,35.18,46.6
-95.0,3.3,500.0
-79.99,31.28,24.99
-78.54,4.9,138.48
-42.7,23.13,32.86
-65.25,13.92,57.18
-74.93,5.66,52.79
-88.15,4.31,95.67
-59.18,34.45,19.16
-81.16,16.92,16.95
-79.43,5.58,83.47
-80.51,10.61,39.4
-72.98,6.07,49.84
-69.85,75.74,20.78
-78.59,31.45,30.93
-95.0,5.3,39.16
-82.63,16.62,82.75
-63.42,50.45,37.7
-41.23,28.98,87.1
-70.18,15.18,31.89
-75.68,79.52,17.6
-66.61,14.83,87.91
-95.0,4.38,53.18
-60.72,23.78,36.25
-70.25,28.46,19.67
-60.02,49.86,314.5
-81.49,6.98,26.72
-67.75,11.38,52.41
-77.27,5.56,92.61
-63.77,18.77,34.56
-80.16,21.99,33.68
-66.81,16.51,31.41
-93.42,0.5,77.33
-73.69,30.74,17.77
-44.2,29.53,481.79
-38.34,141.31,13.71
-85.28,6.48,52.18
-62.19,28.39,18.32
-57.03,22.73,73.84
-59.18,89.05,10.74
-80.26,26.42,34.41
-65.11,15.75,31.94
-60.69,22.3,25.9
-65.1,100.28,8.41
-82.7,33.79,18.59
-59.63,29.38,18.52
-72.12,31.19,89.64
-73.23,51.23,15.15
-77.19,13.73,33.75
-61.94,45.43,485.45
-47.28,28.95,185.43
-65.75,95.36,11.47
-63.3,25.71,19.96
-87.21,6.82,37.8
-95.0,2.45,104.26
-90.28,4.4,45.78
-70.13,55.15,27.67
-63.39,45.32,72.87
-74.92,7.33,63.17
-67.76,27.47,500.0
-41.58,145.5,1.0
-66.61,8.37,141.75
-65.53,45.96,154.94
-95.0,1.53,50.21
-68.37,55.35,24.26
-58.37,159.75,5.16
-70.25,19.63,18.8
-90.58,3.78,83.88
-42.38,24.18,235.01
-64.11,34.55,10.19
-77.43,25.16,52.01
-65.66,16.53,128.19
-85.27,15.69,31.86
-86.73,8.18,27.73
-72.56,12.34,32.78
-65.17,78.42,12.48
-52.51,134.57,8.54
-57.49,22.76,124.27
-91.81,0.5,42.65
-63.24,16.27,28.34
-70.91,16.93,80.02
-76.92,10.8,53.24
-69.75,11.26,52.44
-71.63,8.48,324.93
-75.01,21.56,500.0
-67.73,12.85,242.69
-67.96,15.23,110.13
-84.66,12.63,97.82
-83.0,15.23,58.1
-95.0,5.64,46.38
-83.95,18.66,27.02
-82.8,11.09,63.8
-77.21,11.96,65.54
-73.09,33.73,17.01
-70.03,9.86,500.0
-87.86,1.94,81.32
-80.17,18.2,81.6
-79.82,53.13,16.96
-66.0,28.92,16.04
-57.7,18.9,51.38
-66.77,19.36,77.48
-72.07,35.34,38.97
-54.83,38.24,10.92
-70.7,31.91,6.95
-87.62,8.83,63.7
-82.59,6.0,500.0
-63.42,79.36,9.63
-94.61,1.11,48.24
-74.8,5.58,194.54
-80.16,8.87,243.31
-66.56,19.01,74.7
-65.69,63.89,11.42
-65.57,133.6,16.79
-75.3,9.62,106.91
-71.15,15.43,34.03
-94.14,5.3,500.0
-66.92,36.73,190.46
-63.03,44.44,9.75
-66.99,34.23,10.34
-71.15,77.73,17.63
-95.0,0.5,76.67
-53.83,54.65,486.6
-63.01,44.68,62.07
-86.05,1.21,168.61
-88.33,18.23,21.32
-69.95,9.94,105.4
-69.14,12.19,80.14
-70.34,32.02,76.29
-69.22,158.93,15.35
-88.39,9.08,33.35
-81.41,28.63,22.43
-70.25,46.0,34.32
-95.0,3.03,28.41
-39.95,30.0,69.06
-77.8,10.57,33.3
-52.16,23.94,98.52
-64.74,8.77,335.22
-95.0,3.36,49.31
-57.69,68.83,41.42
-28.87,61.28,9.76
-84.73,0.65,500.0
-62.42,41.21,51.49
-74.08,60.68,14.96
-85.84,27.97,20.68
-95.0,1.58,71.27
-64.53,48.12,9.72
-89.35,19.64,22.93
-61.91,25.94,22.08
-70.88,44.19,44.01
-80.96,8.86,34.39
-84.27,4.85,327.3
-72.55,7.93,46.66
-90.97,1.46,126.86
-61.11,19.02,54.57
-62.96,6.55,333.92
-60.1,62.47,38.66
-20.18,93.24,8.38
-82.67,7.8,36.98
-41.63,28.01,500.0
-27.72,544.52,3.7
-69.88,12.97,48.54
-80.95,5.5,42.71
-88.92,6.71,48.41
-67.38,34.6,16.8
-78.84,58.69,22.1
-92.87,6.76,24.27
-57.45,118.28,9.61
-20.0,124.31,500.0
-61.38,229.43,21.73
-71.61,190.91,12.77
-65.29,86.34,17.04
-85.12,14.23,72.35
-90.11,0.64,68.4
-79.16,20.6,61.82
-79.46,21.01,68.15
-76.1,18.47,23.89
-45.34,29.44,84.46
-72.75,19.17,20.96
-75.4,2.31,500.0
-56.15,27.33,13.84
-66.13,55.05,25.19
-79.61,24.39,30.05
-79.55,2.68,500.0
-68.25,32.47,13.11
-66.35,19.11,39.17
-68.35,19.55,42.19
-44.69,102.01,35.65
-76.45,27.85,52.96
-74.35,83.31,13.57
-81.18,17.92,66.19
-45.63,75.02,35.81
-71.33,35.35,66.75
-90.47,0.5,60.13
-69.49,51.12,20.35
-75.77,50.67,18.86
-58.9,21.56,46.48
-79.06,35.08,22.42
-77.32,6.06,44.33
-62.91,46.77,316.4
-67.55,11.29,486.95
-64.72,41.21,12.98
-88.08,5.04,90.24
-79.24,2.38,119.37
-51.15,34.14,21.74
-57.27,27.64,21.85
-73.54,12.66,52.17
-42.13,115.48,23.73
-95.0,3.56,65.54
-73.86,53.88,20.42
-70.17,49.86,33.01
-82.17,13.83,500.0
-71.96,26.01,78.9
-84.37,11.46,43.21
-71.25,31.48,500.0
-67.21,38.3,240.13
-59.67,28.13,33.98
-68.15,62.3,28.02
-84.5,10.96,31.86
-84.39,12.89,17.47
-75.71,19.52,500.0
-38.66,46.27,19.28
-78.23,45.3,16.56
-95.0,11.23,37.98
-80.09,74.56,19.75
-93.38,4.17,23.93
-73.81,15.25,14.47
-80.04,7.89,103.44
-52.09,83.5,1.59
-62.24,23.3,25.42
-76.82,4.8,57.26
-67.09,18.1,23.22
-77.67,40.38,26.34
-77.05,47.45,16.75
-76.28,8.5,29.11
-68.2,10.82,192.95
-95.0,2.99,32.82
-55.32,54.69,322.32
-63.51,131.95,9.01
-57.54,33.15,11.23
-95.0,4.04,217.79
-88.59,5.72,44.28
-74.63,10.58,68.69
-58.77,129.42,3.59
-71.81,6.43,73.09
-87.59,12.65,27.42
-78.94,12.17,30.15
-73.94,33.24,51.31
-41.93,34.75,39.38
-43.2,48.52,21.63
-95.0,0.5,23.54
-88.93,4.71,200.31
-55.53,138.15,12.5
-69.38,14.6,29.8
-77.22,33.87,28.52
-79.8,2.26,82.24
-82.57,0.5,85.97
-95.0,1.48,174.61
-47.76,45.01,16.66
-57.62,30.58,22.94
-63.37,97.91,10.61
-66.28,39.71,500.0
-58.9,18.02,35.9
-83.86,6.25,46.81
-73.3,8.78,500.0
-45.2,39.69,17.6
-95.0,0.5,26.76
-56.68,61.1,94.53
-54.39,58.4,154.43
-64.1,37.09,8.08
-78.84,11.14,91.17
-69.87,38.55,189.0
-69.48,35.55,15.12
-72.17,10.88,117.86
-61.16,118.13,2.94
-67.26,20.47,31.31
-55.46,66.97,83.84
-82.39,7.17,50.6
-79.43,9.92,20.44
-78.82,40.07,20.56
-71.48,69.22,14.71
-95.0,8.16,21.22
-78.03,35.14,19.43
-79.0,7.78,53.03
-64.21,35.61,491.39
-77.93,13.29,39.68
-95.0,0.5,117.3
-76.37,12.86,149.73
-72.79,5.37,330.26
-61.3,83.56,18.69
-52.72,25.54,29.74
-79.41,12.47,500.0
-95.0,0.5,114.99
-49.06,88.13,61.07
-68.07,30.91,21.44
-73.18,8.0,40.87
-65.61,123.51,5.59
-64.26,38.75,15.04
-59.03,26.42,46.76
-61.63,54.88,189.1
-87.97,23.89,22.22
-90.54,8.13,27.66
-84.44,0.5,71.58
-78.94,4.21,81.46
-58.78,51.66,3.76
-72.74,9.18,66.8
-95.0,4.98,44.8
-51.05,178.57,6.51
-62.61,62.89,62.37
-63.96,28.97,17.0
-78.32,17.19,24.79
-67.96,43.06,12.76
-53.88,20.01,52.19
-95.0,3.08,67.03
-95.0,0.5,500.0
-61.02,22.98,28.39
-95.0,3.62,28.26
-44.63,71.67,31.63
-50.84,27.79,34.75
-61.58,36.48,14.65
-41.26,100.73,29.38
-88.06,4.75,24.43
-68.69,9.8,120.11
-53.02,145.78,8.58
-84.94,19.57,27.5
-75.65,24.79,500.0
-68.65,7.74,241.06
-61.85,22.33,19.66
-61.83,43.88,8.44
-68.74,4.33,500.0
-75.94,31.24,59.87
-80.3,49.07,31.86
-65.24,16.4,55.88
-66.04,23.5,29.61
-69.25,62.82,7.32
-74.79,36.99,58.13
-63.32,23.87,33.48
-95.0,3.0,147.92
-76.78,9.08,83.83
-41.53,157.33,13.97
-72.46,33.73,50.38
-66.57,6.62,51.11
-56.26,20.46,44.65
-65.42,18.5,88.09
-79.26,5.01,177.93
-70.19,66.35,13.46
-77.85,24.47,74.5
-76.46,26.11,16.54
-84.06,6.05,43.87
-52.06,83.39,33.74
-74.08,9.56,50.01
-76.34,24.5,59.58
-86.16,22.62,29.57
-95.0,4.09,500.0
-58.41,17.67,37.42
-71.03,9.89,49.38
-59.5,32.45,20.73
-86.67,11.44,114.54
-45.1,48.42,12.83
-68.36,39.12,11.17
-68.29,14.56,190.09
-65.0,13.47,42.51
-84.82,9.12,22.75
-69.92,39.33,42.56
-88.87,17.76,21.25
-62.23,91.74,11.61
-95.0,8.43,40.86
-94.55,4.04,56.09
-92.52,10.64,25.95
-81.64,17.25,56.0
-78.94,30.46,36.29
-62.96,23.43,32.36
-83.96,31.95,19.4
-51.01,29.66,39.33
-90.43,2.38,111.17
-87.16,6.79,40.79
-34.82,31.76,500.0
-60.42,84.19,15.88
-82.82,1.96,26.35
-64.02,51.35,21.04
-49.76,68.91,500.0
-95.0,1.2,27.64
-85.63,6.48,43.82
-81.35,5.42,500.0
-95.0,3.63,45.35
-69.85,9.75,36.34
-65.62,34.76,10.24
-48.56,81.94,43.0
-63.91,12.15,33.97
-47.22,50.86,500.0
-78.8,8.88,35.94
-79.04,44.79,20.02
-95.0,5.83,27.68
-86.19,18.02,29.52
-95.0,3.86,144.71
-31.43,47.51,32.73
-85.67,5.07,20.97
-69.36,50.72,25.71
-86.47,7.46,24.61
-83.64,23.14,28.15
-20.27,39.52,98.15
-70.94,19.45,81.35
-72.41,11.81,38.42
-82.08,19.21,16.66
-77.9,4.73,493.41
-95.0,3.08,41.52
-91.16,6.45,43.27
-74.58,16.43,20.45
-73.17,15.18,35.06
-62.83,16.01,49.98
-71.34,14.85,24.89
-94.2,11.03,38.91
-58.43,26.37,41.78
-72.35,32.48,35.46
-60.85,214.5,6.79
-95.0,3.69,500.0
-76.56,7.57,96.28
-83.97,19.59,35.47
-71.54,27.24,94.22
-92.85,0.5,255.3
-59.42,72.94,20.97
-54.39,77.61,7.25
-57.4,19.47,38.09
-64.58,32.04,500.0
-94.96,1.78,51.79
-47.89,27.82,55.78
-64.27,42.95,323.31
-65.78,10.02,36.66
-92.45,4.29,82.56
-91.94,2.81,46.26
-72.89,29.21,41.29
-54.11,114.84,13.69
-68.16,18.18,27.44
-65.31,21.22,30.03
-69.14,29.1,11.57
-84.78,11.7,18.33
-95.0,7.17,26.75
-74.51,32.99,29.91
-74.27,51.9,21.54
-53.11,17.51,34.42
-91.94,5.98,69.88
-69.78,56.68,22.07
-55.17,200.64,18.84
-59.87,24.81,22.08
-82.3,56.71,18.26
-48.51,19.96,185.83
-56.17,22.69,50.52
-72.26,35.31,500.0
-63.1,15.01,24.15
-67.24,17.52,33.66
-93.93,6.12,29.43
-69.81,20.25,21.02
-79.57,19.45,194.5
-56.79,57.32,32.16
-77.12,10.44,34.92
-49.04,25.54,93.07
-94.54,4.14,30.21
-93.5,0.63,79.83
-60.16,37.02,9.23
-63.71,53.7,131.75
-54.52,42.59,19.25
-65.09,25.61,15.82
-64.37,15.06,50.59
-72.76,12.47,491.34
-89.07,6.73,180.56
-77.09,27.33,37.97
-73.89,54.44,16.22
-42.61,93.05,6.44
-95.0,0.5,130.4
-73.93,12.99,50.77
-74.95,10.56,38.15
-60.97,14.65,66.46
-83.98,8.55,143.8
-59.05,18.69,39.04
-66.24,14.07,48.78
-77.0,28.42,138.68
-86.29,0.5,500.0
-80.37,52.95,20.75
-85.89,6.3,43.57
-61.77,13.95,487.6
-56.82,67.33,79.74
-38.38,38.42,20.92
-74.33,37.71,44.46
-52.53,26.13,500.0
-64.64,19.11,36.55
-58.57,89.31,14.75
-77.18,42.58,16.67
-83.77,31.56,14.63
-71.04,46.46,41.64
-82.24,6.76,36.92
-78.84,8.4,38.22
-64.75,20.12,43.17
-66.74,21.84,23.96
-61.87,47.5,111.46
-82.11,5.31,34.39
-50.5,22.39,99.17
-52.17,25.95,45.13
-77.09,38.08,25.41
-46.83,37.19,30.06
-81.23,10.2,35.56
-92.03,7.33,40.11
-52.07,21.98,56.11
-77.97,5.02,51.6
-68.84,21.84,17.56
-79.25,5.35,342.79
-54.35,18.94,500.0
-68.42,49.11,29.46
-76.75,12.97,32.1
-50.02,115.1,16.46
-52.95,37.91,12.22
-79.49,8.82,45.87
-69.54,17.8,24.1
-84.28,18.38,37.86
-61.04,62.11,41.44
-69.04,27.38,500.0
-79.35,27.1,39.47
-70.73,23.81,77.98
-63.6,55.32,67.14
-82.87,6.05,24.93
-60.42,55.98,12.41
-84.8,7.26,23.39
-59.42,30.93,19.67
-80.35,6.05,40.04
-66.65,22.6,22.37
-78.42,12.93,28.38
-87.21,19.68,20.01
-68.26,93.34,14.38
-57.04,25.99,24.02
-69.18,9.83,63.41
-73.22,19.41,20.09
-71.91,5.89,114.87
-46.73,30.94,88.76
-57.68,33.84,13.35
-39.55,90.88,237.9
-68.51,13.21,30.91
-73.78,26.12,330.01
-69.94,142.18,5.99
-71.96,36.17,14.39
-64.76,92.97,8.48
-95.0,0.63,85.02
-72.1,59.39,19.62
-57.8,25.33,34.24
-78.21,22.26,500.0
-65.51,28.1,15.35
-83.87,0.5,121.21
-59.65,24.66,56.32
-31.42,168.41,13.47
-20.4,141.4,60.26
-79.82,21.66,33.69
-30.58,33.37,53.32
-78.09,20.68,196.16
-95.0,0.5,207.74
-59.42,17.26,125.49
-70.17,50.45,25.55
-66.29,47.1,31.97
-76.64,9.17,40.04
-75.55,26.79,30.84
-73.02,17.51,26.9
-72.09,32.16,239.84
-62.0,18.8,500.0
-69.12,26.16,147.43
-38.77,73.21,500.0
-74.62,55.19,16.85
-77.76,32.99,12.6
-85.29,10.01,78.0
-46.86,31.05,43.32
-62.21,18.92,32.7
-36.12,33.45,25.12
-63.71,187.53,8.16
-48.6,28.03,230.0
-88.24,6.35,95.85
-87.02,39.58,22.92
-56.3,55.76,48.0
-95.0,6.31,23.64
-49.54,115.74,17.77
-95.0,0.5,78.35
-56.52,23.03,24.68
-73.18,8.83,35.54
-70.39,2.15,96.8
-89.85,4.1,83.58
-67.96,18.97,112.0
-48.76,33.63,89.91
-60.49,29.2,12.94
-67.11,98.6,19.46
-92.88,5.56,33.24
-83.58,21.87,34.73
-83.21,9.81,61.74
-71.66,19.05,19.59
-54.15,59.01,188.38
-95.0,3.53,37.32
-82.64,29.24,19.8
-94.06,10.92,50.09
-72.04,61.6,20.38
-28.33,320.93,9.52
-71.6,11.22,74.03
-95.0,3.33,26.11
-38.19,26.42,37.55
-75.94,23.75,22.91
-67.35,9.32,500.0
-69.42,17.67,31.22
-71.99,4.55,98.52
-66.83,24.93,24.75
-64.28,15.87,97.99
-66.62,19.61,22.77
-72.69,29.35,94.19
-58.05,24.08,66.8
-36.46,166.79,11.34
-60.58,18.71,76.82
-91.7,0.5,97.5
-70.23,36.38,321.01
-72.83,13.43,35.98
-62.19,51.27,60.5
-70.48,27.9,21.21
-72.04,49.78,28.63
-85.36,25.86,21.0
-52.71,86.17,27.84
-80.58,13.69,27.18
-60.17,15.39,58.33
-80.79,17.95,108.93
-89.63,5.13,52.24
-92.31,9.41,24.43
-36.13,28.04,40.92
-89.99,7.65,39.97
-53.79,28.12,33.07
-78.56,3.39,134.42
-71.96,9.97,26.96
-76.05,69.12,18.43
-69.88,7.11,119.39
-95.0,0.5,39.81
-64.45,18.77,26.57
-95.0,6.84,53.44
-94.93,5.99,46.77
-78.47,22.84,29.67
-64.12,23.28,19.24
-30.15,232.14,10.27
-73.51,10.1,54.33
-81.41,3.1,46.98
-20.0,146.4,9.58
-86.96,9.92,42.96
-80.06,37.29,24.83
-43.75,30.84,28.98
-82.3,29.61,23.73
-80.41,6.52,68.22
-26.6,42.43,73.91
-62.12,25.94,31.94
-89.07,5.47,56.27
-66.48,43.92,35.84
-38.84,185.86,8.81
-71.65,13.18,491.33
-73.76,29.44,500.0
-49.02,52.29,88.31
-92.68,3.97,63.66
-47.71,32.2,28.15
-67.24,37.29,58.37
-95.0,0.5,48.76
-66.66,14.69,322.71
-61.57,34.19,13.33
-65.56,38.32,102.57
-53.99,29.18,49.16
-78.02,9.64,59.22
-63.8,118.76,12.89
-55.14,29.48,24.64
-77.82,50.83,19.13
-64.4,44.4,11.75
-71.6,13.4,239.22
-95.0,0.54,110.23
-75.84,43.91,22.83
-72.61,29.4,14.95
-63.37,12.26,500.0
-49.6,30.4,95.49
-79.91,4.47,92.5
-47.69,101.78,22.55
-77.66,7.44,103.55
-70.99,12.09,54.34
-95.0,3.75,132.16
-69.64,18.22,19.81
-95.0,0.5,37.37
-79.94,1.22,41.8
-54.48,28.45,24.47
-70.43,68.43,14.17
-66.07,15.78,39.65
-81.98,24.56,34.31
-80.33,26.6,27.82
-77.72,22.93,140.62
-77.85,2.68,76.87
-64.31,89.68,13.9
-90.21,5.84,36.6
-82.1,9.03,36.79
-71.95,42.97,41.25
-63.78,44.6,6.3
-72.3,16.63,35.63
-91.29,3.3,500.0
-82.84,8.69,22.7
-68.46,13.65,78.41
-85.41,17.64,20.65
-61.06,98.78,10.64
-66.83,54.59,66.35
-81.29,23.21,30.6
-78.92,12.66,26.9
-91.02,0.5,89.01
-75.2,5.38,39.44
-95.0,5.17,80.87
-79.29,26.31,36.26
-81.12,19.5,47.46
-88.21,7.59,94.89
-67.0,13.33,190.72
-58.73,36.73,12.85
-81.64,18.07,53.88
-71.22,35.93,91.23
-75.59,6.85,500.0
-66.7,18.29,23.37
-82.07,26.14,31.97
-92.83,8.47,38.32
-66.3,54.1,34.01
-59.89,19.37,24.86
-82.71,14.54,121.28
-74.4,12.85,57.8
-78.92,16.6,500.0
-90.0,6.33,64.08
-95.0,1.99,52.68
-82.54,7.37,21.98
-71.92,12.23,67.6
-56.76,12.44,241.09
-60.25,18.6,37.53
-79.61,4.64,62.96
-95.0,1.58,168.88
-75.77,17.68,15.86
-57.32,28.89,24.47
-75.6,16.32,17.93
-36.57,130.5,22.36
-58.3,74.0,39.09
-65.75,29.67,111.34
-67.64,42.8,85.74
-80.77,2.21,500.0
-77.74,26.1,191.18
-82.49,18.58,56.23
-46.58,177.52,5.45
-69.5,30.67,15.83
-67.75,36.81,49.77
-94.75,2.27,67.56
-83.71,18.04,52.35
-87.34,0.5,166.51
-89.87,3.01,169.51
-55.78,18.52,39.34
-73.71,20.75,19.68
-71.98,58.84,15.13
-70.03,9.74,54.29
-69.08,43.1,15.22
-44.53,20.5,163.88
-72.91,36.32,10.11
-80.16,25.25,25.26
-80.46,36.46,26.49
-80.15,3.3,58.75
-87.62,0.5,52.94
-61.73,21.59,27.4
-95.0,0.87,67.66
-59.43,45.2,188.31
-76.04,16.35,19.43
-72.28,10.01,500.0
-87.51,3.79,55.24
-49.74,75.07,8.96
-70.29,37.66,162.58
-90.72,18.85,23.94
-95.0,15.0,27.34
-56.93,19.74,23.96
-78.61,6.41,500.0
-95.0,0.64,183.28
-70.35,71.25,15.84
-53.34,28.9,31.43
-78.01,19.99,18.12
-76.2,173.02,10.69
-89.08,4.07,48.53
-66.72,17.54,23.2
-75.24,8.25,32.61
-71.41,13.93,79.08
-81.18,26.56,35.02
-65.73,19.31,18.47
-91.13,6.66,500.0
-80.35,17.63,59.83
-59.9,28.1,42.43
-52.28,34.06,17.71
-77.28,9.43,31.15
-71.26,29.94,53.22
-75.1,19.34,17.32
-92.92,9.17,26.99
-68.32,19.73,35.72
-65.32,13.99,160.85
-63.2,18.55,316.83
-47.94,121.36,18.96
-58.1,32.83,11.32
-95.0,3.17,27.68
-76.53,9.97,36.55
-69.38,24.55,22.22
-73.33,40.86,13.04
-80.23,39.2,20.47
-83.74,3.26,58.4
-68.47,42.32,239.93
-67.28,23.13,17.52
-64.43,22.56,485.15
-57.85,39.4,14.52
-89.03,5.92,126.47
-75.76,19.12,18.48
-78.59,9.3,15.85
-64.51,56.88,26.86
-80.53,7.79,31.6
-50.49,23.98,46.84
-64.7,22.59,17.72
-55.12,64.47,33.26
-44.45,53.34,12.67
-66.1,49.48,35.37
-30.75,80.72,3.77
-82.66,19.4,36.79
-93.79,4.3,84.68
-73.61,18.82,17.28
-70.69,81.27,15.43
-53.34,15.86,52.41
-81.21,19.09,107.97
-70.63,13.2,117.45
-50.82,34.28,19.35
-66.05,30.2,16.18
-82.48,16.95,145.59
-57.3,38.52,11.79
-62.96,13.0,157.9
-58.09,23.49,34.7
-80.28,7.22,33.53
-82.34,18.32,39.63
-68.55,41.96,500.0
-81.46,16.77,42.21
-53.2,26.37,39.98
-87.81,3.48,41.38
-95.0,0.5,47.21
-83.45,5.68,61.04
-79.65,3.73,73.37
-58.44,33.85,20.36
-77.89,8.77,43.73
-59.76,70.66,29.94
-87.29,15.88,20.96
-77.63,22.69,65.56
-95.0,4.35,60.33
-56.86,29.68,24.98
-79.04,20.98,17.57
-70.53,14.61,66.55
-61.71,32.17,18.98
-54.53,19.49,232.06
-65.34,19.04,32.57
-74.07,17.47,39.69
-95.0,0.5,45.04
-41.83,226.24,7.27
-79.33,25.91,35.28
-95.0,0.91,47.76
-83.36,7.75,31.96
-66.21,41.67,500.0
-83.46,1.69,52.84
-61.15,39.05,8.79
-95.0,6.13,35.58
-69.6,27.02,16.86
-84.56,11.03,54.83
-84.57,15.24,36.09
-70.43,15.74,39.96
-84.22,22.79,23.67
-60.47,16.32,40.58
-73.89,83.52,12.36
-74.31,37.68,15.15
-74.87,17.57,34.56
-79.75,9.38,21.61
-47.73,71.44,130.79
-71.64,34.55,30.35
-95.0,4.3,113.09
-62.88,96.75,10.49
-67.37,24.5,93.06
-63.44,106.89,10.88
-74.62,5.73,339.28
-64.61,43.04,10.28
-76.47,22.73,121.95
-65.89,28.93,17.82
-81.95,6.95,99.81
-81.67,6.71,104.78
-90.61,3.27,70.82
-71.49,7.42,500.0
-67.26,5.87,52.27
-75.77,26.52,327.82
-80.82,8.05,49.19
-43.52,109.92,33.06
-80.2,32.76,25.12
-88.08,10.01,33.26
-66.47,49.88,67.16
-51.65,134.27,12.27
-82.25,20.99,69.5
-77.65,5.14,38.26
-54.55,91.34,21.39
-49.62,28.59,27.93
-83.06,14.37,89.1
-62.73,41.21,6.73
-55.38,39.14,11.47
-81.14,12.62,20.28
-74.11,31.19,68.32
-60.7,19.21,314.45
-57.31,16.48,88.45
-68.76,41.22,50.33
-35.21,69.4,12.62
-53.39,20.25,32.48
-79.05,4.26,119.62
-40.81,26.3,133.42
-68.48,19.93,38.69
-68.69,27.24,10.74
-67.62,24.79,19.11
-86.86,17.64,24.35
-80.88,6.99,51.04
-32.0,26.35,249.92
-68.87,20.68,20.13
-82.17,5.81,55.71
-80.33,0.5,339.14
-90.73,7.23,27.68
-68.02,133.4,4.34
-87.89,12.18,42.32
-73.37,3.27,115.56
-57.54,82.04,16.72
-72.2,24.89,18.59
-76.1,11.24,32.89
-81.19,10.89,50.67
-76.97,25.52,106.25
-70.49,11.51,80.55
-66.66,9.33,142.49
-75.72,17.92,21.95
-77.82,13.23,31.25
-87.9,10.76,23.6
-70.05,21.91,22.92
-55.22,59.35,20.04
-79.14,12.34,38.63
-57.21,27.31,36.67
-95.0,0.5,52.01
-63.08,20.92,38.3
-58.3,30.45,14.78
-80.41,25.45,35.27
-87.96,15.5,28.58
-88.0,6.54,36.39
-60.14,20.47,25.63
-76.42,24.81,40.76
-72.12,28.87,244.9
-75.1,36.04,19.4
-67.09,53.35,9.04
-84.0,15.41,40.72
-67.38,39.28,49.72
-71.44,14.44,186.21
-75.68,36.13,42.56
-81.62,11.25,19.47
-53.65,38.07,14.81
-72.71,11.94,75.12
-86.22,18.28,27.83
-79.27,19.6,66.85
-70.64,19.26,27.12
-66.39,15.2,67.22
-81.24,22.54,17.28
-67.9,52.43,31.9
-95.0,0.5,32.42
-58.1,77.62,19.78
-79.77,6.06,27.67
-35.44,151.23,17.77
-58.05,64.36,5.2
-68.49,35.79,12.34
-72.18,36.38,64.04
-22.25,93.86,11.93
-76.05,12.6,40.13
-37.25,79.66,3.93
-41.83,43.61,19.65
-95.0,4.41,147.72
-70.04,12.29,32.29
-29.22,55.64,15.49
-69.52,6.86,253.08
-73.08,9.95,101.01
-41.05,30.9,66.91
-73.04,10.46,493.25
-91.92,6.5,50.38
-76.69,8.36,500.0
-87.0,19.67,25.85
-95.0,0.97,30.73
-84.73,10.88,87.7
-44.6,25.49,56.25
-48.26,12.82,123.57
-63.11,21.76,34.63
-95.0,0.8,43.58
-95.0,3.67,46.24
-62.89,18.4,40.41
-86.31,5.55,500.0
-43.97,141.49,10.3
-35.13,158.91,17.05
-67.16,53.61,23.23
-90.84,8.52,39.13
-58.67,250.14,16.55
-74.67,11.64,30.37
-72.83,13.97,43.34
-63.24,19.26,500.0
-73.13,85.84,16.97
-71.99,10.27,56.9
-95.0,0.5,35.14
-90.15,7.0,60.17
-68.79,52.46,21.87
-71.52,42.28,14.34
-94.12,2.9,35.17
-95.0,6.34,25.49
-37.78,33.55,98.5
-66.36,17.38,130.62
-68.95,9.14,77.96
-76.93,19.67,44.0
-71.61,11.79,492.17
-80.52,17.46,500.0
-20.0,99.45,58.19
-89.99,12.33,27.07
-59.67,93.62,17.97
-91.96,11.34,20.83
-75.14,26.0,137.03
-92.18,2.26,37.48
-95.0,0.5,215.21
-72.92,32.6,27.27
-74.96,0.53,149.17
-82.47,11.67,36.21
-66.46,210.57,9.79
-95.0,4.16,37.7
-61.74,108.49,5.59
-76.93,5.39,106.8
-87.02,12.83,27.76
-65.19,19.07,69.78
-95.0,4.61,31.23
-85.36,27.59,20.83
-67.93,13.13,127.56
-80.63,12.67,125.79
-72.81,25.99,49.96
-65.72,21.72,19.88
-73.31,37.27,29.88
-95.0,2.36,47.98
-73.45,15.29,46.72
-64.72,28.29,21.21
-58.16,23.95,58.96
-67.35,18.86,61.83
-73.36,56.0,18.47
-68.7,21.19,16.76
-88.27,5.85,247.91
-55.82,73.07,42.43
-82.78,16.91,37.43
-77.89,14.28,18.83
-66.75,18.67,32.14
-58.77,10.37,111.27
-70.42,27.77,18.74
-77.81,20.57,56.39
-81.59,54.32,16.24
-83.95,9.93,34.66
-86.31,13.43,39.89
-58.12,45.17,49.71
-71.73,21.89,65.73
-69.97,249.58,10.95
-72.33,12.17,117.25
-72.82,14.68,65.14
-50.57,86.6,5.47
-95.0,0.5,46.64
-65.13,18.06,64.71
-77.61,21.35,46.58
-83.89,4.4,154.82
-80.76,3.65,60.11
-62.32,61.72,4.61
-65.14,22.09,34.99
-54.37,20.05,58.97
-77.52,13.71,18.01
-38.6,93.52,91.93
-64.79,30.53,12.81
-65.06,26.32,17.58
-66.83,48.48,39.73
-67.5,13.54,70.04
-58.71,47.0,8.21
-30.91,121.71,6.39
-78.61,126.32,16.96
-69.71,13.87,47.83
-68.86,87.18,8.03
-25.56,125.76,1.0
-62.79,40.46,13.11
-51.0,87.82,23.97
-69.05,58.86,22.6
-62.22,20.79,33.6
-88.21,29.63,24.11
-70.81,21.58,20.52
-95.0,5.63,64.02
-87.07,10.6,500.0
-69.37,8.47,66.29
-71.7,18.83,31.57
-92.81,0.5,75.62
-69.5,25.05,18.75
-59.09,14.71,238.01
-80.58,11.25,48.35
-86.06,6.28,26.56
-56.01,52.62,4.67
-42.72,57.12,330.31
-66.17,16.68,183.59
-57.39,83.04,20.12
-71.95,34.21,119.43
-95.0,0.5,63.61
-67.54,20.46,25.12
-80.67,14.28,55.89
-67.23,13.59,67.85
-80.85,10.72,25.73
-47.63,22.89,31.55
-57.42,182.73,6.26
-72.05,53.1,18.09
-93.69,4.81,44.99
-87.68,23.58,18.02
-81.78,7.83,56.73
-51.07,52.34,8.61
-93.73,6.46,129.74
-66.72,18.05,25.68
-71.22,78.73,12.61
-90.98,3.36,74.71
-72.45,14.96,89.27
-95.0,2.27,64.62
-28.89,66.08,11.39
-84.61,12.49,21.74
-54.48,123.47,9.1
-79.92,8.92,23.9
-71.68,18.47,28.54
-69.53,21.56,19.05
-70.89,11.24,496.92
-68.48,22.97,23.5
-67.13,10.03,91.43
-86.76,12.07,81.31
-83.78,7.05,28.89
-55.26,76.13,11.4
-73.42,9.5,500.0
-72.78,19.36,30.02
-89.54,5.77,41.19
-65.37,51.52,21.25
-59.3,34.6,8.36
-94.07,3.12,40.22
-38.95,154.65,12.71
-49.65,40.05,13.16
-62.15,38.1,10.96
-68.54,46.92,50.0
-73.68,12.71,37.6
-65.18,21.64,21.55
-90.08,4.06,500.0
-73.52,15.38,75.7
-95.0,0.5,64.64
-59.21,24.13,68.8
-61.07,16.72,483.43
-67.76,14.42,39.53
-95.0,1.73,219.24
-69.04,13.46,24.22
-68.73,19.96,31.04
-48.19,43.85,15.18
-82.79,29.27,26.03
-85.56,22.87,20.6
-80.12,8.25,50.25
-52.91,42.6,10.44
-78.41,12.74,75.75
-69.09,19.39,26.13
-75.06,40.76,16.11
-67.47,19.71,27.5
-59.25,27.49,41.35
-89.06,6.42,170.78
-89.12,5.06,49.02
-39.16,96.57,150.91
-95.0,4.75,76.31
-95.0,0.5,49.72
-95.0,4.4,32.66
-42.27,94.25,83.05
-76.15,28.37,35.17
-74.92,15.53,24.4
-82.04,8.79,500.0
-39.33,125.51,21.17
-83.59,7.76,46.25
-79.82,32.32,24.79
-72.05,12.86,25.54
-74.18,40.84,27.17
-80.56,28.84,19.77
-95.0,0.5,38.77
-34.37,35.61,75.17
-68.19,52.86,33.87
-37.3,134.11,22.72
-76.77,12.95,28.94
-53.86,130.32,6.26
-70.84,15.05,36.29
-51.59,28.42,34.32
-61.91,16.13,151.14
-81.66,4.66,21.82
-67.51,24.55,31.87
-65.25,97.11,9.43
-73.02,61.09,20.32
-53.48,65.6,6.16
-70.83,9.23,50.91
-76.73,10.95,35.95
-71.49,18.26,36.94
-32.8,150.97,16.18
-68.68,14.83,55.01
-64.64,27.73,18.72
-46.02,31.22,26.95
-70.53,36.29,113.07
-85.86,5.19,61.99
-57.0,70.96,4.2
-61.13,25.32,38.77
-64.27,73.48,22.2
-80.01,27.0,50.25
-95.0,9.29,30.86
-90.72,0.5,52.85
-69.43,38.12,187.43
-65.38,22.54,28.37
-58.24,66.04,29.21
-79.71,1.26,163.34
-76.69,10.49,39.61
-64.06,52.38,43.55
-43.06,30.4,94.54
-83.44,20.04,33.8
-50.47,18.86,37.36
-61.63,15.76,96.26
-69.0,41.77,54.9
-61.01,21.41,47.33
-82.78,5.53,242.44
-90.69,4.05,497.86
-79.32,6.28,30.77
-79.03,8.54,121.12
-72.14,9.55,51.09
-84.31,8.0,47.92
-83.27,15.95,59.55
-66.12,16.78,33.36
-56.31,98.93,4.02
-54.99,33.11,17.28
-85.34,1.47,115.39
-95.0,3.26,107.47
-67.89,57.02,9.81
-66.54,14.33,92.69
-64.53,118.85,4.55
-29.86,283.02,6.45
-20.0,94.63,4.58
-56.35,69.77,42.14
-69.98,23.63,500.0
-68.19,31.93,15.89
-72.9,9.66,191.42
-91.26,3.84,40.31
-47.78,95.75,21.17
-51.89,23.72,80.14
-81.99,10.44,39.01
-84.33,3.85,33.64
-76.7,13.29,17.19
-74.75,37.11,22.09
-77.58,9.38,30.29
-74.51,25.13,76.49
-73.72,15.32,27.08
-81.91,8.72,40.46
-76.25,112.18,31.73
-95.0,5.06,33.84
-79.03,21.9,57.4
-57.18,36.24,10.96
-66.88,71.03,18.74
-64.39,27.02,21.46
-72.14,7.19,197.89
-39.36,443.05,7.77
-95.0,0.91,499.62
-89.02,8.53,500.0
-83.99,5.7,325.15
-64.01,22.61,23.77
-77.35,8.27,333.43
-60.07,62.49,27.57
-74.04,17.7,22.3
-65.79,17.82,19.48
-73.64,5.21,73.53
-61.83,22.83,74.94
-69.58,37.64,500.0
-54.13,20.24,49.31
-81.3,26.96,33.73
-80.76,22.5,19.71
-61.57,24.12,16.49
-42.02,43.37,25.55
-61.76,18.09,500.0
-41.97,36.24,33.62
-58.41,22.03,129.36
-54.26,23.83,84.74
-67.62,19.51,22.73
-88.46,7.65,39.32
-67.88,36.68,48.14
-77.61,12.37,21.74
-77.36,34.12,21.04
-77.28,7.94,159.05
-54.28,28.51,24.22
-76.54,25.69,48.51
-66.47,55.65,42.38
-69.41,8.49,155.6
-25.3,140.98,40.58
-80.66,18.47,17.05
-69.18,14.43,119.3
-52.91,24.93,82.65
-85.4,8.05,41.46
-72.66,35.55,47.85
-45.33,29.02,315.14
-87.25,7.05,58.47
-64.76,19.78,26.0
-95.0,2.78,64.02
-93.83,1.81,129.19
-94.08,5.13,50.53
-78.97,22.64,103.55
-84.57,1.8,115.01
-51.09,481.85,1.0
-76.73,20.64,19.31
-89.76,7.02,30.73
-84.29,1.42,46.29
-76.24,18.42,22.48
-89.12,2.55,500.0
-95.0,0.5,97.92
-88.36,11.96,29.95
-84.22,28.88,20.6
-42.23,97.25,53.62
-75.42,26.4,242.63
-75.34,7.05,43.6
-72.73,10.46,75.68
-47.12,75.41,150.92
-82.33,6.06,257.95
-82.43,3.35,140.63
-73.19,14.07,22.96
-48.63,25.44,56.72
-74.93,32.4,16.22
-83.41,18.48,76.51
-73.81,14.47,31.72
-58.88,40.61,5.33
-50.56,18.63,104.05
-69.99,50.88,30.27
-89.94,7.51,98.35
-71.82,22.65,14.47
-78.45,17.56,89.37
-74.08,9.26,37.95
-74.83,18.26,30.08
-50.76,115.33,2.13
-95.0,3.93,32.93
-31.04,41.47,29.15
-77.51,15.19,21.76
-82.1,14.63,500.0
-77.04,161.94,14.76
-70.1,78.7,13.94
-28.93,43.45,46.08
-66.23,13.65,36.7
-62.43,86.34,4.58
-71.5,20.37,15.57
-67.78,24.59,14.93
-88.03,12.9,27.09
-78.35,24.17,62.35
-57.52,35.47,14.53
-76.35,12.77,66.53
-95.0,1.12,171.22
-68.36,13.6,30.25
-90.81,6.59,55.43
-91.08,6.31,47.92
-62.39,29.83,14.78
-72.51,7.54,48.59
-67.3,19.03,28.62
-56.58,44.0,8.25
-69.92,22.91,18.31
-75.0,6.54,49.15
-55.44,30.2,19.48
-62.0,22.07,186.81
-95.0,1.64,36.98
-61.38,82.89,16.13
-77.28,14.56,30.74
-79.77,17.61,55.11
-69.33,18.6,31.43
-66.2,18.18,24.16
-87.88,8.73,164.21
-60.43,28.03,22.28
-79.82,6.5,150.22
-74.96,57.74,16.84
-62.48,22.05,25.34
-59.04,92.9,11.72
-86.72,17.41,27.85
-78.53,9.57,165.57
-80.64,5.01,109.06
-60.89,32.88,16.39
-83.96,4.0,27.43
-51.69,28.78,37.76
-58.3,24.4,78.99
-63.04,13.68,489.02
-89.11,17.92,24.77
-71.39,13.37,31.02
-48.1,178.73,8.64
-76.91,5.09,46.23
-87.18,10.52,22.17
-74.02,27.14,77.79
-30.14,45.91,33.87
-66.95,146.62,8.47
-61.23,23.41,19.55
-67.71,34.06,15.53
-76.2,17.89,165.92
-73.97,5.47,493.1
-95.0,3.64,66.92
-64.92,49.27,57.53
-53.43,24.62,500.0
-74.32,15.13,29.79
-62.99,12.93,237.06
-69.37,10.63,77.12
-49.62,24.37,232.89
-79.03,19.7,69.69
-83.29,13.4,39.58
-85.8,6.32,245.04
-72.11,23.5,162.29
-68.88,8.84,83.42
-71.69,19.96,23.22
-88.95,9.72,42.83
-73.84,3.45,500.0
-66.35,21.58,40.32
-76.81,17.93,17.1
-34.09,89.09,5.62
-71.74,18.59,45.02
-87.27,20.68,24.78
-90.61,11.42,29.55
-84.67,5.47,27.34
-84.32,8.05,50.81
-82.95,9.39,45.44
-60.59,19.67,50.25
-69.52,67.06,19.38
-87.58,12.51,46.31
-67.09,31.64,234.62
-91.54,0.5,264.58
-65.88,43.9,500.0
-89.34,5.18,50.14
-74.15,11.1,43.86
-25.88,51.61,19.59
-67.73,27.41,93.38
-92.02,7.2,94.97
-95.0,0.5,53.95
-71.74,71.82,13.87
-74.45,17.8,19.51
-60.71,25.58,20.55
-78.14,148.36,11.06
-44.91,116.68,19.12
-52.48,24.37,80.27
-73.83,8.64,65.78
-83.97,17.06,32.47
-70.27,41.16,44.69
-61.94,17.7,33.38
-21.54,49.99,30.54
-66.88,90.69,14.34
-85.77,4.64,47.42
-95.0,0.5,203.61
-51.74,42.44,10.89
-95.0,14.05,28.1
-65.74,16.48,41.04
-79.26,99.99,15.97
-88.75,19.36,34.69
-88.0,4.21,114.47
-77.0,22.07,89.96
-87.87,4.17,56.09
-61.93,43.89,90.38
-95.0,5.24,78.89
-82.11,4.29,33.63
-60.11,36.68,11.39
-50.35,35.31,18.39
-84.97,2.24,249.11
-61.04,13.22,155.35
-76.29,169.75,12.53
-65.26,13.61,185.87
-58.8,104.09,18.93
-90.5,8.5,29.16
-53.97,108.23,14.6
-82.46,12.87,331.63
-51.15,40.5,21.86
-53.67,28.83,39.36
-90.51,9.16,29.77
-74.14,15.14,24.72
-56.85,27.43,16.36
-57.61,25.02,55.65
-84.01,17.32,43.71
-73.79,13.34,40.6
-53.22,149.33,8.84
-70.24,13.94,24.23
-62.1,17.25,81.34
-69.38,30.42,11.87
-79.66,1.25,113.93
-52.98,36.48,18.86
-80.18,2.21,120.0
-57.08,56.12,42.29
-70.19,34.26,70.76
-80.57,24.56,40.67
-95.0,3.82,36.44
-49.38,33.22,19.43
-69.38,26.39,27.47
-71.52,13.71,50.22
-76.65,13.61,25.04
-42.22,30.85,27.49
-59.27,55.3,183.62
-56.71,31.3,16.64
-74.43,25.37,18.53
-94.83,0.5,53.7
-57.65,19.87,148.31
-77.04,8.82,37.78
-88.41,21.06,22.65
-35.7,20.88,200.0
-72.9,10.9,52.79
-75.43,51.35,19.57
-64.01,12.61,52.14
-76.68,7.69,38.71
-64.47,21.02,22.6
-95.0,4.17,32.85
-95.0,1.53,106.1
-67.59,17.93,31.7
-50.8,24.72,24.0
-78.64,14.88,31.92
-89.63,2.93,48.53
-58.66,48.95,486.89
-69.12,37.66,53.88
-69.96,15.21,31.49
-64.16,29.92,73.46
-35.37,125.38,28.38
-46.65,73.78,126.55
-48.42,33.6,41.04
-81.29,11.13,43.83
-60.64,66.65,36.01
-92.54,5.76,201.42
-67.45,89.8,12.24
-55.1,23.99,58.72
-77.75,7.86,82.63
-68.73,8.79,194.02
-90.97,1.05,347.29
-46.18,29.35,500.0
-62.71,36.75,8.76
-38.74,30.27,155.06
-77.59,14.71,25.14
-67.46,42.16,11.18
-60.86,24.08,33.96
-73.02,16.53,22.87
-87.07,0.5,500.0
-67.68,26.92,18.26
-95.0,1.84,40.47
-93.87,0.75,166.82
-64.4,83.82,10.94
-62.57,26.77,27.52
-49.13,73.46,41.1
-70.76,34.66,78.09
-72.83,29.56,88.44
-86.57,8.91,32.52
-63.26,30.7,11.4
-70.6,27.7,17.42
-74.49,91.76,19.92
-78.31,24.88,58.64
-81.98,17.16,34.73
-56.47,24.4,42.71
-44.18,89.09,127.55
-80.02,7.5,74.63
-83.14,28.45,20.11
-20.0,165.95,27.89
-84.14,9.85,50.49
-67.1,15.81,131.26
-71.77,30.59,17.58
-65.32,52.16,26.15
-95.0,0.5,336.95
-83.99,10.71,202.54
-83.31,8.58,29.51
-63.68,37.86,9.95
-62.12,36.05,13.31
-74.8,14.47,26.09
-83.07,12.61,33.25
-73.27,6.9,91.9
-68.91,14.34,500.0
-51.94,31.59,26.3
-50.0,27.98,63.49
-81.42,7.97,39.9
-95.0,2.56,60.87
-75.0,95.03,14.48
-60.4,25.99,29.12
-60.62,21.42,58.49
-79.47,19.24,21.67
-65.09,82.47,12.26
-74.98,12.81,60.25
-69.85,14.08,27.98
-95.0,2.57,23.4
-67.25,14.0,326.48
-66.34,11.31,129.0
-63.55,55.88,500.0
-86.17,6.67,39.32
-79.09,2.73,34.09
-73.39,30.79,39.72
-87.43,9.42,34.4
-57.82,30.18,23.29
-69.5,12.12,52.3
-93.54,6.18,40.91
-65.72,63.27,7.46
-40.06,26.63,153.91
-59.12,14.28,162.89
-89.14,16.53,26.89
-75.43,12.62,30.47
-84.74,8.2,45.54
-78.21,9.32,34.95
-95.0,11.73,18.71
-69.01,35.02,500.0
-72.97,91.49,19.07
-63.75,36.87,8.64
-83.34,0.59,245.75
-78.62,4.59,67.87
-67.66,19.42,19.47
-95.0,1.19,91.36
-67.73,35.6,11.86
-52.53,66.88,50.17
-89.48,0.5,49.29
-82.98,1.17,500.0
-81.66,12.23,21.09
-70.19,54.13,21.19
-57.85,15.94,54.33
-90.8,0.82,143.64
-89.87,2.95,248.09
-64.25,32.11,7.6
-55.02,30.39,24.59
-75.36,45.98,20.36
-79.6,5.75,257.81
-87.45,11.72,21.83
-73.58,32.73,36.32
-83.57,13.68,18.32
-60.92,21.68,71.23
-71.7,11.77,20.15
-48.61,24.44,50.58
-66.73,22.97,23.0
-70.48,11.5,46.58
-76.61,4.13,72.35
-63.99,16.23,85.13
-27.2,154.76,23.53
-78.84,7.98,56.8
-62.03,36.62,12.12
-77.64,36.45,22.95
-38.7,45.75,15.32
-70.52,63.65,19.76
-68.69,30.45,14.56
-54.64,141.07,11.77
-80.18,10.19,16.6
-54.45,27.37,24.21
-88.14,11.18,34.68
-92.68,2.04,185.37
-77.02,5.74,29.91
-58.34,51.18,7.21
-77.34,12.4,27.24
-81.92,31.15,24.64
-68.87,20.51,13.13
-68.9,10.22,35.7
-82.03,2.15,122.59
-64.14,29.86,12.15
-61.39,38.8,8.77
-72.38,39.43,47.24
-63.68,28.18,30.28
-67.76,41.61,40.47
-61.43,38.52,143.13
-95.0,0.5,169.26
-72.22,25.27,19.96
-68.2,23.92,23.4
-87.77,7.79,33.9
-85.6,8.49,32.99
-85.94,5.65,60.27
-65.35,13.96,186.65
-68.15,16.24,27.18
-86.04,8.06,30.6
-71.8,31.46,39.92
-59.74,51.06,30.11
-63.37,17.78,40.76
-91.88,15.22,19.72
-82.84,19.0,40.96
-88.08,9.07,95.21
-95.0,2.69,90.7
-73.25,109.69,10.26
-60.73,26.64,23.02
-91.1,0.5,63.99
-63.08,22.32,24.8
-52.23,29.55,80.84
-64.37,21.05,37.84
-51.69,47.33,7.18
-66.2,16.03,43.6
-82.54,26.16,29.81
-64.1,8.99,500.0
-95.0,1.7,86.31
-39.67,61.93,22.47
-74.94,80.95,15.91
-56.22,69.67,43.35
-65.15,15.98,84.11
-66.65,12.82,49.66
-95.0,0.5,34.57
-83.3,15.75,48.18
-86.54,15.87,28.09
-75.79,3.7,197.66
-58.98,24.79,48.25
-73.98,9.51,492.19
-72.71,18.3,21.07
-70.12,28.11,500.0
-60.63,58.7,5.83
-75.75,9.98,25.44
-55.51,59.51,57.71
-59.95,17.72,80.98
-71.5,21.66,15.36
-73.61,10.21,131.46
-95.0,3.51,500.0
-84.29,15.62,48.99
-95.0,1.93,80.29
-88.23,4.01,500.0
-53.63,31.57,20.29
-74.34,115.84,15.29
-95.0,7.03,22.16
-63.55,68.88,12.82
-74.36,11.66,34.6
-44.59,28.3,237.18
-64.57,52.22,63.07
-79.15,8.53,35.31
-52.48,57.75,7.46
-50.2,31.3,31.81
-76.69,29.76,37.17
-70.89,9.82,53.14
-57.11,25.39,25.48
-95.0,0.5,87.91
-25.19,399.14,8.84
-76.89,31.55,30.88
-64.11,57.39,24.52
-62.74,54.98,6.8
-75.25,10.29,52.35
-74.23,50.92,20.77
-73.34,10.72,42.23
-31.29,38.34,110.16
-83.46,0.5,55.42
-66.68,85.55,21.91
-75.45,53.46,15.21
-56.72,155.2,8.25
-54.36,58.44,154.24
-70.28,58.43,20.71
-83.92,24.28,25.92
-94.55,5.84,148.04
-65.87,15.47,72.86
-62.56,100.96,9.26
-69.52,13.02,490.71
-49.78,76.52,56.05
-66.97,18.0,24.53
-48.93,25.78,46.54
-51.71,49.37,87.83
-41.41,33.99,107.57
-74.33,14.65,54.85
-59.17,22.94,83.51
-79.82,22.32,137.1
-59.06,48.76,6.22
-88.7,1.17,257.24
-50.85,20.71,500.0
-95.0,1.84,56.23
-57.66,74.71,29.99
-80.29,2.39,497.83
-66.24,81.1,12.65
-87.15,0.5,39.61
-34.12,36.8,77.04
-67.82,12.71,65.78
-79.01,6.08,61.39
-67.43,14.02,112.32
-72.17,17.6,20.69
-83.49,25.69,26.65
-84.51,16.11,45.77
-53.55,23.99,93.24
-70.25,19.87,28.19
-54.77,249.72,3.24
-48.58,73.18,4.61
-95.0,0.5,500.0
-65.84,55.94,8.05
-60.05,27.37,14.72
-68.6,37.89,235.95
-95.0,5.31,45.89
-40.3,25.1,111.88
-47.54,26.32,36.24
-65.04,56.11,10.45
-95.0,0.5,53.71
-83.17,27.8,25.36
-59.78,50.96,6.18
-60.57,20.82,313.71
-80.96,16.99,22.4
-68.81,94.62,11.69
-56.94,74.44,25.1
-62.35,17.54,150.22
-75.57,8.37,35.59
-88.34,4.77,59.99
-85.37,18.69,57.54
-78.48,39.75,23.68
-78.1,15.32,26.45
-90.62,14.15,28.98
-95.0,15.18,21.33
-62.31,23.5,20.99
-79.02,7.37,39.41
-95.0,0.5,67.17
-74.79,30.45,73.56
-76.33,8.67,500.0
-73.77,5.37,53.06
-57.3,92.16,16.51
-59.88,21.12,42.84
-71.99,37.9,69.31
-66.11,14.02,38.97
-76.27,12.88,31.86
-80.73,6.74,24.8
-87.8,4.57,69.2
-87.45,0.5,47.12
-66.92,41.64,132.97
-62.31,22.52,40.08
-95.0,0.69,49.24
-84.27,5.2,96.38
-90.29,1.22,50.76
-80.21,29.22,17.46
-63.79,50.7,8.88
-95.0,5.46,32.13
-64.85,16.4,34.75
-65.44,35.42,62.58
-95.0,3.2,35.78
-77.57,7.31,500.0
-79.34,41.94,21.52
-54.17,24.96,40.46
-72.38,16.09,32.52
-63.85,16.17,33.47
-60.36,46.66,320.21
-84.22,6.19,37.86
-74.24,15.14,26.8
-76.21,16.78,92.64
-82.67,17.18,32.91
-52.04,109.52,18.02
-95.0,3.9,84.71
-95.0,4.31,77.7
-75.6,35.64,32.12
-60.35,27.46,20.8
-68.53,15.13,47.9
-81.48,16.16,63.41
-63.8,45.66,186.87
-60.52,36.96,14.17
-67.66,19.44,22.28
-67.51,17.93,26.97
-70.23,87.94,10.35
-49.67,80.84,38.45
-68.91,38.09,13.79
-70.71,15.76,33.78
-81.39,17.62,42.43
-80.84,1.6,152.71
-44.18,42.33,20.58
-93.07,0.5,500.0
-39.53,35.78,45.09
-40.26,47.47,19.9
-64.71,50.75,11.24
-56.7,63.61,69.37
-71.61,9.71,38.19
-66.49,32.6,10.07
-59.22,24.67,34.81
-95.0,2.06,36.66
-69.76,23.64,31.15
-57.08,50.91,186.98
-93.53,1.52,99.66
-64.32,22.93,15.02
-82.15,6.26,44.85
-69.31,13.99,42.3
-72.35,13.65,52.17
-42.63,42.3,18.89
-67.51,14.75,54.83
-79.26,3.8,117.93
-74.29,39.22,29.53
-77.68,158.59,14.98
-69.29,18.91,153.75
-78.73,16.31,29.49
-79.1,8.37,51.2
-54.54,23.77,68.18
-50.6,65.77,8.53
-75.99,11.88,38.97
-95.0,0.5,37.93
-65.89,10.17,116.1
-70.03,50.1,6.59
-71.92,128.53,12.84
-73.87,20.49,18.09
-69.96,72.28,15.09
-83.97,15.65,84.6
-80.54,9.2,30.55
-75.98,63.5,17.86
-65.03,17.75,73.03
-62.76,119.27,9.04
-76.27,7.78,500.0
-79.66,11.63,44.75
-86.54,11.43,28.92
-64.99,50.3,48.97
-77.84,11.59,23.58
-83.06,17.48,22.89
-66.64,16.36,128.19
-63.25,61.48,27.74
-69.11,87.01,12.37
-58.94,19.1,500.0
-91.44,0.5,255.29
-78.63,14.73,37.64
-59.37,58.0,500.0
-80.01,7.79,43.21
-74.47,22.82,161.79
-86.98,5.47,66.05
-77.4,21.83,48.61
-89.65,4.32,53.43
-50.69,78.59,73.11
-77.76,88.21,10.99
-67.84,44.41,44.52
-77.19,6.52,243.34
-78.97,53.42,17.28
-67.04,43.98,152.29
-59.09,78.57,23.88
-95.0,3.36,50.02
-87.41,17.5,28.25
-78.8,41.58,21.58
-52.92,68.09,56.93
-67.23,40.13,484.75
-70.46,10.13,73.14
-69.27,60.24,21.61
-80.5,9.12,73.04
-65.88,25.21,12.53
-82.58,19.34,30.88
-64.41,72.74,18.85
-67.87,36.58,12.99
-95.0,3.35,53.57
-95.0,5.24,37.37
-60.85,27.67,13.0
-72.96,10.02,196.67
-59.92,74.74,2.3
-68.23,43.37,59.98
-78.62,29.13,46.15
-90.03,4.01,500.0
-77.47,16.98,122.03
-88.59,7.59,48.8
-64.88,32.08,15.54
-70.74,11.92,38.42
-95.0,3.88,25.81
-77.41,6.02,43.94
-75.77,2.06,133.35
-66.37,46.54,61.98
-48.67,74.5,51.56
-64.76,19.88,238.46
-93.21,9.3,48.95
-66.64,43.87,12.63
-75.69,13.33,56.33
-74.06,29.09,161.81
-63.07,15.25,39.45
-60.67,23.65,37.13
-50.51,30.29,20.08
-74.52,34.1,60.37
-56.64,29.7,22.42
-76.79,48.36,18.67
-73.95,6.32,85.15
-91.83,0.5,64.66
-44.91,70.32,8.22
-65.97,19.94,19.25
-69.5,7.38,44.18
-83.9,72.84,23.64
-71.11,16.85,30.34
-67.24,25.09,26.17
-95.0,0.5,33.01
-49.16,93.33,19.51
-82.05,8.8,88.54
-95.0,6.79,26.62
-95.0,0.5,83.07
-88.64,12.97,19.5
-80.06,4.56,49.61
-74.26,43.17,32.3
-60.06,66.45,4.72
-66.45,56.38,36.05
-66.78,31.84,16.69
-61.36,44.86,11.09
-78.15,13.96,63.0
-65.67,48.75,24.4
-74.52,9.78,25.73
-81.06,9.03,21.57
-71.01,13.03,90.87
-79.07,20.64,20.43
-71.32,8.94,110.9
-47.45,42.57,11.98
-75.37,61.53,15.63
-91.96,9.99,208.39
-62.54,122.56,4.87
-61.52,17.05,46.84
-50.27,93.08,4.09
-59.3,56.13,40.79
-64.4,46.74,14.74
-25.33,116.17,28.39
-63.66,61.88,3.93
-73.23,38.64,34.44
-65.72,32.99,500.0
-69.84,14.6,34.21
-72.35,18.87,18.64
-95.0,0.5,53.2
-86.49,9.48,50.98
-66.38,23.61,34.21
-88.67,2.38,123.35
-83.52,16.62,52.14
-66.52,52.21,78.51
-64.61,23.57,29.44
-69.42,16.79,25.92
-78.3,9.71,500.0
-83.06,11.05,25.75
-69.31,15.21,31.13
-94.03,8.98,23.88
-68.37,15.56,35.65
-55.29,91.37,1.0
-79.2,8.72,26.43
-77.26,28.79,59.03
-66.2,14.77,24.16
-48.21,31.14,127.75
-95.0,0.76,44.01
-66.35,28.09,11.3
-87.0,8.59,49.7
-53.64,25.78,129.08
-73.62,12.1,26.89
-91.59,15.52,30.53
-76.13,10.21,37.21
-92.24,0.5,49.58
-81.49,17.61,108.34
-95.0,0.5,100.74
-34.13,42.67,38.02
-86.72,0.5,34.31
-51.15,77.8,150.03
-70.62,38.75,14.81
-67.56,29.95,102.23
-76.39,3.17,54.89
-57.4,34.22,11.34
-79.9,18.83,30.9
-86.58,0.5,66.08
-46.83,26.93,82.22
-60.83,25.63,13.56
-75.4,29.42,47.95
-74.66,51.08,19.02
-68.75,71.07,13.65
-85.62,9.11,54.81
-72.92,35.88,82.23
-41.53,31.98,105.46
-71.55,57.72,27.4
-87.32,0.5,71.05
-51.41,19.16,90.25
-89.59,3.96,500.0
-68.84,24.82,57.38
-69.0,23.18,17.97
-93.97,6.3,29.02
-85.98,20.29,22.66
-66.04,34.95,5.87
-95.0,6.18,24.62
-84.04,6.62,17.3
-70.24,33.89,11.91
-82.76,8.22,70.03
-78.49,14.78,29.93
-92.98,2.36,34.64
-64.67,30.13,10.15
-68.31,25.86,13.85
-78.27,9.12,91.58
-93.87,4.5,60.81
-80.58,8.52,120.3
-59.42,16.05,141.66
-82.59,18.56,34.63
-78.53,9.14,164.13
-46.63,26.96,182.57
-66.36,11.93,242.88
-74.32,25.47,136.59
-88.3,35.67,16.76
-55.78,82.36,24.99
-67.24,15.1,89.2
-50.87,32.34,17.22
-42.05,94.63,1.64
-61.55,23.21,14.35
-93.81,3.79,38.82
-39.53,93.52,6.65
-86.03,2.58,95.98
-95.0,0.5,98.78
-82.27,53.67,17.39
-52.37,52.96,7.06
-70.07,36.28,75.07
-28.89,31.07,319.68
-66.33,17.68,38.67
-95.0,6.03,60.14
-50.76,27.31,500.0
-92.12,1.86,51.84
-80.04,26.82,30.01
-70.68,15.09,37.95
-55.25,30.36,24.47
-65.99,17.67,26.57
-62.09,52.31,78.17
-65.63,34.94,51.52
-76.52,12.19,27.9
-73.27,10.92,32.07
-67.48,16.78,44.87
-64.35,82.69,12.56
-80.97,11.88,48.08
-90.68,9.75,23.36
-63.75,49.1,63.53
-59.18,80.97,20.29
-69.87,17.71,30.62
-59.98,23.79,58.41
-49.84,113.94,13.79
-51.23,69.38,8.15
-91.62,9.18,32.89
-68.54,54.47,26.62
-56.58,87.89,16.03
-78.98,31.85,24.04
-45.44,75.97,77.47
-87.19,4.12,120.79
-52.65,24.82,316.88
-54.0,41.55,13.43
-70.3,42.19,39.48
-38.74,104.05,30.82
-59.66,73.99,26.81
-68.77,34.1,240.4
-55.25,75.74,27.1
-71.84,6.06,163.24
-69.85,22.52,256.72
-56.58,28.85,21.0
-68.63,12.91,33.1
-63.86,17.24,74.54
-94.08,2.02,40.83
-79.25,10.83,34.36
-47.97,48.17,8.44
-85.16,5.6,54.65
-55.78,80.9,24.91
-51.49,24.63,149.17
-81.87,9.53,25.15
-73.77,22.53,163.89
-90.63,2.27,165.41
-95.0,6.92,69.75
-95.0,1.2,47.18
-79.83,51.1,19.07
-68.81,11.53,92.6
-86.97,13.72,30.69
-75.07,15.53,34.29
-95.0,5.82,31.37
-81.46,7.16,48.8
-88.11,8.57,30.82
-74.25,15.79,23.57
-45.04,29.54,37.92
-82.2,46.24,18.51
-70.97,54.15,22.76
-63.09,19.28,484.1
-79.84,34.11,23.58
-87.97,12.09,25.26
-56.31,44.49,4.5
-79.9,12.63,25.49
-51.05,47.85,11.93
-47.62,27.88,316.89
-79.81,21.71,28.64
-66.56,43.36,20.96
-71.14,80.49,13.69
-84.39,15.11,61.61
-56.3,56.64,7.06
-69.49,112.14,8.21
-68.19,85.14,13.0
-90.79,10.97,37.51
-77.5,11.67,31.34
-59.61,17.19,500.0
-32.86,105.38,7.67
-75.17,33.97,35.06
-60.66,28.42,13.55
-60.12,71.74,5.28
-68.72,19.72,31.73
-79.95,15.91,100.02
-66.1,39.53,500.0
-52.2,177.62,5.46
-90.95,11.48,36.34
-55.72,16.11,500.0
-80.28,87.65,14.89
-47.03,45.82,19.47
-61.84,17.86,38.77
-50.52,51.0,9.33
-83.63,10.01,53.75
-81.96,6.27,19.77
-65.84,25.56,19.2
-93.82,0.5,91.33
-66.42,37.4,10.72
-56.2,18.32,97.89
-47.31,182.86,3.1
-54.75,28.43,19.55
-56.4,34.23,12.23
-70.88,37.85,35.47
-63.02,15.6,98.03
-68.3,15.9,32.53
-51.54,162.75,7.74
-77.73,54.25,17.17
-56.19,12.96,198.3
-51.74,73.65,44.73
-50.03,22.52,236.87
-38.9,30.75,108.86
-84.14,2.89,64.88
-80.57,14.61,151.38
-82.62,5.75,85.0
-81.25,27.15,29.62
-72.88,29.07,12.81
-58.38,126.03,9.72
-49.65,189.3,4.17
-80.43,37.39,24.7
-68.54,75.2,14.74
-82.44,5.08,242.02
-62.23,24.68,31.96
-82.29,7.36,69.76
-70.31,34.08,155.73
-85.15,1.19,42.54
-86.61,23.57,23.96
-52.67,33.06,11.99
-64.49,31.48,16.62
-70.04,34.61,42.6
-85.52,17.81,36.1
-79.72,13.42,126.88
-84.51,36.33,16.96
-57.87,30.15,46.49
-58.76,17.18,94.64
-75.27,26.86,17.32
-62.91,28.1,20.12
-87.85,9.2,80.62
-78.19,9.23,148.58
-42.59,35.54,21.62
-76.03,31.41,34.6
-71.1,20.74,27.77
-58.71,20.82,52.86
-51.48,60.14,238.48
-82.34,2.77,57.4
-75.19,21.94,18.52
-85.59,3.83,70.56
-60.33,79.42,21.41
-73.18,9.53,32.83
-79.78,11.48,136.9
-61.22,26.79,14.25
-58.47,137.17,5.85
-71.96,32.26,19.88
-77.75,31.7,39.3
-73.07,14.64,48.4
-46.11,41.01,12.64
-92.76,1.78,68.47
-82.34,36.79,23.76
-81.25,6.52,59.32
-45.66,44.11,14.72
-92.19,1.33,60.21
-71.66,15.08,32.81
-52.62,65.49,58.71
-83.29,6.26,500.0
-70.07,71.27,19.54
-63.41,69.71,7.5
-55.51,23.86,27.17
-60.08,16.46,56.64
-44.63,38.36,24.43
-74.09,11.12,46.67
-67.5,44.01,51.06
-38.47,144.32,12.84
-87.0,6.08,47.71
-48.16,30.05,185.17
-83.26,8.2,21.55
-76.08,114.65,26.29
-71.84,15.23,24.9
-61.08,51.56,184.14
-68.82,21.92,46.36
-78.0,12.0,29.4
-68.13,99.0,11.06
-70.24,19.9,21.1
-68.57,60.33,26.21
-73.52,14.95,35.15
-95.0,0.5,117.55
-63.15,19.04,68.05
-78.49,17.18,18.59
-37.83,49.96,20.88
-77.29,3.63,326.03
-69.74,46.02,41.86
-45.08,126.19,16.84
-64.41,49.53,30.74
-86.16,11.48,20.04
-68.03,13.93,91.34
-76.96,12.32,33.0
-73.62,83.26,11.67
-84.54,10.19,23.9
-73.61,36.44,34.03
-77.61,13.76,92.14
-71.13,14.45,93.58
-71.17,45.73,15.13
-51.12,24.82,70.9
-54.89,24.81,115.57
-89.98,1.57,252.95
-53.63,22.56,51.67
-57.17,43.72,89.44
-85.58,2.94,113.53
-79.43,19.76,38.7
-47.83,215.0,4.43
-59.03,77.45,24.28
-69.43,44.87,28.16
-46.51,80.06,182.64
-90.88,6.78,49.42
-55.57,420.94,2.17
-72.56,31.25,69.61
-71.17,13.32,238.39
-45.08,81.09,5.3
-66.64,139.78,8.35
-76.64,8.33,64.86
-61.92,50.89,40.35
-35.67,38.52,23.45
-43.61,50.05,17.38
-48.72,51.95,9.68
-55.72,148.45,1.0
-93.48,0.5,50.58
-95.0,7.85,29.62
-91.64,2.14,43.36
-77.4,8.73,74.86
-77.34,4.79,67.35
-56.25,47.62,11.26
-61.58,23.07,71.27
-38.43,55.34,13.93
-63.75,30.93,11.78
-63.76,97.76,11.6
-77.13,41.51,14.73
-50.38,38.2,17.0
-56.48,68.89,29.35
-73.55,30.48,50.75
-53.28,77.79,47.36
-56.73,22.34,37.88
-56.01,62.2,7.01
-64.17,108.03,9.77
-78.03,11.43,34.84
-50.86,36.74,23.44
-65.41,17.33,35.43
-93.84,2.95,31.53
-72.04,17.09,23.38
-70.15,27.18,67.67
-43.76,72.14,112.68
-83.88,10.76,42.37
-52.58,71.09,500.0
-79.2,16.31,92.43
-95.0,4.01,34.46
-69.85,14.74,117.58
-84.56,6.43,100.8
-60.79,14.15,47.07
-72.5,34.54,12.98
-77.47,17.39,498.78
-67.45,59.62,16.78
-64.32,67.66,19.75
-55.65,67.12,3.79
-70.5,29.43,14.77
-64.18,46.73,44.68
-79.0,5.38,249.8
-43.75,42.38,20.68
-88.33,21.79,21.23
-67.1,87.49,12.3
-64.07,27.29,26.13
-73.06,13.26,500.0
-62.83,108.53,10.37
-67.79,54.7,8.18
-84.31,13.44,52.0
-84.75,21.53,24.67
-54.83,24.08,56.76
-88.89,7.32,45.72
-81.05,25.6,32.87
-73.71,17.61,33.21
-84.36,38.78,19.79
-60.12,74.98,14.86
-33.1,112.42,32.87
-95.0,1.8,49.03
-75.89,23.19,66.66
-68.57,20.02,27.94
-74.76,35.81,29.28
-66.17,19.72,35.13
-76.2,20.52,50.97
-85.92,13.43,65.45
-70.18,6.88,47.71
-68.54,12.16,45.68
-84.36,26.6,17.44
-79.82,18.62,96.35
-78.41,14.09,40.96
-74.29,4.17,245.21
-60.43,32.1,9.33
-57.16,19.66,36.76
-74.89,9.74,36.95
-76.04,7.28,99.12
-63.3,14.94,49.45
-79.57,2.57,66.13
-80.88,6.07,64.59
-52.36,29.28,19.12
-55.25,21.71,180.88
-69.28,13.96,37.53
-73.37,38.48,37.05
-71.63,27.89,162.06
-52.53,24.51,26.76
-86.79,22.23,29.17
-58.06,397.03,1.89
-58.9,25.23,53.63
-77.82,15.46,331.47
-78.49,16.01,39.1
-66.61,107.48,10.0
-73.09,19.99,23.63
-76.78,22.07,51.72
-68.25,51.26,29.74
-68.74,36.97,486.39
-79.18,14.48,21.13
-54.41,30.11,16.86
-78.1,4.59,46.63
-76.24,20.58,89.51
-75.57,12.18,244.23
-68.43,39.43,53.67
-95.0,6.68,32.65
-81.84,14.15,54.98
-59.99,46.68,3.65
-95.0,0.5,338.85
-71.24,7.63,99.19
-74.09,27.18,16.36
-72.47,13.36,28.85
-20.9,184.84,16.32
-91.64,12.33,29.03
-89.95,15.1,30.49
-82.52,11.5,51.02
-71.31,19.73,112.46
-51.05,49.94,7.73
-75.95,12.51,26.06
-51.87,42.37,13.31
-88.6,28.97,25.39
-75.33,9.85,65.32
-76.1,9.75,26.21
-80.51,10.58,105.07
-68.36,12.78,116.84
-63.43,24.39,32.08
-66.65,17.41,23.29
-56.79,23.48,29.09
-95.0,0.5,58.36
-55.38,20.87,49.14
-76.29,11.09,25.96
-65.42,12.37,83.58
-79.71,27.73,33.25
-80.15,59.18,16.38
-94.58,1.51,53.42
-95.0,7.17,35.94
-49.74,45.48,500.0
-63.04,17.78,500.0
-43.39,119.62,17.12
-77.96,22.45,54.51
-57.99,24.31,15.31
-60.26,30.57,19.29
-68.05,44.48,30.6
-95.0,0.5,500.0
-61.96,39.42,12.43
-64.48,27.62,18.98
-76.59,32.43,36.88
-72.16,13.15,25.68
-72.96,24.14,500.0
-73.47,19.23,17.51
-60.28,75.67,5.76
-95.0,9.64,21.65
-92.12,6.05,49.45
-58.87,51.79,51.47
-95.0,9.54,21.59
-70.37,15.58,34.59
-64.13,62.61,10.6
-79.63,7.72,73.33
-86.6,4.56,35.55
-74.67,21.63,18.96
-62.51,28.64,16.06
-89.65,8.03,84.12
-41.84,177.77,8.6
-68.28,56.82,31.31
-84.34,5.98,23.89
-84.98,5.7,80.62
-54.74,21.09,481.49
-77.72,25.19,36.38
-79.95,11.95,28.15
-79.98,15.12,87.58
-66.93,9.36,170.17
-56.8,65.59,66.6
-95.0,0.5,210.41
-71.87,87.67,15.26
-59.17,45.5,237.84
-63.79,19.73,500.0
-95.0,6.26,52.78
-70.2,21.41,17.26
-74.21,43.87,18.66
-42.53,30.0,38.88
-88.8,6.89,32.46
-95.0,7.61,57.47
-78.18,22.43,88.27
-54.72,72.03,53.9
-62.91,50.62,182.72
-71.77,14.32,92.15
-76.13,7.61,44.58
-67.4,20.25,237.7
-81.93,17.32,49.54
-80.15,4.69,327.09
-85.43,8.07,56.41
-71.25,12.56,25.34
-73.33,9.52,37.95
-52.15,98.98,18.76
-74.46,47.13,29.2
-91.08,0.5,500.0
-95.0,2.75,42.72
-89.38,0.5,70.54
-42.56,89.78,44.14
-87.43,4.07,34.6
-75.63,18.96,130.11
-60.47,30.41,16.23
-71.61,43.77,39.95
-47.31,85.54,108.32
-88.61,1.03,32.52
-75.12,65.12,17.58
-74.92,64.96,17.5
-57.13,23.85,28.27
-86.86,6.1,33.55
-95.0,0.5,170.91
-74.71,36.73,28.92
-62.4,20.65,23.38
-57.37,16.67,70.19
-52.62,28.75,40.94
-68.2,112.6,11.84
-94.37,0.5,23.83
-67.88,36.88,42.0
-56.37,80.72,22.24
-77.29,60.38,16.63
-76.7,33.35,44.28
-95.0,3.51,34.99
-83.45,11.76,76.43
-64.75,40.22,115.31
-60.36,122.89,6.87
-65.46,104.34,5.55
-71.01,6.6,28.99
-72.0,5.44,61.8
-83.15,7.69,17.93
-42.79,88.54,79.55
-76.85,4.39,500.0
-64.12,16.47,43.21
-95.0,2.45,71.01
-85.56,24.77,23.11
-77.62,9.25,45.15
-55.01,25.14,37.83
-73.73,10.46,24.49
-34.94,83.04,42.77
-63.92,70.36,19.83
-65.24,53.24,66.97
-49.29,32.29,66.34
-85.24,5.65,54.09
-95.0,7.52,172.58
-84.52,9.75,22.42
-55.65,72.53,59.42
-70.21,9.32,242.13
-88.93,0.5,45.05
-95.0,7.18,28.45
-68.96,57.34,17.07
-77.7,45.12,19.42
-57.13,25.11,25.61
-65.34,27.25,13.81
-95.0,4.32,47.72
-82.82,3.42,92.0
-61.7,10.55,98.48
-75.86,29.27,32.03
-59.12,44.34,190.09
-74.94,23.35,197.82
-35.5,327.03,6.58
-65.35,88.57,18.73
-71.66,103.55,25.0
-86.01,16.25,81.59
-68.57,35.18,27.75
-71.53,31.82,47.92
-83.25,15.91,63.38
-81.7,12.9,31.73
-74.9,34.84,27.67
-75.29,23.67,50.21
-81.03,9.69,23.66
-75.91,19.97,56.42
-76.53,8.51,36.68
-74.04,29.62,189.18
-56.87,114.01,10.94
-68.63,14.99,500.0
-66.39,9.39,91.19
-75.08,65.74,18.74
-81.05,11.6,35.17
-81.29,8.11,203.58
-85.56,1.78,36.76
-63.95,32.22,15.26
-61.49,13.88,73.37
-52.13,75.1,59.42
-83.44,27.99,35.24
-74.89,14.73,24.84
-81.37,15.16,36.52
-75.75,13.02,29.02
-74.95,49.18,19.46
-72.4,10.09,101.65
-80.01,4.51,89.89
-95.0,3.9,38.91
-69.47,10.36,122.31
-68.32,16.44,30.27
-54.91,61.26,80.1
-63.78,45.28,50.2
-35.92,42.78,34.11
-71.92,21.31,21.78
-76.89,18.21,23.94
-82.13,1.36,173.02
-78.99,49.82,19.67
-81.93,6.06,53.43
-46.91,64.09,6.47
-73.31,32.15,12.95
-65.77,8.98,324.05
-82.65,4.74,139.85
-61.17,19.51,31.22
-61.54,44.01,132.9
-83.01,22.33,36.46
-91.94,5.76,55.79
-63.03,15.12,130.24
-63.4,63.38,17.11
-87.36,20.03,24.87
-55.67,64.72,39.69
-20.0,57.67,32.89
-90.19,4.53,76.63
-73.76,17.52,22.72
-72.67,25.08,20.41
-23.48,123.49,8.01
-63.45,60.99,31.55
-73.28,12.35,37.19
-93.45,0.53,212.38
-74.37,16.63,27.38
-73.07,28.84,139.28
-82.36,11.76,332.93
-83.39,3.73,34.14
-54.13,24.06,99.08
-82.5,16.27,75.86
-65.27,7.72,500.0
-72.62,71.68,16.14
-65.28,138.41,7.81
-78.51,2.22,342.25
-85.09,13.08,42.5
-90.95,3.92,165.29
-60.74,75.83,18.23
-59.26,79.2,3.4
-80.4,15.79,45.97
-74.68,19.3,500.0
-72.27,10.72,113.78
-34.82,87.06,38.5
-62.02,56.16,33.06
-57.76,20.89,500.0
-55.11,25.3,185.47
-88.06,14.1,243.34
-78.06,34.6,25.04
-89.73,6.71,47.12
-22.31,190.9,20.93
-51.82,30.26,26.34
-58.48,24.19,25.47
-90.34,9.08,31.6
-64.05,15.36,500.0
-92.27,10.59,29.67
-59.93,53.13,5.08
-74.78,19.21,21.1
-62.81,64.45,38.41
-67.56,59.39,19.54
-59.01,386.51,3.1
-84.94,13.67,31.09
-77.98,10.94,500.0
-78.8,12.04,36.93
-54.3,19.26,188.48
-79.63,18.58,18.04
-73.85,9.44,244.17
-57.06,23.74,35.55
-92.39,0.5,341.04
-56.03,17.11,500.0
-73.86,20.73,19.05
-42.81,142.2,1.55
-76.2,30.49,85.12
-62.9,22.93,25.77
-81.93,3.95,42.55
-64.54,23.9,99.37
-63.09,24.32,20.68
-67.59,80.47,16.18
-53.35,16.56,85.76
-90.05,5.22,50.65
-67.79,8.23,51.52
-68.28,44.07,63.74
-94.74,3.94,130.44
-48.44,29.0,319.56
-81.9,2.93,55.19
-95.0,7.71,37.69
-66.1,12.67,51.03
-81.95,6.26,64.21
-87.42,12.36,40.26
-70.05,10.61,61.02
-60.8,18.9,76.74
-61.75,98.72,11.5
-72.22,40.14,31.88
-95.0,5.02,31.84
-63.88,32.0,10.35
-52.69,196.12,6.93
-79.29,12.23,29.13
-79.89,36.46,18.86
-82.9,26.07,32.62
-72.89,14.4,26.3
-55.85,27.18,26.65
-64.68,30.53,12.67
-87.68,0.81,44.03
-72.1,10.47,137.28
-69.13,13.33,27.32
-78.55,23.58,162.74
-85.34,7.16,52.87
-73.63,4.76,121.41
-75.22,9.63,495.01
-95.0,4.31,40.78
-63.56,25.81,32.2
-50.58,116.04,14.64
-85.98,11.39,44.08
-93.66,2.88,53.09
-41.31,56.33,12.69
-74.29,12.91,33.87
-63.37,11.96,500.0
-72.18,13.9,23.32
-70.23,22.24,20.53
-95.0,2.19,49.66
-70.72,37.6,11.25
-67.0,36.94,64.33
-74.44,37.08,50.38
-81.56,21.34,36.42
-67.33,15.64,53.32
-92.64,2.06,132.04
-64.41,31.15,15.09
-83.67,15.86,50.65
-92.46,6.05,56.68
-80.64,6.39,500.0
-68.56,45.23,27.69
-75.61,12.62,61.67
-80.5,15.2,500.0
-77.53,18.86,16.16
-60.04,32.29,143.4
-65.96,86.56,12.88
-72.22,18.24,39.04
-68.4,14.73,247.89
-63.33,46.94,70.85
-85.01,0.5,500.0
-60.28,24.4,23.59
-75.93,9.85,25.52
-71.85,17.97,24.3
-84.33,21.56,39.2
-60.5,65.8,6.9
-73.09,18.28,18.42
-60.32,21.55,111.64
-21.78,42.93,128.33
-95.0,3.29,207.13
-65.99,17.51,113.35
-79.98,9.51,500.0
-48.9,82.83,2.94
-58.27,32.85,23.87
-54.13,51.49,6.52
-91.08,6.82,91.01
-61.23,29.18,13.26
-70.75,36.47,236.35
-83.53,16.89,16.65
-66.22,22.74,16.61
-91.56,0.5,52.11
-67.75,48.08,9.48
-48.85,29.25,34.02
-65.54,93.07,9.27
-89.3,8.61,44.31
-66.12,22.89,22.58
-57.64,21.7,91.81
-64.4,31.47,13.68
-70.21,34.52,53.93
-66.62,19.97,21.22
-80.8,26.61,22.75
-63.42,16.83,489.36
-65.68,20.79,24.48
-82.27,12.47,64.25
-48.35,211.82,7.68
-70.97,18.9,14.39
-57.92,25.66,18.56
-45.42,88.22,5.18
-59.94,24.29,34.23
-77.72,31.7,25.56
-51.15,68.9,7.19
-40.57,132.1,16.09
-64.84,22.26,26.54
-92.73,0.5,55.26
-66.63,12.99,30.26
-78.0,7.93,26.11
-66.96,56.12,24.86
-83.41,45.49,15.84
-95.0,6.52,99.79
-68.89,7.89,500.0
-51.89,111.41,6.55
-61.79,14.45,52.52
-81.34,6.07,141.03
-42.08,182.52,10.43
-93.95,1.5,500.0
-62.1,83.5,12.94
-93.75,1.25,31.77
-55.56,82.49,1.17
-72.37,73.45,15.13
-73.04,8.96,42.31
-74.72,23.71,16.9
-61.67,66.08,5.24
-78.62,16.51,25.03
-73.13,76.19,17.07
-78.25,24.68,76.52
-73.31,29.32,13.99
-93.96,8.93,42.55
-83.78,8.39,25.51
-58.72,21.1,63.32
-67.22,14.81,22.49
-90.82,11.12,24.55
-89.56,5.14,335.16
-72.34,11.37,83.3
-76.8,8.35,61.07
-94.27,7.09,166.62
-59.47,113.43,8.91
-68.23,12.11,166.39
-81.7,2.39,500.0
-95.0,0.66,45.03
-87.19,7.69,196.45
-93.53,1.44,72.83
-77.57,23.7,13.92
-64.05,97.92,12.31
-75.96,10.46,89.55
-77.44,6.7,33.68
-50.57,19.14,44.98
-89.23,0.75,40.85
-60.54,56.08,29.97
-54.52,114.19,15.03
-87.45,7.5,500.0
-92.73,0.5,47.21
-69.92,44.91,38.68
-51.54,31.03,28.49
-60.44,22.92,38.43
-67.76,78.93,16.68
-38.18,37.64,44.07
-32.32,195.65,13.42
-88.74,12.01,249.45
-89.28,7.39,32.43
-57.63,70.07,26.58
-64.93,44.02,48.39
-54.45,62.97,500.0
-79.03,13.43,117.53
-55.83,33.63,16.97
-69.09,11.55,132.11
-85.81,12.21,41.09
-77.12,26.64,15.84
-70.62,5.19,86.19
-76.37,18.08,12.56
-65.2,19.09,97.61
-63.11,42.72,500.0
-63.9,26.65,16.37
-95.0,2.18,35.69
-81.89,45.55,19.93
-63.46,21.27,30.6
-55.32,65.6,8.04
-62.47,17.81,500.0
-48.2,31.77,44.82
-87.77,3.44,260.89
-58.39,31.97,13.96
-75.72,27.02,131.35
-84.59,0.5,50.84
-95.0,11.78,30.28
-33.71,36.14,69.56
-70.67,27.58,14.71
-48.25,53.2,106.65
-70.57,48.93,18.55
-58.17,47.95,70.73
-82.33,1.5,111.08
-59.86,20.79,31.18
-65.69,63.11,26.46
-56.42,24.01,23.52
-68.83,14.12,30.68
-73.24,12.72,66.76
-49.1,30.66,28.22
-92.14,1.77,48.46
-76.78,18.09,57.15
-73.04,14.23,61.46
-70.84,10.97,500.0
-51.03,43.3,18.83
-75.11,11.66,27.11
-72.48,30.75,44.67
-79.16,5.64,246.39
-60.08,109.12,11.45
-63.53,59.25,36.51
-74.53,57.63,15.86
-67.82,54.97,29.63
-45.07,90.51,50.72
-65.19,63.74,23.82
-68.9,8.51,50.47
-83.05,2.2,252.28
-65.19,43.17,81.73
-79.27,10.58,77.95
-53.82,98.02,15.62
-54.56,75.71,36.99
-80.43,6.47,68.99
-79.5,16.53,68.88
-32.92,29.69,197.53
-73.87,14.56,17.11
-48.47,38.1,12.34
-49.88,30.98,25.63
-65.84,37.98,195.48
-58.54,66.64,38.62
-82.77,13.19,21.49
-71.3,143.33,19.41
-83.04,10.28,18.93
-49.02,59.51,5.38
-41.22,365.79,9.21
-60.81,64.29,33.34
-85.12,20.45,22.54
-78.77,8.28,121.26
-86.53,0.5,180.64
-59.59,84.74,21.82
-94.3,1.28,500.0
-77.24,15.24,24.08
-69.95,13.08,88.9
-70.43,50.4,22.75
-95.0,2.72,39.53
-64.91,41.94,500.0
-50.52,99.9,20.74
-70.33,38.67,135.0
-67.36,20.35,17.19
-74.34,27.64,107.03
-89.6,7.13,60.8
-80.51,17.31,62.88
-84.79,13.98,147.63
-60.33,19.75,500.0
-95.0,4.95,31.5
-64.43,8.5,167.88
-82.13,4.22,134.1
-95.0,0.5,183.5
-85.72,15.69,32.98
-70.82,18.6,26.23
-62.35,20.65,38.02
-68.5,46.6,29.44
-79.03,4.05,27.72
-44.92,31.68,55.87
-86.78,5.55,38.86
-45.68,66.24,500.0
-78.81,17.29,31.27
-50.45,159.99,18.98
-78.65,46.95,18.49
-78.12,2.7,96.89
-56.99,35.67,20.04
-64.27,46.93,61.05
-95.0,9.77,500.0
-79.4,22.89,61.51
-60.99,17.98,500.0
-76.19,6.49,55.32
-72.97,67.78,16.12
-58.52,22.73,185.62
-74.64,19.47,21.65
-74.21,31.38,105.2
-72.78,20.63,13.55
-72.17,10.99,29.8
-79.36,8.8,46.8
-62.76,40.38,188.25
-66.25,5.93,494.28
-58.52,34.51,15.38
-95.0,2.27,56.25
-89.38,8.07,31.91
-78.87,8.89,200.77
-81.02,32.57,23.64
-87.22,42.31,18.9
-88.91,10.71,107.09
-90.1,7.85,44.53
-72.48,11.82,89.79
-84.21,41.12,23.94
-75.2,41.48,23.06
-72.65,14.13,192.34
-95.0,4.43,342.07
-83.84,39.55,15.84
-89.37,7.28,30.76
-61.08,13.62,58.16
-26.75,43.76,32.27
-77.01,6.34,25.33
-79.48,6.91,28.75
-81.95,64.84,18.05
-46.69,12.51,73.24
-77.11,9.38,27.71
-84.27,18.32,38.03
-70.49,26.97,495.15
-83.83,10.72,500.0
-54.11,22.05,32.87
-65.34,59.33,27.23
-37.68,100.94,77.96
-73.86,32.15,135.87
-81.24,0.5,500.0
-65.07,13.69,85.63
-67.09,16.05,47.66
-66.21,98.84,8.03
-84.26,21.93,26.81
-55.87,27.91,18.43
-80.69,8.43,58.85
-79.85,7.37,53.34
-57.86,15.97,500.0
-78.72,7.72,243.33
-85.4,16.28,247.1
-90.67,3.4,38.15
-68.26,43.08,12.76
-77.98,21.87,329.57
-66.34,21.54,28.34
-67.7,75.16,11.51
-84.15,0.5,28.22
-79.56,12.8,26.23
-95.0,0.5,25.32
-73.64,105.84,14.47
-76.96,19.91,500.0
-89.55,3.63,67.4
-72.21,13.9,133.1
-72.01,14.51,158.33
-80.43,6.18,76.15
-20.0,126.79,3.33
-65.58,175.67,3.59
-88.37,8.23,54.18
-64.44,50.52,32.27
-63.17,34.17,10.01
-69.91,28.41,44.93
-76.37,10.25,500.0
-69.41,19.67,33.81
-73.23,44.7,28.43
-69.69,43.83,32.82
-89.14,25.78,15.53
-68.58,76.95,15.97
-61.51,71.62,20.04
-27.13,132.41,2.36
-79.59,8.27,19.78
-91.18,7.99,30.64
-91.19,7.23,32.02
-66.01,76.31,8.6
-66.5,9.86,487.66
-66.57,33.32,110.6
-87.9,0.5,73.54
-64.77,62.63,25.07
-66.54,17.04,29.93
-76.14,2.33,82.02
-61.4,16.35,184.32
-90.72,7.8,95.42
-69.24,28.48,17.03
-66.24,66.84,21.43
-73.44,27.05,84.21
-71.52,11.55,54.3
-74.39,15.54,29.86
-67.77,19.55,320.92
-64.28,50.94,131.62
-57.5,10.59,46.19
-80.62,9.47,58.94
-73.96,22.81,14.38
-55.75,72.56,29.56
-64.21,13.54,235.52
-66.87,16.43,70.75
-79.98,9.1,31.05
-81.54,11.59,22.94
-69.87,26.08,14.25
-89.23,3.28,35.19
-68.51,66.02,20.83
-59.89,50.02,9.26
-68.82,9.34,58.89
-65.07,44.23,320.88
-65.81,30.1,10.33
-57.35,24.67,51.34
-32.74,26.75,81.96
-33.71,27.88,65.13
-72.18,9.09,120.21
-72.88,57.11,17.12
-66.18,26.52,20.43
-74.16,49.01,17.56
-74.44,29.3,20.39
-78.21,24.14,69.63
-30.32,117.13,32.01
-95.0,5.4,29.88
-85.25,18.1,22.95
-83.76,21.19,38.71
-81.55,31.22,24.25
-68.78,13.31,155.93
-82.43,8.29,29.12
-85.12,32.74,22.84
-77.07,32.74,39.7
-25.96,44.31,74.1
-67.89,25.88,18.07
-80.63,29.28,30.52
-69.56,12.37,37.55
-69.15,50.32,25.87
-85.49,17.21,33.02
-52.07,62.24,16.8
-58.05,22.01,30.2
-76.05,33.58,43.89
-95.0,0.5,82.33
-47.22,79.56,44.6
-71.96,15.32,33.51
-95.0,4.16,51.82
-88.54,11.42,36.0
-67.52,40.59,104.65
-60.72,55.88,96.1
-76.62,30.03,78.27
-51.6,119.94,12.26
-95.0,6.21,77.07
-75.45,11.86,70.2
-60.99,21.98,22.84
-75.12,6.74,28.98
-59.46,127.48,10.69
-67.32,143.16,11.06
-62.29,66.76,21.92
-95.0,0.5,69.54
-64.69,39.28,64.38
-81.5,14.23,69.68
-72.39,53.48,17.39
-60.75,103.46,13.41
-74.97,7.51,62.61
-65.66,19.65,500.0
-63.2,14.38,51.9
-78.12,87.04,16.36
-85.88,13.11,33.54
-65.21,15.92,500.0
-58.96,27.44,34.26
-63.76,59.53,8.13
-80.97,4.53,141.95
-72.72,43.38,25.29
-59.71,50.07,12.86
-70.81,9.27,320.87
-69.84,35.94,40.16
-69.12,25.94,19.59
-95.0,4.83,60.23
-20.0,132.58,128.04
-94.0,2.95,167.06
-83.35,5.32,33.2
-83.65,3.76,25.45
-69.23,133.36,13.49
-58.44,68.43,31.33
-77.94,7.25,45.42
-93.5,0.5,500.0
-63.16,70.21,22.34
-79.08,11.2,25.95
-70.97,10.12,138.83
-65.19,13.72,27.14
-84.34,8.67,25.42
-60.34,70.22,25.15
-39.79,100.41,59.02
-71.68,6.26,83.05
-60.03,28.53,15.94
-75.28,15.46,500.0
-50.67,149.29,11.17
-30.93,95.64,153.79
-70.28,36.92,75.22
-37.37,46.23,16.44
-26.83,46.07,42.51
-71.31,14.48,27.98
-76.42,0.5,260.05
-75.58,31.42,33.13
-62.24,57.27,77.29
-75.84,40.38,21.24
-95.0,5.97,114.3
-63.05,42.93,8.75
-78.08,22.49,79.0
-86.0,3.09,41.34
-90.06,7.75,42.43
-64.32,105.7,7.94
-37.13,44.47,34.85
-44.14,38.64,25.22
-49.87,22.73,146.12
-70.85,17.73,18.56
-56.33,14.51,72.29
-82.04,14.72,84.14
-70.36,12.46,48.8
-56.11,20.4,500.0
-94.66,4.62,80.99
-47.43,90.76,27.3
-83.04,11.08,26.84
-58.72,35.94,11.1
-66.55,13.61,33.56
-72.01,9.01,65.29
-61.5,63.53,35.17
-93.8,7.63,27.67
-95.0,4.73,348.4
-80.28,21.31,47.16
-51.15,19.79,55.19
-95.0,11.92,27.09
-71.82,11.51,42.0
-64.14,18.7,32.3
-68.87,43.15,38.43
-79.34,143.61,13.46
-84.81,16.85,48.13
-76.14,9.88,41.33
-36.43,47.12,22.63
-86.14,10.73,36.31
-61.55,50.22,234.28
-76.69,77.64,15.81
-91.14,4.8,203.96
-64.01,25.77,55.73
-67.54,70.17,16.09
-67.74,25.17,18.42
-66.88,25.94,27.05
-95.0,1.66,53.5
-75.04,34.38,16.58
-69.66,39.98,38.26
-95.0,0.5,39.61
-77.06,28.38,77.35
-79.15,23.38,163.43
-51.45,50.72,3.32
-95.0,0.5,500.0
-83.56,14.61,31.76
-72.91,21.51,20.73
-78.09,29.6,38.37
-69.24,16.7,30.87
-43.99,33.62,67.47
-77.23,31.57,32.99
-70.72,38.67,33.01
-63.27,330.03,5.53
-41.48,27.97,92.35
-89.29,10.78,50.86
-80.53,3.41,110.89
-84.23,6.36,67.6
-61.75,15.76,58.42
-66.27,17.78,29.11
-53.82,30.67,23.89
-81.17,13.08,36.88
-73.32,38.76,17.42
-79.3,36.75,32.55
-54.11,20.53,52.15
-64.29,69.88,19.99
-80.0,0.5,205.03
-71.37,27.82,69.35
-59.8,24.45,46.89
-44.22,77.69,30.77
-60.43,32.71,12.25
-59.93,153.76,8.63
-74.85,20.3,492.52
-81.62,14.46,23.0
-82.31,6.62,26.01
-86.87,7.92,334.27
-93.59,3.98,171.31
-91.8,5.68,30.88
-79.51,22.64,98.23
-81.93,6.09,57.31
-67.83,38.47,500.0
-70.33,37.32,53.56
-77.44,29.15,32.58
-47.55,24.72,82.08
-65.76,14.23,34.5
-73.87,17.48,19.58
-68.58,7.64,101.15
-95.0,0.5,117.91
-95.0,2.97,67.42
-93.95,0.5,38.81
-69.21,17.58,29.65
-68.74,48.37,23.97
-95.0,4.26,83.37
-81.94,14.63,127.43
-69.25,19.04,28.95
-68.75,26.74,16.95
-75.66,8.42,53.45
-54.71,33.91,25.74
-69.57,16.19,55.93
-44.22,25.8,318.08
-86.34,14.09,88.64
-60.75,19.5,124.49
-77.29,7.23,93.63
-83.13,5.4,56.46
-81.56,10.75,30.59
-81.75,0.8,500.0
-81.54,7.65,43.44
-59.54,28.53,19.47
-68.63,42.86,32.56
-76.6,20.67,75.66
-79.25,9.45,22.65
-69.09,19.08,37.61
-50.13,220.54,5.23
-63.73,84.17,15.24
-80.93,8.71,30.16
-63.52,18.76,27.28
-73.8,26.84,14.45
-38.74,28.96,500.0
-37.52,30.37,51.24
-54.37,45.8,6.43
-66.04,16.56,43.51
-91.56,0.5,337.4
-63.94,15.34,36.63
-67.49,31.92,18.9
-79.24,3.8,336.74
-78.81,0.5,81.92
-63.06,17.9,52.89
-33.67,247.05,13.52
-54.21,24.2,74.32
-81.47,20.34,47.82
-50.86,176.99,5.67
-90.15,4.11,59.55
-49.05,35.58,26.26
-82.34,16.26,43.18
-95.0,1.39,49.0
-74.41,9.86,49.63
-40.53,48.55,16.91
-81.84,6.34,28.99
-42.02,122.26,8.42
-66.03,48.01,53.25
-53.68,29.94,35.15
-89.49,2.77,82.48
-68.52,32.88,13.49
-67.55,54.17,26.45
-67.3,18.39,238.16
-95.0,1.49,34.54
-95.0,6.82,34.49
-84.08,4.56,130.72
-87.38,6.85,105.97
-55.43,23.62,63.0
-51.67,27.51,129.36
-78.11,19.59,500.0
-95.0,6.31,90.4
-84.77,9.93,494.94
-64.62,48.63,45.96
-75.41,7.58,90.0
-89.31,7.1,77.83
-48.72,130.18,11.74
-71.38,41.04,31.12
-95.0,4.38,500.0
-51.48,55.2,83.48
-87.63,24.88,21.81
-81.74,15.38,58.96
-89.07,13.38,47.24
-43.85,33.93,229.57
-76.27,31.17,69.09
-38.68,38.79,48.67
-65.88,7.59,500.0
-26.13,57.75,20.8
-67.97,19.51,39.29
-86.38,13.73,32.3
-45.48,59.46,51.48
-78.13,1.01,97.14
-79.67,23.24,46.33
-44.56,31.95,49.57
-95.0,1.53,57.1
-64.93,14.86,78.59
-70.07,18.03,22.21
-61.24,30.09,12.14
-95.0,0.5,48.0
-60.92,125.87,8.9
-91.78,3.26,500.0
-43.96,127.8,15.85
-70.42,53.49,26.41
-74.08,17.92,23.92
-94.68,0.5,500.0
-73.57,43.07,24.22
-78.3,6.98,25.03
-63.29,36.59,9.0
-78.46,11.12,243.57
-79.32,19.3,193.89
-88.67,2.62,39.14
-85.28,31.13,20.49
-67.66,8.08,88.93
-72.32,7.64,243.96
-67.66,18.41,27.7
-77.62,27.59,119.52
-60.62,22.63,26.16
-83.31,5.12,113.66
-58.87,109.27,8.68
-63.0,47.15,155.89
-87.77,3.83,500.0
-20.0,52.2,42.52
-95.0,6.0,61.86
-77.43,29.48,38.12
-84.48,16.77,35.02
-39.08,76.56,500.0
-51.3,91.1,5.94
-55.44,22.56,26.94
-92.61,5.38,29.23
-47.23,149.19,8.83
-54.87,115.92,8.35
-73.98,11.77,325.5
-68.26,53.19,23.06
-84.97,13.15,23.21
-67.79,14.31,99.24
-59.23,53.88,55.25
-74.97,27.21,67.71
-72.53,35.71,500.0
-86.7,13.66,500.0
-78.29,14.4,93.52
-37.55,103.43,60.44
-88.58,11.01,55.19
-95.0,7.74,37.54
-62.25,39.73,47.66
-82.74,18.46,35.09
-52.02,48.64,8.31
-50.99,279.13,2.94
-58.68,50.92,101.94
-55.17,33.35,13.89
-55.68,58.47,500.0
-69.46,11.98,54.95
-68.77,15.47,35.71
-62.22,87.38,14.68
-90.13,3.98,500.0
-51.77,17.63,59.74
-22.4,103.53,482.15
-67.42,48.72,5.97
-80.86,10.39,27.98
-70.16,15.09,34.5
-70.92,14.06,56.17
-66.63,16.9,25.76
-90.98,5.81,500.0
-59.43,180.18,12.38
-74.04,31.85,500.0
-80.17,20.61,44.37
-70.35,13.01,328.68
-87.2,1.21,58.86
-77.83,13.35,36.46
-72.91,28.41,75.61
-74.88,18.61,197.59
-69.06,29.51,500.0
-95.0,6.45,30.07
-50.27,46.53,12.56
-80.98,16.25,500.0
-50.99,26.18,44.23
-69.9,17.57,23.23
-91.96,1.44,48.92
-64.48,110.29,13.23
-83.35,4.72,46.22
-61.5,30.21,16.82
-69.5,72.59,24.19
-92.49,6.22,42.53
-76.79,21.2,134.7
-75.76,39.11,26.83
-39.92,72.23,7.18
-68.16,15.25,29.38
-54.51,53.96,241.35
-68.2,18.33,27.78
-73.44,22.99,20.07
-70.2,39.11,49.0
-79.95,14.88,19.79
-75.17,28.32,74.89
-45.16,102.41,26.35
-86.38,5.79,36.76
-69.31,16.64,500.0
-73.58,23.99,18.98
-65.62,45.57,76.45
-70.36,15.79,19.34
-64.4,54.94,46.4
-77.29,12.44,45.59
-61.26,49.1,6.61
-87.86,8.41,37.46
-86.13,40.55,26.81
-71.31,36.59,91.48
-75.07,9.71,43.11
-91.54,6.37,40.7
-93.92,2.17,152.83
-65.4,27.83,16.29
-62.18,9.28,120.44
-82.37,7.34,247.72
-65.93,299.09,9.82
-67.95,19.33,26.91
-46.91,72.51,484.25
-87.06,10.2,500.0
-95.0,6.93,49.03
-80.37,6.6,335.92
-86.25,20.72,24.54
-79.17,7.73,31.11
-77.72,27.28,67.78
-57.18,13.78,109.23
-62.56,39.64,500.0
-54.74,30.09,25.48
-77.09,37.86,27.55
-87.29,8.55,49.96
-86.94,26.02,17.47
-79.26,9.05,59.27
-80.16,31.28,32.54
-67.81,51.25,25.79
-72.52,15.51,21.9
-66.02,18.4,236.94
-74.15,22.86,17.01
-91.67,0.5,173.07
-82.09,18.32,105.72
-68.85,45.3,97.4
-64.86,23.73,17.24
-82.26,2.92,55.68
-65.82,17.86,51.33
-69.68,113.04,24.06
-81.26,28.19,27.36
-78.76,22.16,47.9
-92.38,17.18,29.88
-61.38,24.12,50.61
-84.71,3.56,26.52
-95.0,1.41,146.54
-59.29,19.59,500.0
-66.63,8.04,68.62
-69.14,20.36,26.87
-59.55,48.6,133.41
-57.84,28.61,38.83
-69.86,83.77,7.74
-90.1,3.86,211.76
-76.6,11.0,68.07
-92.15,4.08,25.19
-93.8,9.59,20.77
-58.95,11.16,108.95
-48.9,69.43,5.29
-95.0,6.69,40.51
-85.28,19.96,21.32
-78.54,24.62,57.21
-61.57,67.56,5.51
-68.46,24.41,13.92
-82.83,5.76,164.66
-95.0,1.48,38.99
-66.21,29.17,113.47
-80.3,119.27,13.33
-61.77,53.55,84.58
-68.24,43.84,155.65
-75.06,6.75,20.49
-95.0,0.5,69.94
-64.27,40.29,500.0
-80.14,27.74,41.2
-70.33,48.03,28.98
-73.09,18.9,46.51
-81.9,16.13,18.18
-34.6,33.27,315.28
-83.55,10.97,43.65
-77.06,48.49,17.86
-61.52,23.47,26.16
-72.78,13.08,86.39
-84.52,15.39,37.29
-66.96,43.73,80.56
-40.83,110.17,31.65
-87.53,4.66,142.51
-45.7,134.2,4.55
-54.6,21.02,318.29
-57.7,34.07,17.46
-65.04,102.79,14.62
-51.21,19.2,97.8
-80.98,16.98,43.59
-77.71,32.34,15.72
-87.35,8.61,22.45
-81.11,8.19,49.99
-69.27,76.2,13.77
-90.56,4.26,46.76
-67.85,13.04,29.98
-72.88,70.64,17.12
-76.47,64.15,18.48
-94.4,1.65,44.09
-79.18,33.53,29.3
-41.41,34.16,39.73
-58.23,62.58,151.74
-77.89,12.47,53.31
-77.06,2.88,174.99
-80.51,13.44,42.25
-86.09,2.69,51.18
-77.11,59.55,11.46
-93.94,2.75,99.35
-54.17,51.77,238.02
-71.25,1.82,245.72
-58.34,78.64,3.04
-41.51,48.34,14.45
-47.06,122.73,17.93
-43.29,22.2,110.48
-69.06,42.76,45.65
-75.51,7.15,133.78
-26.02,54.71,20.59
-38.54,42.65,18.92
-65.82,73.48,15.97
-72.61,23.33,20.88
-67.81,45.24,157.54
-46.53,73.89,89.22
-53.39,25.4,183.08
-67.7,27.36,14.74
-67.21,23.49,23.46
-47.73,229.75,4.68
-95.0,7.53,23.76
-87.5,10.88,27.38
-79.13,25.77,28.27
-87.08,36.68,21.3
-80.16,22.14,52.66
-65.95,22.36,26.06
-86.06,7.51,116.01
-89.11,4.05,100.53
-66.97,20.32,35.9
-78.86,16.79,106.01
-80.6,2.09,119.57
-66.46,61.64,25.31
-64.71,55.1,40.12
-61.55,22.93,78.87
-76.78,2.35,246.21
-54.14,94.04,21.04
-58.7,55.53,317.11
-90.63,5.89,76.2
-39.96,29.77,73.67
-71.12,13.28,40.51
-36.4,46.21,19.39
-64.55,25.79,24.21
-62.58,58.35,34.07
-95.0,6.57,25.87
-66.15,25.56,19.99
-58.75,33.09,11.95
-76.61,71.7,13.09
-71.34,39.69,30.1
-52.55,49.48,12.74
-52.79,92.54,14.6
-50.06,25.5,152.63
-71.76,34.28,88.88
-63.94,20.84,130.38
-82.02,12.08,500.0
-95.0,7.52,30.07
-73.84,39.17,26.24
-74.03,32.61,38.09
-39.25,310.27,5.53
-80.96,12.57,44.07
-80.66,10.75,73.05
-87.85,6.14,109.75
-83.23,10.05,66.88
-79.11,7.53,493.48
-62.31,343.91,6.53
-51.75,25.72,116.4
-95.0,2.01,31.77
-58.17,19.66,186.37
-30.17,57.29,13.74
-60.8,23.51,27.06
-55.3,30.58,17.19
-89.56,10.23,246.75
-81.06,6.54,68.03
-80.82,3.9,65.68
-95.0,7.47,48.56
-31.88,320.84,3.72
-89.06,12.79,34.58
-65.84,78.41,15.44
-84.81,13.96,495.73
-70.03,29.09,52.18
-70.21,37.69,240.03
-70.13,14.42,69.93
-45.42,37.37,21.6
-63.58,15.4,500.0
-73.85,16.7,500.0
-86.41,0.5,261.26
-72.34,6.71,111.43
-71.26,16.91,30.7
-54.65,58.05,37.93
-79.74,19.74,16.34
-80.55,4.54,198.94
-77.78,32.83,37.9
-50.76,102.63,11.44
-73.99,17.16,330.49
-77.96,43.68,16.86
-95.0,16.9,25.86
-92.56,2.69,115.5
-84.41,2.41,35.99
-63.77,20.24,91.93
-47.53,31.65,26.87
-44.84,30.05,109.35
-85.35,18.58,80.97
-68.67,62.98,21.18
-58.01,22.9,31.03
-42.67,45.15,15.74
-78.51,29.68,27.65
-83.19,26.01,28.95
-71.48,29.15,114.57
-75.27,32.17,90.79
-77.46,11.48,36.28
-79.17,34.28,20.84
-75.72,24.26,30.25
-75.96,23.69,69.35
-64.51,52.47,4.41
-68.3,36.16,69.2
-62.88,23.8,39.99
-82.33,7.12,28.56
-62.62,20.05,22.52
-70.06,23.51,14.03
-60.59,20.31,26.72
-73.61,15.29,27.64
-72.17,54.02,18.46
-46.39,62.67,8.05
-84.26,87.06,15.95
-68.25,50.32,29.07
-65.15,15.4,191.96
-52.41,26.74,49.34
-81.35,9.97,36.36
-73.63,27.16,158.94
-62.97,53.27,45.44
-75.96,102.32,12.94
-55.38,28.07,21.05
-95.0,2.71,216.61
-52.44,78.77,16.47
-69.55,19.56,19.7
-86.57,8.95,50.21
-70.05,17.04,81.39
-63.19,47.91,14.74
-73.22,8.51,47.21
-95.0,0.5,58.47
-68.58,23.18,20.75
-95.0,2.43,42.64
-78.3,7.49,500.0
-40.84,59.71,5.78
-65.1,14.3,89.66
-66.66,28.15,18.29
-85.35,8.14,88.84
-56.89,65.07,79.88
-51.13,104.2,17.79
-85.66,5.96,34.64
-85.3,9.95,69.2
-51.86,30.54,27.65
-85.02,1.87,31.05
-79.84,15.58,16.33
-77.12,18.24,59.05
-67.18,29.62,17.59
-34.87,47.96,26.32
-89.31,6.9,29.89
-77.09,41.49,11.52
-95.0,1.27,500.0
-66.11,83.7,9.92
-73.39,9.98,44.94
-64.41,10.71,500.0
-69.68,52.63,26.34
-65.37,32.84,500.0
-84.45,8.21,24.42
-63.83,16.66,40.07
-63.31,29.18,18.31
-66.1,19.33,25.6
-95.0,0.5,111.7
-76.05,34.61,43.43
-78.45,4.09,106.74
-36.91,43.39,33.06
-69.25,37.32,30.85
-76.32,20.71,241.43
-50.97,29.12,38.66
-78.35,24.7,44.11
-76.84,3.44,500.0
-78.53,9.17,500.0
-66.33,50.72,49.47
-95.0,3.28,52.23
-88.21,0.61,58.0
-77.73,9.41,193.88
-69.71,13.03,27.46
-84.37,4.82,73.09
-71.44,26.47,86.26
-74.25,30.79,14.1
-90.71,3.08,60.01
-86.85,7.79,45.09
-48.55,294.85,4.69
-95.0,7.83,28.82
-68.98,40.3,486.04
-50.9,242.77,4.37
-67.69,37.7,55.06
-74.58,13.07,66.63
-81.6,16.79,61.36
-85.86,15.02,29.94
-95.0,1.25,500.0
-38.39,140.12,17.18
-53.45,97.32,10.62
-41.62,78.82,500.0
-95.0,3.67,171.98
-26.65,44.8,147.28
-58.66,66.94,35.93
-90.44,4.3,40.93
-36.08,33.62,43.7
-72.63,60.42,16.65
-70.15,13.12,159.04
-71.01,41.58,38.44
-92.93,2.72,41.25
-84.35,31.14,18.75
-80.4,8.75,72.45
-76.86,8.61,71.57
-65.96,13.5,64.72
-81.75,5.54,27.8
-71.82,73.33,15.35
-71.49,28.12,196.54
-67.3,60.83,20.53
-88.4,8.68,52.54
-73.24,64.41,25.95
-86.27,6.37,92.01
-44.61,191.37,5.68
-72.39,215.88,8.47
-79.16,8.73,44.97
-52.93,22.23,111.22
-95.0,0.5,40.97
-80.15,18.29,25.98
-45.53,76.38,12.38
-53.81,23.13,33.52
-72.53,17.93,32.34
-63.48,130.87,7.61
-79.91,53.62,23.84
-59.56,19.95,94.41
-66.6,20.68,24.4
-64.85,23.48,19.34
-79.0,10.99,20.04
-80.63,0.5,73.26
-53.32,92.78,6.86
-54.59,18.39,123.53
-85.69,27.05,26.06
-77.63,10.09,36.13
-20.0,44.9,30.34
-60.38,18.76,236.56
-72.29,11.57,102.3
-80.97,9.65,74.58
-95.0,5.84,31.76
-59.5,35.99,13.38
-72.1,38.96,60.07
-84.39,9.12,22.19
-59.66,32.76,8.3
-64.02,68.47,21.13
-81.45,22.61,39.94
-67.68,65.6,17.94
-63.79,10.03,130.72
-41.54,68.79,8.39
-61.36,32.5,10.98
-61.16,86.07,13.08
-31.17,43.91,83.65
-59.37,32.7,14.46
-73.91,23.55,19.48
-67.45,15.83,327.3
-70.33,47.06,28.07
-65.66,109.27,9.51
-61.19,64.81,60.7
-72.2,5.43,118.99
-67.92,6.74,321.06
-68.92,42.78,323.23
-57.02,24.73,149.12
-75.16,14.24,48.69
-95.0,4.49,121.07
-58.94,15.86,31.88
-57.58,33.56,331.07
-89.97,20.63,33.92
-76.71,41.7,26.99
-71.92,91.99,16.91
-68.85,22.9,17.65
-64.01,15.2,73.67
-66.53,97.39,10.02
-95.0,9.46,33.42
-73.39,6.32,113.68
-84.59,18.31,18.21
-65.67,56.12,30.89
-49.03,81.88,59.15
-62.12,53.26,484.71
-74.8,10.26,75.23
-36.78,32.31,187.36
-61.2,24.23,40.06
-85.42,6.96,38.9
-87.55,3.54,213.44
-63.63,19.19,35.02
-83.44,1.23,59.76
-49.44,102.58,6.68
-82.38,21.78,30.28
-81.18,20.42,66.88
-93.98,2.32,36.36
-73.29,11.38,134.08
-76.98,22.3,324.77
-56.71,15.95,186.34
-61.31,48.41,500.0
-82.54,18.28,36.28
-66.07,19.93,29.2
-95.0,4.09,91.27
-66.25,17.37,72.38
-95.0,1.57,69.02
-80.23,7.23,143.56
-93.46,2.99,55.51
-95.0,0.5,28.56
-74.0,14.47,41.09
-81.15,10.26,110.23
-71.22,7.32,82.16
-82.7,22.18,28.71
-59.73,16.98,485.01
-95.0,4.75,45.92
-30.44,216.33,7.08
-62.03,104.97,14.92
-64.2,8.53,43.31
-68.21,14.92,23.99
-78.46,10.02,32.0
-78.24,5.12,99.97
-76.62,11.4,29.77
-79.77,54.1,17.44
-80.69,12.92,28.79
-54.72,79.83,34.56
-72.72,9.27,25.61
-64.64,25.21,25.76
-80.25,12.05,35.56
-83.83,13.64,500.0
-81.22,2.76,103.58
-75.55,36.76,18.67
-64.34,50.37,38.58
-60.83,69.61,29.57
-95.0,0.5,47.06
-75.5,18.66,16.42
-62.87,13.63,57.54
-49.68,24.96,81.24
-69.18,50.31,28.21
-94.21,1.87,109.71
-74.72,25.41,17.03
-62.02,20.86,21.68
-71.39,39.76,28.66
-77.16,7.24,83.01
-77.55,10.44,93.68
-51.79,48.11,11.55
-72.89,17.49,36.14
-79.33,114.21,21.42
-65.3,44.85,33.13
-80.81,25.72,23.69
-74.69,13.15,31.2
-38.0,24.83,239.34
-42.85,262.09,4.18
-72.31,16.5,20.85
-79.59,5.95,44.69
-86.27,1.59,95.76
-67.59,52.99,25.31
-84.0,24.84,21.39
-80.13,37.61,22.43
-82.49,6.33,152.57
-64.35,38.12,72.73
-66.07,44.65,75.17
-95.0,7.15,158.25
-56.35,31.63,21.25
-63.67,15.18,500.0
-95.0,6.95,34.47
-95.0,0.5,26.27
-70.25,8.44,76.18
-83.04,49.81,17.97
-69.04,75.44,15.2
-71.57,131.44,13.13
-65.31,9.21,190.74
-83.89,11.01,17.13
-69.47,12.52,135.23
-72.94,27.61,193.94
-65.06,64.91,18.03
-80.85,9.98,35.56
-83.55,0.5,25.34
-55.24,56.5,95.39
-74.49,12.41,35.02
-78.81,52.1,13.18
-86.4,8.8,119.15
-73.89,14.23,29.59
-77.08,12.01,243.09
-63.34,13.79,112.78
-40.66,82.68,7.29
-57.87,23.02,48.37
-54.42,220.44,2.92
-63.99,15.36,35.15
-92.48,0.5,41.12
-54.53,27.82,35.55
-80.86,22.36,43.18
-67.93,86.67,10.92
-68.9,36.4,35.01
-75.38,18.28,29.0
-70.66,16.12,89.46
-52.39,23.67,486.41
-48.99,83.92,56.3
-71.1,14.94,28.61
-80.32,59.3,15.57
-77.85,10.14,31.93
-48.76,105.75,23.43
-64.82,17.53,30.78
-64.79,16.0,237.22
-72.48,15.09,34.6
-81.82,19.48,59.59
-41.62,62.66,10.11
-52.96,60.84,98.52
-30.35,104.28,6.38
-88.01,6.62,36.05
-95.0,6.09,66.14
-50.52,132.99,9.2
-83.64,93.33,24.05
-78.03,128.42,19.54
-72.33,41.46,11.79
-66.95,17.56,93.59
-74.08,19.08,35.21
-87.12,4.84,26.9
-59.16,56.6,113.57
-85.96,20.25,25.96
-57.29,48.09,9.08
-43.27,87.46,3.8
-86.5,10.31,64.32
-62.43,62.86,27.57
-82.3,20.66,64.01
-55.56,19.02,127.28
-55.68,32.84,12.49
-51.58,24.55,48.34
-89.86,0.75,40.69
-86.8,0.72,34.13
-51.97,64.25,89.17
-63.88,55.87,61.71
-75.19,4.9,80.01
-82.13,8.19,27.16
-51.56,24.47,54.06
-69.87,8.99,94.15
-83.36,1.32,500.0
-80.88,9.13,67.14
-61.75,60.8,43.91
-43.12,31.85,32.82
-59.85,114.87,6.87
-67.96,22.97,24.69
-77.43,21.18,97.53
-79.69,30.28,28.43
-68.51,32.7,10.45
-73.3,49.33,20.53
-65.4,49.1,65.93
-28.85,41.8,481.48
-95.0,7.03,36.52
-73.87,27.73,15.73
-77.08,43.19,22.1
-87.23,7.17,70.56
-66.57,15.62,31.06
-89.51,9.94,35.64
-52.56,25.32,316.32
-66.91,285.0,8.55
-95.0,2.59,72.77
-73.17,31.26,10.49
-61.83,47.12,53.88
-80.06,4.57,54.33
-58.15,73.58,29.62
-82.91,6.39,33.35
-80.36,34.94,23.6
-69.14,36.61,36.77
-67.81,11.38,76.38
-66.35,132.43,10.12
-88.38,15.5,22.43
-77.86,12.22,21.92
-71.15,7.16,42.6
-95.0,3.5,36.55
-80.38,29.28,23.11
-75.89,20.99,21.78
-70.42,92.0,13.99
-67.96,12.51,83.66
-51.11,27.32,127.26
-95.0,0.5,70.92
-76.12,27.53,13.31
-68.61,48.86,25.68
-86.39,10.48,16.32
-95.0,0.5,64.27
-71.29,17.12,61.88
-65.49,30.54,13.63
-37.37,91.39,500.0
-86.86,6.59,45.29
-82.69,9.36,67.63
-75.29,61.43,15.64
-51.55,35.66,13.96
-75.4,13.02,29.83
-69.78,3.75,245.1
-74.95,5.6,69.26
-68.53,24.42,17.61
-64.72,34.9,16.54
-77.6,9.72,45.42
-68.72,13.0,189.03
-73.15,22.55,17.46
-66.53,15.8,106.83
-74.71,88.49,16.6
-67.61,45.78,30.28
-79.26,19.34,19.78
-86.57,4.58,179.81
-80.18,20.84,41.7
-60.19,23.61,38.08
-76.48,19.44,19.09
-71.57,28.31,96.95
-52.4,71.56,5.66
-95.0,0.5,500.0
-53.52,81.12,37.35
-70.32,30.82,8.95
-53.17,24.63,32.67
-81.31,6.97,46.87
-65.85,48.57,112.25
-83.08,3.55,86.4
-54.64,29.83,22.35
-70.56,38.42,114.43
-93.26,3.43,94.32
-79.26,14.49,89.59
-70.81,37.27,191.46
-83.31,4.38,246.98
-95.0,0.5,47.79
-71.9,109.83,12.37
-75.05,11.62,37.49
-74.58,66.38,12.55
-75.08,13.74,43.96
-67.7,33.65,118.86
-71.54,13.03,113.48
-49.54,59.88,1.0
-89.39,4.14,70.77
-95.0,4.29,26.99
-90.45,13.57,20.11
-60.35,25.57,36.79
-82.64,3.67,49.52
-57.19,87.46,15.06
-82.67,24.63,27.3
-95.0,1.0,82.54
-95.0,7.78,65.54
-90.95,0.5,80.22
-76.2,5.2,56.73
-60.81,19.93,482.11
-69.89,14.01,94.47
-94.66,3.15,97.23
-66.52,42.54,16.49
-73.98,21.1,17.54
-71.37,58.46,11.94
-78.28,24.04,499.69
-87.31,7.84,102.64
-66.12,149.6,10.8
-81.86,3.94,24.86
-84.35,16.83,33.15
-71.23,22.86,254.31
-75.03,6.15,60.65
-80.38,46.52,18.1
-67.91,13.69,34.79
-60.38,101.99,12.4
-90.54,6.47,201.43
-64.53,63.58,28.21
-62.22,46.95,81.17
-88.34,11.64,50.29
-80.75,14.15,25.39
-86.74,63.3,21.37
-95.0,3.97,24.65
-60.44,23.62,23.05
-45.82,70.23,42.92
-77.62,14.35,24.13
-61.91,24.24,21.46
-43.55,35.98,25.93
-84.36,18.46,39.63
-63.35,22.65,24.22
-65.32,26.44,25.05
-68.74,6.78,161.99
-79.09,14.37,35.85
-95.0,5.29,251.28
-77.89,25.51,115.3
-85.87,9.07,28.15
-83.54,41.34,17.81
-76.86,13.79,52.66
-70.93,47.29,27.0
-77.34,5.23,206.77
-73.79,7.69,260.33
-73.08,34.15,34.33
-88.8,7.03,124.35
-64.97,34.24,38.92
-67.06,28.44,17.56
-77.48,13.18,42.81
-78.25,2.83,83.72
-70.34,11.57,500.0
-64.19,82.29,17.98
-72.14,13.83,120.38
-69.65,116.7,9.61
-82.86,4.66,497.73
-83.11,20.77,25.39
-45.17,37.71,20.79
-57.96,18.98,46.08
-80.92,6.19,35.01
-45.5,43.36,17.31
-53.42,18.19,500.0
-79.23,15.0,36.23
-79.14,24.95,159.5
-62.55,36.37,14.4
-76.66,30.23,26.17
-80.99,22.58,60.19
-69.84,33.45,11.15
-93.8,3.53,500.0
-95.0,5.5,254.51
-46.56,84.6,45.89
-95.0,0.5,82.76
-57.79,17.77,156.1
-67.72,12.29,241.28
-65.36,125.43,10.76
-84.82,21.99,28.16
-91.36,7.54,132.6
-91.04,4.8,47.25
-59.57,83.03,3.38
-51.05,27.42,48.35
-78.75,6.53,43.12
-70.06,90.06,15.41
-67.21,45.14,42.91
-80.55,7.53,124.83
-44.96,38.17,34.15
-64.16,51.22,9.21
-54.14,66.66,181.29
-57.83,230.86,4.37
-82.38,16.25,19.81
-77.85,13.76,30.13
-33.92,37.94,62.19
-50.85,27.0,29.8
-57.22,29.89,20.08
-68.57,17.07,38.03
-68.21,47.23,69.97
-92.58,0.5,35.94
-68.49,24.45,24.01
-95.0,0.5,47.29
-77.61,10.11,38.77
-43.1,42.29,17.3
-73.51,8.27,48.35
-71.43,52.1,12.57
-76.46,29.88,33.95
-70.33,16.57,28.01
-53.11,27.58,73.96
-62.03,245.74,2.16
-65.24,84.28,13.56
-71.55,15.91,44.21
-66.15,27.78,12.93
-80.93,4.05,56.32
-33.31,54.92,8.26
-46.48,26.86,58.08
-76.42,26.11,18.3
-57.39,25.14,51.28
-88.68,13.77,22.31
-72.08,15.66,91.78
-77.01,34.89,25.37
-70.43,18.65,35.46
-88.9,5.48,52.56
-76.88,33.73,26.93
-70.76,49.87,21.9
-65.86,112.66,6.87
-83.09,1.33,334.4
-74.63,30.0,500.0
-68.13,37.03,82.55
-84.81,31.07,18.05
-78.83,6.97,197.89
-95.0,3.51,500.0
-62.94,32.37,18.44
-79.02,26.0,15.84
-61.27,45.22,3.69
-56.3,17.38,44.28
-89.26,44.54,17.28
-76.51,7.04,94.0
-94.05,7.11,28.35
-64.36,90.59,14.96
-62.07,23.08,31.68
-47.22,104.08,19.01
-57.13,74.21,26.3
-73.0,39.71,38.31
-61.37,43.29,239.17
-63.89,35.18,14.14
-75.12,11.76,31.43
-95.0,0.5,500.0
-54.88,19.64,28.77
-50.26,20.73,47.08
-64.08,51.15,35.23
-92.38,8.93,31.1
-84.2,4.87,31.19
-62.54,22.22,112.61
-77.51,7.27,54.23
-83.68,2.16,63.88
-68.25,11.99,32.93
-59.47,21.04,30.31
-52.5,26.95,318.53
-95.0,0.5,94.36
-69.01,50.84,26.07
-81.4,50.34,16.9
-95.0,0.5,56.61
-71.64,45.56,35.65
-95.0,10.39,45.28
-51.98,29.58,36.1
-37.41,93.61,9.27
-70.74,23.95,28.66
-78.49,45.98,19.64
-54.34,30.49,16.28
-68.97,9.51,253.83
-73.29,180.48,13.52
-68.33,88.8,11.68
-46.27,47.96,10.06
-79.96,15.85,333.0
-68.28,79.73,14.23
-81.74,5.63,44.34
-52.79,73.51,28.29
-86.44,3.36,37.95
-31.05,46.63,35.31
-66.02,55.78,21.08
-71.79,18.65,20.66
-78.84,10.08,87.37
-30.52,49.35,38.6
-72.94,40.07,39.78
-95.0,3.75,53.21
-79.95,27.05,24.67
-52.38,43.67,14.28
-58.76,28.46,27.88
-52.47,25.88,35.39
-62.49,64.88,27.95
-55.54,61.27,149.44
-81.72,23.33,19.6
-65.19,15.5,48.18
-73.17,28.06,20.26
-72.62,26.62,17.1
-73.3,57.45,16.97
-69.7,38.05,59.86
-92.28,1.68,500.0
-79.53,14.19,17.48
-45.16,35.13,183.32
-87.09,14.45,24.6
-73.08,30.29,328.38
-82.06,6.99,47.56
-81.34,26.22,26.75
-71.0,34.9,193.27
-90.26,20.28,26.67
-83.05,5.1,500.0
-73.31,32.73,42.79
-25.53,97.76,236.14
-67.99,11.58,500.0
-44.31,44.47,23.09
-77.69,12.99,26.87
-55.6,55.2,128.85
-67.12,38.39,13.37
-31.25,41.2,151.22
-90.83,5.59,252.3
-76.65,40.74,26.39
-71.35,32.03,320.75
-67.92,27.75,20.46
-68.12,41.18,17.47
-69.38,34.69,71.94
-65.1,27.14,15.68
-85.88,13.02,33.16
-69.67,9.76,61.44
-82.42,10.61,334.01
-30.8,109.93,148.4
-37.74,99.37,2.28
-85.18,6.86,74.43
-79.47,12.98,18.73
-59.82,19.07,26.35
-52.68,123.64,6.95
-63.62,14.25,500.0
-95.0,9.15,25.44
-71.62,49.21,26.52
-71.29,7.91,46.36
-43.7,40.18,21.98
-40.18,99.15,1.0
-62.19,14.91,153.64
-81.85,18.58,64.41
-77.92,21.21,17.58
-65.28,18.0,32.35
-87.43,27.03,21.95
-71.89,7.02,245.07
-93.46,0.5,86.0
-60.89,30.72,15.78
-74.43,23.3,30.37
-90.15,5.11,73.46
-91.66,5.72,33.92
-68.55,43.78,500.0
-88.27,6.05,33.16
-85.0,10.97,80.56
-77.69,23.39,76.4
-69.14,18.74,78.61
-88.44,11.86,33.23
-76.7,13.44,54.17
-51.66,33.85,20.11
-64.87,24.89,31.44
-69.44,12.9,500.0
-74.13,13.73,55.12
-60.96,76.02,15.18
-95.0,1.18,62.16
-69.19,55.0,29.52
-35.85,250.38,5.16
-84.07,1.41,35.21
-59.44,22.74,58.95
-66.52,22.93,23.79
-69.21,19.5,30.97
-66.37,37.79,134.8
-72.03,29.51,10.4
-85.86,19.79,22.01
-79.66,22.2,29.12
-68.89,10.33,68.34
-40.73,136.8,14.63
-59.53,39.43,5.6
-85.15,15.28,33.96
-70.98,40.55,36.2
-24.22,82.17,11.32
-95.0,0.96,54.24
-70.57,23.3,18.03
-69.06,79.37,16.04
-30.4,275.87,19.65
-79.25,27.72,77.99
-80.74,5.66,22.24
-68.46,13.58,134.29
-63.3,15.24,76.93
-50.55,26.76,38.28
-81.46,5.3,22.05
-41.25,41.99,25.34
-70.71,52.69,28.13
-67.43,26.94,17.73
-95.0,12.74,41.57
-56.94,87.72,14.59
-60.55,18.62,500.0
-94.04,14.0,28.41
-34.61,49.06,13.73
-73.09,27.61,500.0
-52.84,25.06,25.96
-56.03,23.66,38.23
-72.84,127.11,10.4
-63.54,46.64,114.36
-39.86,404.09,21.27
-95.0,8.9,42.7
-71.77,17.58,18.7
-79.67,8.43,25.72
-95.0,3.97,42.97
-59.79,15.01,186.15
-78.38,14.45,25.04
-54.5,48.34,10.68
-66.61,14.41,104.04
-95.0,0.5,49.3
-68.17,17.15,489.74
-62.17,15.0,80.97
-31.94,41.07,58.94
-64.79,106.92,8.62
-95.0,4.04,49.26
-58.38,27.48,20.45
-65.44,36.31,10.93
-74.01,88.28,13.55
-72.77,23.86,18.63
-69.49,19.74,20.29
-29.54,108.36,500.0
-35.01,112.93,3.28
-94.55,3.5,28.14
-69.45,14.42,47.37
-60.52,52.74,500.0
-53.16,25.76,500.0
-67.4,35.67,15.05
-89.35,13.13,33.99
-77.75,33.24,28.66
-51.45,23.49,152.36
-28.69,89.72,6.22
-83.69,24.21,31.98
-58.06,33.62,16.42
-64.08,22.62,321.43
-53.77,21.83,91.05
-82.33,5.25,500.0
-48.53,89.65,27.16
-63.46,39.19,47.22
-63.65,43.71,71.42
-72.96,42.27,31.79
-63.38,32.19,15.83
-87.47,2.86,48.39
-64.68,90.3,10.57
-75.52,26.57,500.0
-66.2,10.34,51.14
-79.24,8.11,47.23
-68.82,49.41,41.85
-94.48,6.85,39.53
-77.79,12.43,22.21
-65.29,10.73,57.85
-93.27,6.9,33.58
-73.48,11.76,62.62
-90.43,6.17,198.97
-81.72,12.42,95.64
-81.81,15.72,39.95
-51.0,117.07,5.53
-95.0,0.5,62.45
-71.21,21.54,25.55
-72.73,5.34,54.55
-82.6,26.62,29.54
-70.0,16.78,30.0
-70.06,43.09,54.16
-74.06,30.72,49.52
-86.43,2.31,54.54
-58.23,20.31,181.11
-73.23,12.79,116.32
-48.11,37.42,22.76
-65.1,13.04,114.57
-60.59,30.53,14.1
-49.72,46.79,10.87
-95.0,1.45,500.0
-75.57,8.36,500.0
-62.46,12.56,187.06
-62.1,71.39,21.01
-85.27,33.53,21.55
-71.55,61.34,18.57
-56.09,122.78,6.95
-95.0,4.13,169.3
-67.42,13.77,36.11
-57.81,131.75,6.14
-78.17,5.64,43.71
-69.17,15.47,21.51
-56.5,38.06,75.95
-76.93,32.37,35.65
-44.67,29.31,53.78
-67.95,21.39,61.39
-59.19,27.68,21.83
-50.73,27.6,65.71
-75.72,11.87,86.28
-36.53,30.14,500.0
-60.72,22.95,32.91
-84.96,3.38,110.15
-84.48,6.65,26.84
-72.0,9.09,47.71
-69.69,10.72,50.84
-86.15,6.51,41.31
-66.59,113.29,11.18
-55.58,9.49,500.0
-68.12,16.41,33.42
-55.78,23.57,32.42
-35.17,147.06,13.48
-73.61,14.53,26.91
-80.62,12.23,32.05
-83.42,8.9,500.0
-66.47,48.09,35.58
-79.67,2.86,29.1
-95.0,2.53,500.0
-74.09,11.65,30.89
-56.34,22.67,500.0
-74.89,6.08,324.69
-95.0,3.86,37.56
-63.96,42.35,7.72
-56.99,19.92,59.06
-77.18,67.04,14.97
-74.58,41.99,14.82
-83.09,2.15,60.78
-79.9,10.31,35.92
-66.65,50.44,41.36
-74.54,27.11,500.0
-64.88,108.95,9.03
-82.21,13.43,21.96
-69.31,17.75,33.7
-63.02,14.11,238.42
-35.97,206.17,9.38
-36.92,37.59,44.52
-90.85,0.5,500.0
-38.65,82.56,3.52
-58.05,84.91,17.72
-74.15,8.32,40.63
-94.35,5.99,149.51
-72.37,39.92,45.92
-89.03,11.67,196.42
-46.26,32.49,38.4
-60.49,29.48,14.33
-66.31,36.55,323.76
-85.53,15.83,38.28
-76.56,20.39,59.43
-55.57,57.92,312.5
-95.0,5.26,339.37
-50.73,23.4,154.62
-75.46,2.97,254.29
-85.75,11.67,48.86
-69.87,19.16,130.55
-24.58,307.8,5.54
-83.36,5.53,500.0
-56.72,24.14,32.66
-72.47,36.52,75.24
-74.31,12.71,20.92
-69.25,18.6,27.11
-54.02,104.71,12.28
-77.63,77.7,13.24
-95.0,3.85,37.17
-64.74,11.23,500.0
-55.02,85.69,40.24
-55.32,62.88,14.02
-32.74,349.52,3.99
-71.42,11.22,26.08
-73.52,20.8,23.57
-32.03,146.8,20.93
-35.58,238.93,7.27
-80.01,26.09,55.4
-95.0,2.4,47.07
-53.09,30.46,23.06
-45.77,71.23,10.15
-84.34,17.08,65.05
-95.0,6.61,25.84
-73.77,9.79,36.89
-45.62,67.06,486.81
-75.06,16.11,31.76
-29.91,62.91,20.8
-68.1,15.86,500.0
-63.44,19.4,116.09
-68.47,17.5,46.58
-63.32,20.39,61.42
-72.44,13.53,43.38
-74.51,66.04,13.41
-66.57,7.5,169.29
-74.89,12.0,42.98
-43.31,20.86,500.0
-72.43,39.69,37.55
-71.7,16.66,33.92
-79.42,23.29,57.58
-84.77,3.49,70.21
-95.0,3.92,29.64
-57.86,26.05,70.72
-63.02,44.14,4.74
-86.87,1.29,41.49
-45.61,85.55,316.3
-83.35,2.49,134.73
-67.55,13.32,130.5
-77.81,6.89,24.45
-78.62,14.56,19.52
-91.3,2.16,35.03
-78.36,30.35,58.14
-95.0,0.55,30.23
-77.59,4.72,43.39
-80.78,2.11,53.76
-71.83,188.06,16.49
-78.11,14.73,31.77
-32.36,89.68,112.53
-50.58,142.92,9.11
-55.7,21.27,30.41
-76.96,5.93,493.78
-77.49,11.71,84.17
-83.63,2.09,141.88
-51.68,122.9,11.56
-61.02,41.53,130.91
-64.09,20.05,53.14
-83.49,19.83,29.31
-95.0,0.99,38.92
-71.13,30.96,238.75
-80.36,14.53,32.93
-62.5,18.26,128.11
-81.3,18.23,32.58
-44.52,27.44,240.97
-66.41,85.21,14.16
-79.8,9.15,79.36
-21.0,247.84,10.96
-83.25,7.71,56.12
-74.84,11.99,26.02
-53.53,28.5,27.03
-77.47,58.28,17.19
-65.45,15.67,42.49
-90.84,7.57,40.33
-87.35,1.3,38.3
-50.67,66.14,86.12
-76.83,24.91,19.02
-48.19,41.04,15.09
-61.07,231.88,16.21
-91.51,1.31,50.17
-72.19,73.39,17.03
-54.93,123.84,9.84
-58.09,31.12,11.02
-69.68,11.08,159.22
-68.36,19.78,17.24
-67.63,159.57,11.15
-91.82,2.33,57.04
-78.38,21.97,162.37
-75.18,8.66,331.36
-86.2,17.51,26.69
-72.54,15.55,62.08
-83.92,13.57,38.2
-76.82,31.68,27.75
-67.03,19.87,28.01
-82.34,17.36,124.55
-82.19,13.44,145.58
-83.19,4.9,57.52
-79.3,29.4,26.96
-82.22,11.76,23.93
-72.12,23.51,500.0
-29.23,95.06,9.49
-46.37,94.99,45.74
-87.94,9.11,49.61
-63.03,54.15,26.88
-64.67,14.21,105.54
-95.0,4.13,255.15
-60.42,142.65,9.25
-70.81,9.09,325.62
-91.17,9.32,31.51
-65.15,20.92,21.49
-94.01,4.76,31.7
-75.89,10.51,25.76
-95.0,2.02,52.68
-90.07,4.61,500.0
-42.39,25.29,98.9
-75.16,7.13,157.4
-87.51,6.58,256.65
-68.53,12.98,242.49
-60.03,43.43,7.46
-78.37,32.19,26.68
-58.71,90.45,14.3
-63.41,47.41,500.0
-88.86,8.24,30.16
-62.25,15.62,127.51
-78.02,15.75,500.0
-69.52,13.73,82.79
-49.82,72.1,63.57
-80.65,34.22,32.36
-95.0,0.5,36.13
-70.7,65.79,19.44
-95.0,3.61,32.89
-80.53,16.06,125.33
-78.02,9.0,46.84
-51.27,20.74,500.0
-67.41,13.07,70.28
-81.81,32.72,24.43
-41.87,130.58,20.86
-72.41,8.75,49.93
-61.48,18.9,500.0
-61.63,31.27,14.56
-66.61,99.33,9.14
-65.83,13.11,33.34
-85.77,0.5,45.27
-65.14,34.46,14.08
-85.09,7.33,35.83
-56.67,65.53,82.89
-74.73,6.93,489.46
-95.0,5.36,36.05
-54.59,23.87,182.9
-46.53,25.79,487.4
-68.12,114.69,12.3
-51.56,17.37,45.98
-70.29,8.14,96.5
-58.23,24.02,35.74
-68.63,14.74,242.47
-57.8,143.78,11.24
-95.0,0.5,72.58
-72.24,60.81,18.91
-87.46,17.25,27.4
-73.0,40.42,28.62
-73.91,12.57,75.08
-74.82,18.1,25.54
-90.92,9.75,53.82
-82.44,1.61,121.14
-78.64,26.01,34.01
-67.6,123.74,8.55
-20.0,122.62,316.91
-80.69,21.33,17.33
-95.0,11.77,24.54
-69.81,16.36,130.56
-95.0,8.54,47.23
-86.75,58.59,21.84
-65.13,44.38,126.03
-70.7,138.28,12.71
-73.37,23.95,242.38
-67.24,17.57,34.05
-95.0,13.63,27.1
-52.85,70.81,106.26
-51.25,56.07,5.23
-37.17,99.31,185.67
-79.3,13.66,21.04
-49.58,76.95,149.72
-66.37,39.57,8.71
-73.46,6.63,242.75
-67.21,35.97,64.95
-75.4,16.38,81.34
-87.66,4.99,31.03
-64.3,27.42,12.39
-49.86,50.87,8.27
-67.97,52.92,50.7
-52.77,87.47,4.09
-95.0,1.33,39.59
-78.78,23.16,30.64
-55.41,34.53,29.62
-76.97,47.85,19.31
-65.49,43.29,10.06
-72.91,41.73,38.86
-73.95,17.42,28.37
-64.9,18.79,35.77
-70.42,43.14,46.33
-64.76,38.97,14.65
-75.45,11.68,29.49
-74.37,16.22,40.5
-45.77,190.89,1.0
-92.76,3.32,61.57
-49.81,107.96,6.42
-81.88,2.96,500.0
-88.06,20.42,26.61
-64.22,15.3,41.97
-64.49,14.75,31.33
-53.98,28.32,23.07
-58.11,94.74,14.2
-76.69,42.1,26.79
-69.62,80.96,14.18
-74.91,24.48,64.79
-67.75,10.21,500.0
-53.63,95.4,20.65
-92.24,6.65,250.3
-58.16,37.03,15.27
-41.35,135.65,15.37
-81.63,12.45,163.95
-64.96,43.22,14.11
-50.95,16.54,40.08
-85.18,9.0,46.6
-72.62,105.06,9.69
-71.03,8.34,52.35
-52.52,52.77,11.32
-50.43,22.85,49.03
-92.21,8.98,21.43
-63.53,23.08,20.13
-83.17,83.49,21.8
-69.84,56.35,24.56
-86.92,2.02,128.25
-72.0,10.72,140.56
-95.0,2.57,54.71
-20.36,222.2,9.32
-79.12,12.71,30.0
-71.21,27.47,56.27
-95.0,2.34,32.65
-31.86,130.16,30.61
-82.28,3.17,42.88
-89.79,7.78,82.75
-95.0,5.38,28.55
-80.79,6.79,58.65
-88.73,16.72,18.94
-60.54,9.87,40.76
-48.8,176.35,2.2
-79.04,12.63,24.29
-62.22,67.95,16.89
-74.51,8.88,151.96
-95.0,4.06,37.27
-62.03,52.08,108.88
-63.16,61.76,19.34
-26.49,232.83,10.09
-52.41,94.53,1.29
-95.0,0.5,125.9
-74.97,7.24,33.61
-54.06,22.41,234.51
-90.36,8.36,126.12
-56.87,68.67,95.67
-74.87,10.6,118.44
-62.89,15.02,56.71
-66.55,20.74,29.68
-74.04,47.96,19.91
-87.49,3.1,114.22
-67.19,19.05,26.0
-58.23,53.64,91.05
-67.91,91.66,17.27
-88.05,10.85,37.15
-84.41,5.23,31.88
-73.33,33.16,37.48
-74.51,22.27,18.86
-64.07,50.95,38.19
-55.03,64.88,5.49
-46.59,22.03,241.13
-86.54,19.44,25.09
-50.78,26.44,81.89
-84.37,6.73,40.62
-66.43,46.13,97.69
-76.18,32.5,28.2
-64.09,19.95,32.06
-85.77,0.5,98.28
-69.53,10.05,90.88
-75.55,57.28,17.73
-70.04,38.49,63.84
-65.84,295.85,8.18
-75.57,36.85,14.74
-72.1,12.53,106.21
-80.12,11.93,27.52
-81.37,3.5,152.88
-60.34,30.94,26.02
-65.84,27.66,11.25
-86.87,1.83,203.75
-89.09,5.58,37.71
-84.06,8.04,91.13
-61.77,50.85,149.6
-66.02,27.46,112.56
-71.95,8.21,59.21
-67.33,11.02,491.35
-77.09,13.97,327.75
-59.91,64.07,73.76
-67.25,52.16,25.32
-71.97,24.58,28.01
-75.73,17.77,23.85
-72.54,14.45,71.19
-58.02,50.7,134.12
-77.68,20.75,52.61
-76.76,19.13,99.21
-86.55,5.32,57.41
-66.68,50.49,54.23
-60.17,21.92,39.09
-69.38,12.36,78.58
-91.76,2.64,88.77
-71.18,13.29,64.49
-71.45,55.84,6.13
-54.56,32.56,14.05
-42.13,121.71,15.47
-72.01,15.44,35.98
-56.72,17.21,60.12
-52.14,33.64,20.93
-76.8,29.99,72.35
-84.84,7.89,56.61
-60.07,67.47,31.53
-56.26,108.37,7.8
-75.98,63.11,15.25
-69.1,22.09,19.1
-91.67,3.45,26.75
-95.0,3.75,22.14
-52.35,16.55,163.12
-61.92,47.27,7.68
-57.15,31.1,17.2
-75.65,6.22,103.48
-77.8,37.13,16.4
-89.56,14.06,28.11
-95.0,5.61,33.02
-78.55,8.91,29.47
-80.59,29.63,28.72
-92.87,10.26,249.78
-89.59,7.1,29.51
-64.93,23.18,47.84
-51.01,69.31,104.82
-73.16,32.64,500.0
-95.0,12.42,21.62
-72.41,24.22,20.25
-43.6,32.95,42.64
-68.45,104.2,10.23
-78.58,12.78,52.6
-81.98,7.06,57.96
-74.17,13.03,77.36
-77.47,15.24,23.87
-61.79,17.72,184.97
-66.23,17.39,57.58
-68.17,38.18,186.19
-69.51,15.99,495.01
-50.36,51.57,12.6
-75.24,50.1,20.04
-42.72,40.41,25.59
-57.95,26.59,12.79
-78.71,23.17,21.42
-70.14,43.8,33.05
-50.9,65.69,6.23
-67.95,15.32,30.43
-82.48,2.08,52.01
-42.88,37.61,28.78
-71.4,9.39,26.9
-66.56,26.99,15.26
-89.59,1.73,52.58
-76.39,4.45,120.4
-20.0,49.01,53.0
-82.1,57.51,14.35
-70.8,44.63,32.75
-74.17,30.91,159.37
-52.42,26.38,39.17
-74.77,12.66,500.0
-57.39,26.86,17.26
-82.05,33.43,23.57
-55.91,23.01,51.68
-54.91,212.42,1.4
-65.49,51.08,36.08
-72.36,13.7,19.15
-56.65,77.74,28.85
-62.76,45.69,33.48
-50.58,31.28,24.86
-74.39,17.48,25.08
-68.45,42.24,11.4
-66.21,29.8,15.91
-70.38,12.68,74.05
-95.0,0.5,500.0
-61.44,60.55,46.57
-88.5,11.59,25.6
-49.19,189.59,5.72
-60.62,24.52,148.21
-73.73,19.26,25.37
-82.79,3.84,34.19
-49.09,69.96,33.53
-82.67,15.06,500.0
-80.55,26.76,25.97
-69.05,50.1,11.33
-92.23,6.2,30.13
-75.83,15.77,95.52
-34.68,216.05,11.17
-91.48,15.04,30.83
-31.19,141.69,27.36
-46.44,77.43,233.22
-76.63,63.85,18.29
-43.22,28.56,186.3
-80.64,7.89,51.69
-77.98,21.12,48.2
-86.31,8.72,500.0
-56.23,22.54,93.92
-95.0,5.54,251.15
-58.03,43.8,9.53
-65.44,16.3,500.0
-76.91,5.71,120.01
-48.47,35.64,19.44
-65.77,95.16,16.74
-77.41,13.16,30.71
-53.31,56.33,9.57
-78.62,12.79,28.67
-74.36,8.32,83.41
-88.13,4.84,107.44
-58.74,27.58,13.05
-33.63,86.13,158.19
-79.93,16.62,55.58
-52.87,43.58,14.03
-81.95,13.15,43.63
-62.31,12.63,44.03
-63.36,28.68,15.84
-76.19,46.07,17.75
-72.38,7.54,115.24
-47.72,24.65,86.02
-86.07,4.04,167.99
-74.69,18.1,37.25
-41.12,45.35,21.74
-86.33,3.75,26.42
-68.9,13.17,131.08
-76.3,32.72,28.71
-73.53,198.19,9.25
-64.77,19.51,29.29
-79.0,9.79,50.03
-62.33,18.22,500.0
-39.04,202.39,11.11
-94.55,0.5,346.63
-77.95,22.74,55.15
-66.9,24.14,19.53
-65.97,54.8,25.41
-45.67,43.93,15.56
-95.0,0.5,500.0
-91.23,3.74,66.52
-84.26,7.49,70.62
-76.82,18.48,15.49
-69.62,16.87,45.3
-48.73,140.49,9.69
-60.71,24.85,484.97
-68.95,41.22,66.08
-39.34,84.66,154.37
-63.07,27.14,24.86
-55.31,139.12,9.49
-68.03,45.2,8.83
-92.76,0.5,173.59
-75.24,90.83,17.85
-56.11,37.54,13.23
-79.48,34.27,21.71
-90.87,0.5,36.51
-49.11,67.03,7.67
-71.41,39.72,32.44
-42.08,209.06,2.36
-67.99,51.76,31.45
-80.05,36.54,19.52
-84.44,77.57,15.88
-75.24,13.39,39.65
-95.0,7.42,28.95
-69.92,12.3,23.4
-82.25,5.88,34.88
-78.09,23.3,133.18
-95.0,0.5,35.38
-67.86,20.37,14.2
-67.66,19.25,34.0
-70.66,55.28,23.42
-40.94,37.77,126.82
-73.25,6.91,494.55
-66.67,18.91,321.31
-60.5,22.5,39.73
-64.96,11.08,63.57
-64.45,94.04,10.26
-63.72,24.68,16.58
-79.15,91.9,29.23
-77.54,19.13,21.5
-91.18,7.69,99.46
-79.03,10.08,199.61
-86.52,14.14,28.83
-87.3,0.5,48.09
-67.38,28.37,17.78
-63.19,99.89,13.67
-82.69,8.91,23.15
-76.32,29.02,34.31
-57.79,61.13,4.9
-74.42,10.43,54.62
-80.85,3.93,500.0
-86.08,7.55,65.95
-80.43,20.64,85.4
-62.0,19.13,23.64
-32.42,97.86,6.01
-78.44,37.71,19.1
-49.77,18.92,482.45
-72.92,68.69,13.78
-58.7,21.14,53.64
-64.95,20.21,16.1
-70.37,11.76,28.45
-72.7,35.09,15.15
-79.34,6.87,43.49
-66.48,20.55,49.97
-69.39,39.06,85.28
-95.0,3.92,56.26
-60.61,55.68,111.81
-66.46,29.77,12.75
-72.97,28.77,500.0
-88.93,9.02,49.63
-89.78,6.24,72.15
-80.18,20.39,195.52
-66.74,18.54,43.49
-79.7,5.14,493.86
-72.08,13.39,194.57
-92.63,0.5,126.47
-46.48,108.53,28.55
-83.3,0.5,62.41
-76.65,4.34,323.19
-69.96,17.84,26.51
-74.67,58.14,17.02
-65.05,20.66,20.62
-93.35,4.93,30.88
-75.98,18.04,97.57
-65.5,14.96,47.28
-69.27,62.18,13.65
-77.6,20.17,19.47
-46.15,27.04,54.28
-69.42,8.96,49.58
-93.76,9.89,26.23
-67.64,38.73,236.38
-67.21,10.87,70.4
-57.3,17.32,63.43
-80.35,39.89,15.51
-46.12,161.63,7.81
-61.05,55.65,30.12
-95.0,0.5,44.79
-81.7,25.73,23.19
-75.07,24.3,57.9
-70.06,37.03,34.98
-55.67,94.83,16.22
-72.62,15.56,23.07
-71.79,28.64,17.13
-60.03,28.19,21.64
-74.26,6.53,500.0
-61.28,24.32,24.38
-66.47,87.77,9.91
-36.19,57.06,12.99
-42.47,43.52,17.34
-72.38,15.32,53.43
-59.42,37.37,497.2
-67.87,13.26,25.29
-82.98,50.81,19.57
-77.33,40.81,12.84
-70.13,37.58,57.63
-65.61,46.25,186.88
-78.19,34.99,26.66
-83.53,12.48,330.01
-71.5,21.04,22.2
-63.75,15.24,482.7
-58.96,58.48,149.73
-71.25,24.07,18.32
-81.72,30.14,25.93
-69.35,160.54,14.98
-48.05,150.32,10.82
-61.36,61.86,55.24
-71.96,130.13,12.89
-79.05,11.29,29.7
-77.84,5.51,164.37
-60.04,25.31,26.91
-81.06,5.47,500.0
-95.0,6.02,38.34
-61.13,24.03,15.44
-88.82,0.5,213.09
-78.32,67.19,14.91
-73.21,48.47,30.63
-67.45,55.06,33.39
-67.89,20.77,37.29
-82.32,17.74,36.09
-23.93,51.75,50.15
-78.29,29.41,32.11
-83.27,17.9,20.53
-80.86,13.4,333.38
-65.77,16.92,485.54
-63.55,67.41,22.29
-81.88,32.15,20.94
-77.31,20.62,104.84
-72.59,8.93,55.67
-59.31,65.07,29.04
-26.78,58.55,21.28
-75.49,24.98,500.0
-67.77,52.05,35.73
-81.3,7.03,48.52
-75.68,28.44,136.9
-56.61,23.08,29.66
-43.72,53.96,10.5
-92.69,4.26,64.12
-76.63,11.76,22.17
-68.7,56.54,10.37
-52.42,13.5,82.22
-82.97,5.52,40.62
-62.18,47.77,48.65
-76.07,18.23,119.8
-69.01,17.26,130.71
-92.06,4.38,42.83
-95.0,5.82,25.85
-68.22,15.07,30.63
-87.46,0.5,64.94
-67.96,20.43,51.64
-48.85,34.08,32.87
-74.82,64.52,12.2
-33.25,114.39,20.48
-76.7,27.09,326.04
-94.08,4.14,43.38
-71.04,15.84,80.44
-83.62,6.26,36.41
-86.75,7.23,34.48
-52.43,79.66,32.54
-66.69,291.62,8.91
-68.95,36.86,66.47
-83.32,11.95,34.22
-78.17,16.04,21.7
-67.38,13.31,82.97
-84.22,7.28,335.02
-71.58,26.16,500.0
-72.39,48.95,25.37
-72.44,21.86,15.33
-62.49,64.17,23.82
-71.88,10.02,500.0
-64.27,73.65,16.59
-54.78,103.14,10.09
-67.23,283.37,6.54
-78.73,26.96,33.31
-81.26,32.19,21.74
-73.3,12.76,35.39
-78.51,1.06,150.46
-70.23,19.37,26.03
-59.22,40.63,49.86
-82.58,14.57,242.41
-95.0,2.97,35.03
-60.91,72.92,15.48
-56.28,27.3,16.6
-95.0,0.76,58.16
-78.76,6.26,110.26
-60.07,19.57,46.18
-76.04,17.17,58.37
-58.37,20.89,480.32
-90.31,3.93,79.59
-78.38,7.68,79.07
-65.55,13.56,22.72
-85.52,13.27,102.83
-52.03,105.84,19.26
-69.04,34.51,23.91
-73.44,9.62,31.7
-64.43,58.48,8.36
-59.52,63.51,28.16
-84.24,24.82,20.56
-79.79,19.07,30.35
-43.91,48.46,14.39
-53.62,22.13,55.63
-44.49,38.05,20.19
-95.0,1.74,55.84
-73.53,7.19,126.96
-64.38,28.35,17.12
-95.0,0.77,24.82
-63.49,66.98,26.85
-57.47,38.93,13.17
-78.8,25.09,32.15
-81.68,8.31,135.64
-67.24,13.76,500.0
-60.7,69.63,25.11
-62.52,37.35,10.82
-46.15,165.51,7.46
-86.76,7.56,37.74
-72.34,19.08,21.5
-86.09,13.02,136.97
-95.0,0.5,57.21
-95.0,0.5,146.63
-60.65,39.0,11.41
-77.56,7.34,33.99
-74.88,157.94,16.97
-46.26,27.07,44.02
-55.24,76.69,23.84
-46.3,40.41,19.72
-55.9,44.71,55.42
-66.38,10.48,500.0
-80.79,9.59,33.26
-71.98,34.05,239.59
-67.79,16.37,186.2
-68.05,40.97,37.6
-74.3,10.37,121.58
-51.62,166.16,5.45
-42.66,43.96,19.74
-47.45,105.9,21.44
-53.08,42.72,8.87
-92.75,9.21,500.0
-75.89,48.42,31.15
-69.25,21.73,13.77
-74.73,115.96,15.04
-46.99,31.98,23.35
-76.2,19.68,50.24
-81.13,21.17,23.03
-46.77,80.78,149.37
-76.42,13.55,24.06
-72.8,18.16,29.73
-95.0,0.5,88.36
-77.86,10.46,51.45
-95.0,7.25,38.28
-67.99,10.34,234.81
-85.07,14.62,330.57
-73.98,19.76,27.36
-95.0,10.56,28.55
-81.89,13.75,242.1
-82.73,14.4,71.89
-95.0,4.62,73.76
-78.59,17.97,500.0
-72.03,32.79,325.05
-57.23,19.84,38.06
-37.45,32.3,500.0
-65.81,46.87,42.95
-83.3,16.69,167.39
-49.15,26.75,41.23
-71.63,38.41,27.73
-71.31,8.15,37.66
-95.0,0.5,32.06
-62.64,200.19,8.89
-46.22,56.39,11.45
-69.59,105.29,17.54
-81.19,30.47,25.41
-57.39,37.03,12.86
-86.82,6.07,52.93
-73.74,13.82,327.89
-72.7,17.21,28.04
-83.35,17.2,40.24
-83.9,8.27,113.3
-74.07,10.15,158.72
-63.92,157.83,12.22
-84.16,6.15,36.96
-65.84,17.76,40.35
-73.04,37.3,67.33
-69.72,45.66,29.62
-39.88,109.21,9.07
-66.78,12.56,487.71
-80.06,13.1,34.25
-54.62,309.12,3.7
-89.41,0.5,47.04
-87.58,12.81,27.49
-64.08,15.29,87.16
-79.69,20.93,52.92
-61.78,24.78,27.89
-54.39,36.39,15.25
-49.25,22.78,100.03
-91.38,5.27,32.97
-47.85,116.42,15.25
-67.28,26.57,13.99
-76.67,39.23,21.69
-95.0,3.38,73.77
-81.57,8.82,52.18
-86.95,7.18,32.27
-57.11,28.53,24.14
-77.56,91.08,12.69
-57.04,19.01,31.34
-62.87,18.55,499.5
-86.36,6.13,23.16
-67.76,70.5,12.92
-72.63,10.54,134.63
-62.55,45.02,500.0
-46.59,79.87,124.5
-72.04,10.55,41.83
-78.55,8.3,43.3
-82.88,20.27,36.82
-69.42,12.65,129.57
-78.61,7.32,58.92
-65.43,78.09,14.13
-85.53,4.43,103.52
-71.48,29.27,500.0
-63.47,27.77,13.11
-61.19,56.84,60.41
-72.38,104.06,16.41
-60.98,77.24,17.73
-64.25,78.1,16.09
-81.3,29.38,24.89
-63.69,58.12,25.39
-66.75,84.16,10.92
-40.25,31.04,102.17
-56.87,48.74,500.0
-87.03,8.11,34.73
-86.77,0.5,40.97
-45.68,63.68,6.95
-64.34,47.38,8.85
-59.27,16.64,500.0
-68.81,17.53,27.75
-77.66,72.22,14.53
-65.44,99.96,10.17
-62.5,25.61,30.42
-95.0,8.71,39.84
-77.88,7.96,30.73
-83.02,18.03,32.05
-55.63,143.39,7.33
-68.34,25.36,25.3
-68.33,13.31,29.81
-57.21,54.28,70.55
-69.82,75.28,17.69
-92.52,10.7,32.49
-81.2,21.03,52.43
-88.18,10.5,500.0
-84.15,24.31,26.91
-53.76,25.74,56.1
-83.17,7.11,31.75
-93.26,5.06,26.5
-79.04,14.52,44.86
-67.67,21.4,25.53
-87.34,1.19,32.86
-82.78,27.66,25.69
-79.26,24.99,16.0
-95.0,0.53,108.94
-95.0,3.12,29.81
-68.58,20.04,17.62
-34.35,28.86,79.27
-63.15,23.18,34.16
-84.66,3.17,31.45
-76.68,20.96,16.33
-66.7,19.42,55.44
-69.1,13.75,45.71
-51.77,107.37,17.85
-75.77,37.02,27.79
-80.59,18.09,53.19
-62.23,51.8,49.62
-86.11,0.5,54.76
-66.99,17.42,24.07
-84.96,6.18,128.97
-83.86,9.27,67.71
-74.47,17.83,30.92
-69.0,28.86,14.68
-72.33,39.86,23.01
-95.0,2.8,212.5
-54.06,100.35,15.43
-53.33,54.42,12.25
-95.0,3.69,74.97
-52.79,21.96,124.93
-44.87,82.73,42.3
-69.59,62.06,18.48
-95.0,2.61,23.44
-59.13,52.93,35.76
-70.68,46.73,37.08
-87.27,6.9,30.72
-72.27,38.53,490.06
-62.72,19.72,29.92
-52.62,115.51,14.78
-77.16,78.47,20.11
-34.63,100.54,49.0
-68.57,8.3,98.21
-66.2,172.8,13.82
-77.25,1.01,194.21
-55.25,24.0,16.54
-46.06,77.17,315.05
-58.87,25.88,40.87
-84.37,1.55,50.59
-59.94,54.38,184.8
-85.69,23.4,24.83
-71.76,14.23,26.31
-83.76,13.05,24.27
-35.45,48.95,19.67
-46.35,42.94,13.37
-90.48,10.64,108.75
-69.11,23.82,19.78
-61.52,22.97,18.98
-65.31,14.11,31.67
-69.01,10.13,25.53
-72.22,14.34,28.36
-53.28,27.81,29.42
-70.28,21.67,486.06
-75.94,8.19,46.12
-49.4,77.25,19.97
-60.61,74.14,9.68
-60.6,49.57,5.9
-79.32,9.81,58.23
-66.58,21.33,31.6
-87.21,6.01,51.03
-69.03,40.06,37.77
-79.57,10.97,499.69
-78.56,86.39,19.44
-62.91,14.43,57.52
-55.39,71.03,48.52
-44.31,27.47,64.95
-74.12,12.76,134.75
-81.55,28.76,29.25
-86.15,7.77,36.07
-63.06,29.68,14.85
-95.0,7.41,28.43
-49.76,24.75,100.57
-83.82,8.32,60.19
-54.26,21.81,39.17
-34.86,44.86,34.38
-82.48,17.47,74.01
-76.66,30.92,36.98
-80.58,16.87,498.42
-62.55,21.47,68.13
-68.35,8.52,326.76
-55.78,17.41,73.38
-69.37,50.84,28.49
-91.39,10.28,28.51
-93.25,1.48,77.84
-39.9,23.71,500.0
-72.32,18.46,28.08
-52.78,86.1,28.65
-72.55,100.7,10.92
-67.36,35.74,14.01
-46.28,80.9,7.69
-63.62,18.8,150.55
-83.62,0.73,498.66
-75.32,34.73,29.7
-66.66,24.23,24.51
-71.43,20.07,22.44
-95.0,3.53,185.57
-73.25,8.82,78.81
-77.37,19.9,191.3
-20.0,174.51,8.59
-95.0,0.79,116.12
-29.31,44.42,93.35
-72.28,13.14,51.64
-64.98,22.69,46.09
-62.92,78.64,16.2
-58.17,58.3,12.62
-72.08,5.89,72.25
-92.73,3.98,44.01
-81.47,8.76,38.59
-38.6,52.53,20.48
-89.01,8.58,61.51
-71.23,22.03,15.78
-81.28,78.15,14.87
-72.32,14.42,115.96
-75.33,11.68,70.36
-28.75,127.13,18.75
-66.39,32.99,17.04
-56.48,94.12,19.76
-53.4,12.24,164.83
-45.71,25.54,500.0
-73.13,58.85,15.23
-33.58,33.63,500.0
-72.98,70.03,14.1
-89.61,7.09,35.71
-84.5,6.16,37.44
-69.06,53.68,29.97
-63.86,21.51,27.21
-87.14,5.66,42.27
-89.64,10.9,255.65
-34.26,37.23,47.11
-77.41,10.41,26.78
-59.73,34.73,8.93
-70.49,94.24,14.86
-82.39,8.6,35.99
-40.61,614.18,1.5
-80.26,6.34,33.84
-41.2,96.0,128.59
-50.5,97.82,18.02
-49.86,27.6,28.73
-52.21,22.05,500.0
-95.0,3.01,33.74
-95.0,3.59,38.08
-74.26,22.1,103.8
-85.57,14.16,30.78
-72.19,30.83,12.99
-39.6,39.78,62.48
-76.0,153.44,14.06
-77.21,1.7,43.23
-50.47,29.04,23.95
-73.14,14.68,52.58
-72.68,11.67,66.19
-76.95,0.5,22.36
-53.68,121.46,11.95
-78.93,15.22,20.39
-53.3,35.59,14.48
-69.01,83.28,6.23
-36.35,190.84,7.31
-62.21,27.43,23.74
-65.44,13.95,235.72
-45.53,18.37,196.53
-62.63,52.09,7.19
-89.67,0.5,42.18
-63.29,35.08,24.41
-68.91,14.42,89.92
-60.66,26.55,231.81
-57.22,74.37,44.79
-55.84,124.62,7.83
-94.11,4.4,106.9
-72.57,26.32,26.38
-70.6,123.61,14.02
-83.13,14.29,52.02
-72.89,8.89,85.89
-65.74,11.26,38.62
-95.0,0.5,43.59
-32.34,34.86,43.3
-69.78,27.66,60.94
-92.43,12.13,40.73
-87.23,22.83,19.15
-75.92,29.92,32.32
-47.5,81.7,5.96
-89.17,9.08,36.08
-67.56,17.64,22.91
-60.72,29.07,16.45
-94.02,0.5,104.25
-68.67,17.4,18.73
-87.43,9.22,43.66
-52.19,28.89,29.17
-87.63,5.45,71.75
-87.14,7.83,40.98
-79.95,11.52,122.42
-81.54,10.34,22.95
-52.03,16.52,187.9
-63.65,35.72,11.88
-89.82,13.34,24.64
-90.63,9.34,129.72
-79.75,11.77,32.51
-85.61,11.19,72.93
-72.01,70.02,16.73
-34.18,127.84,34.67
-65.93,14.68,191.56
-87.8,0.5,107.68
-75.71,10.86,101.46
-72.35,37.95,37.82
-87.75,0.5,39.21
-71.56,18.05,17.3
-77.56,26.12,28.69
-70.56,37.66,11.53
-92.13,11.62,24.37
-64.32,22.78,150.05
-75.87,13.45,20.26
-63.66,43.58,12.84
-59.93,22.42,30.14
-74.22,44.89,23.85
-46.96,31.21,44.26
-44.31,147.72,9.22
-60.31,13.53,500.0
-59.63,80.68,17.11
-82.09,10.08,19.56
-93.23,4.84,498.7
-61.95,16.76,489.37
-95.0,0.5,107.51
-55.68,23.77,321.39
-65.17,20.87,19.51
-75.83,24.58,500.0
-51.41,27.08,64.53
-66.12,175.86,11.21
-70.3,22.46,147.16
-73.46,10.86,71.17
-75.18,17.89,20.11
-79.92,10.29,100.94
-61.98,23.26,61.08
-60.36,25.04,21.26
-82.32,6.97,195.77
-40.21,66.18,3.75
-52.85,57.48,153.49
-89.07,9.74,125.83
-89.78,5.28,99.4
-37.86,36.2,478.99
-90.22,4.85,53.3
-51.87,48.39,108.96
-89.52,1.06,39.42
-66.89,40.5,153.82
-72.13,16.07,40.09
-60.01,148.67,7.08
-42.89,42.68,16.75
-68.05,16.14,32.1
-81.63,12.92,30.29
-74.97,12.5,63.78
-73.94,6.38,74.71
-68.29,23.03,21.42
-66.4,24.87,332.99
-55.35,17.76,64.38
-43.15,53.96,12.62
-55.24,111.38,10.79
-75.78,11.07,35.64
-95.0,7.78,337.65
-75.67,14.56,31.47
-60.82,43.94,500.0
-75.68,30.8,31.15
-75.81,32.15,25.65
-68.66,50.38,42.19
-89.44,7.19,43.29
-67.63,59.21,25.4
-86.74,0.5,82.07
-80.83,6.04,329.15
-39.11,115.34,32.56
-95.0,0.5,66.1
-50.64,54.58,11.65
-81.89,17.84,15.06
-69.42,31.45,190.79
-72.96,14.95,500.0
-58.34,48.53,19.66
-71.62,11.9,500.0
-59.69,15.97,78.47
-38.8,27.78,44.45
-95.0,4.41,56.46
-64.06,92.28,12.18
-70.64,10.01,66.09
-61.71,25.99,26.17
-89.67,17.82,27.33
-58.96,69.77,61.3
-95.0,0.5,89.2
-77.19,6.6,47.22
-53.7,51.35,3.26
-65.53,177.27,11.21
-64.76,38.37,488.16
-71.82,15.04,24.45
-68.45,17.17,22.94
-78.4,41.73,17.53
-81.59,10.8,105.85
-64.14,16.9,28.1
-64.81,37.46,322.5
-64.63,18.44,158.17
-71.68,5.95,489.47
-22.07,169.07,9.69
-87.58,3.24,22.55
-79.25,28.33,17.93
-61.73,49.04,6.01
-65.87,22.96,23.0
-72.06,16.6,25.49
-52.6,64.92,5.49
-95.0,2.67,59.68
-68.22,36.09,484.93
-67.64,20.26,29.07
-67.48,9.79,122.48
-57.39,52.44,13.43
-73.04,22.13,16.09
-86.87,0.5,73.0
-67.95,27.33,71.81
-36.06,36.32,16.67
-70.96,9.92,85.38
-77.19,10.67,99.08
-84.47,12.28,27.62
-64.54,77.27,16.3
-75.57,20.27,20.06
-85.53,2.13,48.08
-81.24,2.93,48.47
-21.44,256.51,9.82
-50.78,24.4,30.42
-70.75,29.38,13.93
-76.77,30.49,34.82
-53.93,90.48,10.3
-83.94,2.48,28.21
-65.47,19.67,14.4
-70.74,39.71,59.44
-95.0,6.94,117.22
-88.32,4.49,253.03
-66.92,14.19,77.76
-75.11,26.56,87.77
-72.59,40.03,10.63
-67.04,9.98,58.1
-80.39,15.22,21.72
-90.39,10.43,22.26
-38.71,44.9,17.06
-77.15,11.21,493.55
-82.83,10.41,55.63
-82.65,2.47,62.12
-57.58,25.61,67.21
-88.5,1.21,71.56
-63.29,23.1,29.74
-62.48,42.5,11.12
-61.39,39.23,11.6
-67.7,102.44,15.14
-72.7,31.82,41.7
-69.13,44.83,26.66
-73.36,7.71,115.28
-57.89,92.77,13.34
-58.26,32.48,16.05
-75.91,25.19,57.37
-72.58,39.34,70.76
-70.54,20.6,22.28
-65.13,21.19,34.59
-53.71,33.73,16.63
-20.0,68.98,15.91
-72.66,60.76,22.01
-45.12,39.21,20.98
-68.58,12.55,325.82
-58.15,83.73,15.49
-68.71,9.35,113.86
-67.02,29.82,15.06
-82.82,21.57,22.08
-77.46,7.33,62.75
-69.28,75.36,10.64
-72.81,78.2,11.46
-67.88,18.45,89.63
-72.32,34.4,18.19
-95.0,6.97,23.15
-79.16,6.99,500.0
-67.1,13.58,76.53
-60.18,29.46,13.43
-74.65,113.52,15.25
-56.48,54.17,5.07
-93.18,5.61,56.11
-95.0,3.62,71.21
-85.82,29.92,20.9
-88.37,10.52,32.4
-92.07,0.5,197.58
-76.33,47.5,19.84
-75.41,23.69,244.99
-89.2,7.32,64.74
-78.12,31.28,29.07
-86.45,42.37,21.98
-87.92,12.61,36.46
-91.76,6.79,56.38
-60.36,138.01,9.2
-91.18,4.17,109.13
-78.73,22.97,22.46
-44.12,22.95,49.38
-79.24,13.83,30.39
-55.81,76.04,30.52
-52.59,22.32,89.13
-65.32,260.58,12.43
-78.15,8.39,51.61
-94.36,0.52,40.63
-45.86,70.28,132.86
-84.86,18.13,53.35
-63.77,29.17,12.98
-43.88,106.94,23.87
-72.01,8.77,147.7
-72.28,18.91,22.0
-67.58,15.87,64.01
-73.5,15.87,31.44
-66.92,16.61,68.53
-94.06,2.83,55.06
-72.87,69.31,14.82
-59.83,41.1,8.2
-90.87,13.7,30.14
-60.55,37.1,10.62
-76.91,11.31,96.62
-87.58,12.48,24.81
-82.09,16.93,36.43
-58.7,23.95,47.23
-66.75,48.01,9.22
-66.06,14.53,128.18
-68.5,13.7,488.43
-78.96,9.2,21.75
-45.45,31.65,106.55
-90.43,3.12,88.17
-76.37,27.2,50.07
-54.18,35.71,23.32
-38.28,96.32,6.35
-78.66,3.93,79.19
-51.88,137.61,8.89
-52.31,13.63,196.15
-88.07,9.6,44.96
-73.51,20.86,168.89
-80.92,14.91,21.67
-66.25,12.82,236.18
-83.67,9.11,73.9
-55.17,22.79,36.91
-55.58,15.37,239.45
-41.7,201.41,8.58
-61.74,21.32,18.91
-49.16,74.77,48.01
-75.28,27.4,158.73
-45.64,46.44,8.24
-71.02,36.67,34.23
-37.21,83.11,114.18
-74.72,14.27,27.03
-59.79,46.51,500.0
-80.44,19.12,107.93
-83.35,0.5,64.82
-95.0,0.5,85.29
-69.02,16.72,190.8
-76.42,13.79,69.69
-79.42,11.32,30.76
-78.07,46.95,21.18
-66.54,70.34,13.77
-75.47,8.65,242.8
-74.12,8.7,325.38
-84.1,17.64,37.04
-71.76,36.33,494.59
-69.63,8.2,191.4
-61.14,20.56,25.41
-82.76,24.13,31.97
-75.88,4.27,54.91
-55.1,81.94,4.7
-91.71,0.5,53.43
-59.62,12.04,248.36
-61.13,27.26,18.19
-60.98,21.68,18.11
-70.34,20.34,20.54
-84.86,13.81,55.72
-76.24,10.07,22.16
-72.68,16.41,34.2
-72.62,38.41,64.18
-81.97,14.02,49.48
-79.43,16.44,101.26
-94.73,0.5,500.0
-88.27,3.85,32.87
-77.72,14.63,24.0
-27.71,313.6,4.83
-54.48,29.79,29.81
-65.55,14.04,54.41
-72.94,10.25,160.95
-79.64,9.1,500.0
-82.93,19.48,51.44
-72.78,32.32,60.5
-82.62,9.42,136.99
-59.95,36.52,16.92
-64.82,17.22,68.65
-43.47,82.82,500.0
-75.16,11.15,59.53
-58.65,19.96,500.0
-74.49,6.27,66.42
-82.77,7.26,45.54
-90.84,9.64,38.99
-69.78,36.51,16.26
-74.16,12.66,194.47
-76.98,14.24,24.21
-74.83,33.26,17.98
-77.86,18.9,332.46
-54.83,50.85,326.08
-71.19,72.36,17.8
-64.85,21.72,32.91
-46.12,41.05,17.59
-68.77,7.87,491.62
-56.19,22.97,131.6
-72.2,90.0,13.17
-68.24,15.9,26.94
-30.86,116.49,30.76
-72.01,77.5,12.03
-95.0,6.62,42.75
-76.34,22.92,16.87
-76.96,10.91,29.34
-76.04,7.36,239.8
-95.0,0.5,32.13
-68.57,6.45,113.96
-75.72,56.53,16.37
-73.41,40.37,41.88
-65.53,16.96,500.0
-82.12,20.55,36.2
-82.75,9.75,500.0
-83.28,11.37,82.72
-78.83,9.41,30.04
-75.43,31.52,41.75
-64.13,187.22,5.61
-75.23,19.55,118.96
-62.98,25.45,22.7
-67.89,10.86,195.56
-74.37,70.53,18.0
-69.19,25.93,15.89
-79.44,60.17,19.16
-95.0,3.51,29.32
-70.98,7.42,93.8
-85.35,8.37,94.88
-79.61,4.92,500.0
-77.23,36.73,24.12
-45.28,27.15,76.61
-68.66,20.89,28.13
-70.36,29.57,11.75
-58.94,74.19,20.49
-82.48,0.5,46.47
-65.74,50.36,51.32
-77.57,28.81,56.88
-67.03,11.07,322.64
-51.98,41.16,9.98
-89.44,0.5,106.28
-59.62,80.8,21.78
-68.74,8.52,192.2
-43.94,37.35,71.02
-89.27,2.94,37.78
-69.27,14.67,24.92
-87.88,5.01,64.72
-92.73,7.35,103.28
-79.23,8.47,37.72
-79.62,78.81,12.96
-63.47,20.45,20.57
-67.78,19.46,23.68
-34.83,74.14,7.19
-49.2,18.4,42.65
-70.4,55.86,26.65
-76.69,19.56,28.92
-87.62,9.35,70.68
-85.01,4.76,49.19
-87.82,0.5,79.33
-51.14,88.88,6.88
-66.21,53.75,5.12
-78.24,4.09,497.72
-66.03,65.53,16.65
-85.94,18.39,50.79
-73.15,52.65,13.18
-58.06,22.97,35.06
-75.47,8.88,28.69
-95.0,0.5,63.77
-54.46,21.91,154.62
-83.97,10.32,50.5
-66.24,16.64,26.62
-83.09,6.47,22.65
-29.78,57.34,18.31
-71.71,40.22,54.62
-62.77,14.94,90.87
-67.54,37.3,44.73
-81.33,8.51,71.78
-67.9,16.59,20.99
-92.77,0.5,56.53
-95.0,3.23,43.32
-69.63,14.76,42.66
-83.4,3.82,36.68
-66.98,16.17,189.89
-60.53,25.9,23.47
-95.0,9.89,29.92
-74.67,56.04,22.14
-73.74,30.19,54.14
-82.08,28.36,19.06
-66.07,22.73,23.94
-74.1,31.79,17.53
-95.0,7.92,25.74
-91.26,6.88,31.86
-71.6,22.93,16.49
-89.99,2.76,43.33
-82.67,0.5,201.19
-83.28,9.63,26.42
-65.54,28.07,29.44
-59.2,28.02,22.0
-49.44,30.16,48.37
-66.54,13.03,84.29
-55.94,33.41,13.24
-73.63,22.35,19.39
-37.64,61.45,10.64
-59.75,100.55,15.32
-95.0,3.29,500.0
-52.82,28.26,52.77
-76.8,37.95,26.07
-36.47,33.34,95.03
-59.45,52.98,500.0
-68.47,21.31,28.04
-88.34,11.35,51.48
-67.53,17.07,34.09
-90.2,10.07,28.83
-85.97,4.57,31.91
-63.98,12.57,500.0
-75.44,68.32,12.78
-94.38,8.34,22.61
-78.37,21.38,327.66
-61.52,43.57,68.76
-27.03,46.92,66.09
-52.82,97.58,16.52
-60.44,53.48,6.53
-50.16,36.02,11.79
-69.59,11.11,489.6
-95.0,9.14,28.31
-66.25,18.42,36.53
-47.78,45.09,20.96
-70.52,114.03,8.25
-63.2,146.5,5.56
-82.28,5.23,29.29
-42.33,91.78,30.73
-83.57,12.68,22.01
-79.08,14.89,19.32
-52.54,24.15,45.95
-95.0,4.28,73.71
-73.9,32.34,53.03
-65.9,50.68,8.99
-94.66,3.68,165.47
-70.93,92.29,12.26
-60.97,22.16,39.28
-66.7,60.15,20.05
-59.45,29.99,25.38
-68.25,15.86,32.43
-79.77,1.13,118.9
-95.0,6.11,44.33
-68.55,49.05,11.0
-46.5,29.19,61.71
-70.05,39.42,61.95
-78.58,24.67,29.23
-76.35,11.63,46.03
-76.54,15.34,40.83
-48.49,31.35,48.71
-80.34,75.21,20.06
-75.31,29.59,51.74
-85.29,7.6,68.48
-83.33,3.42,326.6
-73.0,13.62,47.21
-65.4,26.02,16.17
-59.27,42.48,5.55
-67.09,11.68,35.0
-71.42,56.66,22.68
-60.05,22.59,41.25
-63.02,21.72,239.89
-77.02,35.09,31.13
-48.48,18.26,500.0
-71.49,43.03,12.76
-89.46,7.94,38.24
-78.42,17.35,50.44
-76.95,26.33,94.51
-87.91,10.64,26.7
-73.76,12.52,43.37
-76.14,6.64,62.94
-51.19,61.6,488.59
-94.19,0.5,116.04
-86.17,12.66,30.76
-52.12,54.12,6.88
-95.0,0.5,64.09
-79.98,11.4,20.69
-92.98,5.82,34.77
-70.92,15.0,19.32
-20.0,40.6,49.46
-25.62,35.59,129.35
-86.39,6.83,43.28
-80.46,26.94,37.06
-56.95,27.69,48.0
-91.26,0.57,72.09
-69.39,18.28,31.7
-83.5,18.41,32.75
-66.95,14.03,239.72
-46.97,95.43,25.59
-69.96,7.14,500.0
-69.62,12.84,132.65
-85.86,5.66,30.7
-79.96,81.91,29.03
-73.08,23.75,331.32
-76.78,33.43,20.76
-43.29,83.82,6.8
-42.94,21.96,107.88
-95.0,7.31,500.0
-78.75,2.06,59.5
-95.0,6.21,268.31
-94.2,12.5,29.48
-57.67,14.08,500.0
-93.28,6.94,35.95
-85.19,34.2,32.02
-63.75,16.14,500.0
-70.57,9.29,500.0
-69.2,36.97,42.88
-77.24,5.07,66.33
-87.82,9.89,49.63
-81.1,12.15,495.32
-60.23,19.17,29.32
-58.47,18.1,42.93
-69.3,126.02,9.49
-92.76,0.5,53.3
-77.22,24.45,75.58
-77.89,21.09,51.88
-68.47,16.22,57.35
-85.3,11.88,110.58
-95.0,5.66,30.67
-79.62,125.04,12.72
-79.16,8.8,40.57
-71.69,9.81,101.32
-74.16,25.42,136.69
-74.38,19.54,24.43
-29.46,63.85,12.29
-49.8,68.08,5.81
-53.33,75.83,48.82
-77.31,54.37,17.26
-95.0,6.77,25.49
-65.39,67.6,19.38
-95.0,0.5,336.57
-87.55,13.24,34.05
-56.27,89.39,17.44
-65.03,18.78,82.08
-79.43,18.3,55.57
-80.31,13.76,31.43
-62.15,15.67,130.89
-77.81,28.58,25.29
-83.4,0.5,211.54
-77.56,1.61,95.97
-86.11,23.11,26.05
-87.91,2.56,500.0
-65.19,35.14,11.16
-84.21,5.36,40.95
-64.46,23.88,20.2
-78.22,20.14,199.73
-77.06,15.34,65.58
-59.64,43.32,8.42
-95.0,2.42,43.86
-65.13,86.26,8.86
-50.66,38.69,21.58
-81.91,11.66,45.89
-79.0,11.38,163.6
-76.49,3.57,172.06
-65.32,45.74,59.94
-74.93,12.13,33.12
-66.68,289.23,7.65
-93.34,3.82,39.24
-90.67,9.86,23.79
-95.0,1.29,75.8
-85.2,3.12,61.7
-95.0,14.31,23.93
-62.42,61.23,24.73
-90.82,5.6,62.35
-47.38,34.62,18.53
-56.54,95.67,16.77
-78.34,5.76,247.11
-55.49,25.35,23.64
-59.37,44.43,70.6
-73.3,12.61,92.63
-75.18,34.43,34.87
-49.03,22.0,53.72
-51.32,19.09,74.58
-66.8,12.23,58.91
-37.82,99.81,80.71
-47.77,24.22,55.28
-63.73,64.57,34.11
-91.42,21.65,34.58
-89.14,9.87,35.73
-64.33,29.13,13.75
-59.03,16.61,74.1
-61.63,22.46,23.74
-59.65,19.87,128.26
-63.35,40.41,9.79
-39.21,57.79,14.25
-70.71,46.87,27.62
-52.6,31.82,19.39
-59.28,29.27,18.34
-76.62,7.26,43.25
-84.84,8.6,85.21
-70.44,41.18,41.23
-81.56,9.32,27.61
-68.42,17.78,22.47
-55.26,31.43,36.86
-67.8,67.38,18.5
-67.17,8.54,70.29
-76.04,60.0,29.35
-71.22,40.58,26.34
-93.74,4.36,25.44
-92.01,6.92,37.86
-67.46,23.87,14.99
-88.54,6.11,37.8
-73.77,11.08,42.53
-95.0,0.5,500.0
-66.04,59.3,16.99
-93.77,4.54,26.73
-80.71,9.23,30.63
-69.25,53.61,26.23
-79.87,0.74,73.02
-50.73,32.57,24.6
-89.24,3.58,36.05
-83.15,11.31,94.04
-72.54,28.32,18.66
-68.73,12.48,186.81
-79.6,136.65,15.25
-79.61,22.33,73.43
-77.37,28.86,17.98
-68.69,15.59,70.88
-75.6,12.68,30.09
-62.3,70.79,19.26
-64.64,21.81,24.35
-95.0,12.71,20.53
-61.61,106.61,11.76
-92.59,4.49,59.79
-64.91,15.8,38.42
-79.56,14.57,24.3
-75.65,34.4,49.61
-60.58,20.02,28.7
-80.13,6.23,330.73
-70.25,9.69,47.54
-43.88,92.56,34.22
-70.69,11.87,30.68
-63.69,45.09,235.76
-92.82,7.9,32.36
-77.76,3.78,243.27
-62.88,58.6,8.13
-60.46,25.23,13.33
-83.19,8.73,29.22
-74.82,19.82,11.92
-86.16,7.26,496.79
-61.89,350.01,5.31
-95.0,0.5,29.23
-77.42,41.08,26.68
-62.85,20.5,45.37
-76.11,52.31,17.63
-55.19,125.75,7.55
-87.72,2.92,26.99
-81.15,20.11,138.53
-70.88,49.55,16.25
-80.63,6.74,56.79
-85.25,10.56,168.06
-40.8,93.01,42.19
-84.64,11.85,24.81
-91.5,0.5,250.47
-69.22,50.74,13.11
-82.39,3.88,47.73
-61.14,21.41,51.14
-95.0,5.38,41.67
-55.44,73.24,1.21
-76.68,7.53,23.94
-55.8,15.43,500.0
-78.06,27.12,36.54
-95.0,0.83,127.42
-80.5,15.58,19.98
-63.51,65.14,7.67
-69.54,52.93,32.85
-73.66,8.14,121.77
-67.98,66.07,22.7
-91.05,8.04,44.78
-68.64,43.18,34.7
-58.36,20.19,23.16
-53.7,21.49,24.7
-73.63,27.57,120.19
-94.28,0.5,47.25
-95.0,3.48,37.49
-80.95,59.23,16.73
-40.7,57.58,5.26
-43.45,16.77,248.63
-76.02,21.88,500.0
-83.33,6.08,74.33
-38.93,33.16,49.27
-68.01,32.45,48.67
-86.7,6.16,75.65
-69.9,12.49,118.26
-60.11,54.03,74.03
-63.81,29.64,18.27
-54.74,33.45,19.12
-52.0,105.56,13.98
-47.45,146.31,4.09
-73.16,56.06,19.98
-95.0,4.69,99.33
-94.16,2.9,84.11
-77.36,19.92,26.46
-80.12,5.73,24.61
-82.15,5.01,36.44
-74.1,43.71,24.39
-64.19,49.53,77.5
-81.85,12.38,247.9
-73.44,83.36,12.55
-95.0,5.4,34.29
-58.23,20.84,484.75
-84.93,10.79,332.19
-56.89,29.26,20.3
-69.01,101.55,17.21
-43.25,38.55,49.82
-68.07,18.04,63.49
-94.21,6.51,30.33
-69.83,27.34,15.43
-65.98,62.85,20.41
-75.01,12.02,35.43
-46.51,20.61,97.59
-78.69,9.37,38.27
-59.61,57.06,500.0
-90.77,13.0,22.32
-64.32,51.83,62.9
-56.64,62.96,233.98
-78.13,36.14,24.36
-75.03,17.7,58.45
-95.0,2.41,27.33
-80.18,52.51,20.98
-95.0,0.5,57.47
-84.15,5.51,55.94
-67.75,37.6,34.04
-69.43,74.29,14.36
-23.69,96.57,7.13
-72.59,65.1,18.29
-80.37,40.94,13.58
-39.77,89.15,71.6
-68.29,33.99,10.84
-51.09,28.33,25.18
-73.52,145.77,16.59
-62.94,13.81,151.91
-80.92,4.21,141.8
-74.21,27.63,41.16
-68.76,30.04,54.59
-95.0,0.5,147.76
-60.87,22.82,46.83
-95.0,6.13,34.7
-57.45,25.99,21.29
-59.79,53.74,7.23
-95.0,2.29,38.25
-79.25,8.0,71.3
-25.64,119.39,53.79
-38.42,28.48,500.0
-70.84,35.37,49.13
-88.44,0.5,37.92
-34.82,33.23,111.2
-67.57,63.96,20.86
-76.36,31.59,31.98
-85.39,3.72,151.16
-63.07,26.28,33.64
-74.56,43.49,30.56
-61.27,70.25,22.92
-95.0,4.78,23.6
-85.87,0.5,500.0
-72.01,31.28,11.64
-71.93,28.35,321.95
-55.99,149.25,4.31
-66.05,13.86,482.17
-79.44,7.36,52.66
-92.82,4.18,61.61
-81.46,18.24,500.0
-20.51,115.37,111.9
-66.51,89.63,8.35
-24.3,158.9,25.31
-84.54,17.01,21.53
-50.64,67.97,44.41
-70.3,8.83,64.96
-75.69,28.12,17.1
-73.91,20.7,18.79
-66.18,13.63,112.48
-40.51,24.48,33.8
-74.53,36.52,32.8
-79.84,4.42,46.75
-95.0,2.8,88.78
-88.03,21.16,21.32
-83.29,21.22,43.76
-69.88,15.78,30.32
-36.05,468.31,1.0
-61.77,17.46,29.63
-79.9,10.66,44.58
-50.58,161.87,7.63
-60.4,39.52,150.67
-57.19,38.96,10.75
-85.91,11.67,54.88
-78.1,25.23,26.6
-55.03,92.0,19.66
-88.14,2.58,91.4
-63.33,83.36,8.64
-83.56,26.74,34.29
-85.09,11.89,50.53
-72.94,11.64,41.35
-36.19,35.8,32.39
-87.65,9.27,79.34
-70.19,14.78,484.35
-69.98,15.49,491.15
-45.16,98.65,3.77
-89.07,5.01,53.49
-50.01,26.64,45.52
-69.63,5.62,188.6
-85.17,23.38,47.18
-72.93,41.42,33.67
-75.94,19.23,107.08
-50.37,20.4,483.11
-57.72,44.57,500.0
-39.36,56.03,106.1
-70.53,14.3,32.31
-83.07,12.69,247.54
-83.43,6.85,26.39
-77.1,28.65,79.42
-77.06,7.96,134.97
-95.0,0.84,37.07
-77.94,11.79,38.18
-80.92,35.62,18.32
-52.17,130.83,9.0
-74.5,26.82,84.54
-57.7,25.27,29.17
-61.92,15.72,191.74
-89.5,9.32,37.06
-86.32,6.22,49.05
-77.83,10.86,22.18
-77.37,34.18,45.04
-66.4,17.63,20.52
-78.79,1.64,55.98
-91.35,2.1,332.27
-73.38,16.12,28.71
-72.0,15.28,191.86
-73.62,41.65,11.55
-69.56,39.7,131.26
-41.15,26.68,500.0
-72.69,30.01,322.82
-83.61,0.5,82.07
-72.28,84.63,9.24
-35.56,42.03,32.21
-64.07,13.54,50.87
-68.8,17.96,23.27
-70.28,24.51,16.11
-91.4,2.28,41.07
-78.08,15.39,81.49
-81.0,14.54,22.51
-74.81,43.31,20.51
-95.0,8.5,31.3
-88.44,19.43,24.93
-70.98,10.38,494.69
-82.08,13.44,500.0
-72.62,45.24,30.78
-63.77,15.36,31.3
-95.0,3.9,38.02
-86.67,5.77,54.21
-61.65,20.47,315.63
-95.0,3.06,256.86
-68.59,15.61,49.75
-95.0,3.1,57.29
-89.13,0.76,47.1
-81.92,6.89,32.11
-47.8,64.8,111.6
-67.01,12.39,153.1
-67.62,66.2,19.86
-67.53,16.81,82.68
-65.8,11.34,493.92
-65.46,20.4,34.81
-31.33,46.7,50.83
-47.43,29.3,29.19
-46.15,32.51,24.04
-95.0,0.5,142.88
-92.61,15.46,19.19
-94.15,2.63,43.01
-83.26,16.42,332.65
-63.83,9.23,500.0
-81.24,5.25,27.29
-67.23,29.43,66.6
-63.84,19.92,21.05
-60.44,15.18,500.0
-92.78,16.82,25.26
-71.75,97.84,12.08
-54.16,30.11,34.51
-65.55,45.73,500.0
-69.4,42.57,51.16
-57.66,34.24,24.09
-79.26,20.03,500.0
-26.07,50.96,54.51
-66.46,11.47,86.45
-61.42,56.6,66.04
-56.89,75.42,38.96
-73.4,12.63,38.99
-69.98,49.87,31.12
-87.95,6.04,25.17
-62.32,95.72,9.08
-95.0,5.21,42.13
-85.87,6.59,37.82
-73.71,43.47,24.21
-84.52,8.26,28.01
-74.22,9.51,53.44
-67.06,32.19,12.96
-95.0,2.76,28.42
-74.59,21.62,67.61
-43.38,30.88,55.27
-72.0,73.01,13.64
-89.06,6.4,73.94
-94.5,0.5,112.9
-48.62,22.51,43.41
-77.01,11.14,37.29
-74.96,28.27,39.16
-95.0,5.24,44.94
-70.01,18.15,24.36
-95.0,2.79,28.23
-68.47,61.57,17.52
-58.02,68.12,34.31
-79.85,66.9,20.63
-67.52,15.08,80.79
-70.01,20.95,42.46
-35.06,39.27,81.71
-61.4,13.2,58.55
-83.01,13.35,68.21
-68.07,13.59,500.0
-68.88,10.54,58.12
-73.97,25.2,20.79
-57.55,25.62,51.48
-72.38,10.58,47.39
-55.89,50.75,11.25
-54.77,21.9,44.88
-49.02,121.67,11.99
-35.64,84.05,5.47
-87.28,5.32,47.04
-66.04,12.49,111.53
-86.42,5.5,177.12
-59.6,22.87,25.44
-68.58,11.27,330.83
-73.79,16.94,30.96
-83.08,7.46,50.84
-74.15,24.81,15.59
-79.15,20.79,30.36
-59.46,16.44,37.83
-64.24,12.78,82.78
-68.52,8.13,84.73
-65.78,59.67,22.88
-83.77,11.9,500.0
-77.02,19.26,18.65
-59.93,21.86,66.84
-81.11,5.44,47.26
-67.15,21.26,38.49
-84.51,16.13,92.98
-74.99,25.89,243.49
-82.41,9.31,43.37
-50.95,110.58,14.14
-63.35,27.5,19.65
-47.29,35.34,27.17
-81.51,1.67,81.95
-81.39,19.64,44.55
-66.16,44.35,7.83
-90.11,4.95,45.53
-74.25,14.7,67.48
-71.72,5.03,496.23
-69.04,18.14,25.74
-74.37,8.71,52.36
-40.01,100.36,58.86
-93.35,0.5,69.89
-53.86,28.88,22.07
-86.86,12.9,39.53
-66.11,18.71,500.0
-78.48,62.09,19.04
-90.58,2.36,48.85
-59.75,21.7,97.08
-72.69,27.9,61.41
-80.38,9.76,52.52
-67.36,15.0,78.89
-64.41,26.42,20.89
-66.31,14.85,27.31
-65.89,25.26,17.62
-69.83,22.21,18.83
-58.53,96.37,15.2
-67.49,11.45,34.54
-43.11,123.31,6.62
-54.14,26.28,44.58
-53.68,20.69,107.98
-60.81,29.43,16.86
-66.8,10.73,323.94
-78.51,9.83,29.85
-69.95,31.19,325.76
-85.22,9.08,93.53
-59.9,41.85,10.98
-73.89,15.02,60.87
-63.88,30.84,13.79
-67.7,24.71,19.07
-74.0,9.75,136.4
-95.0,1.23,500.0
-63.82,41.67,486.26
-74.82,46.25,19.43
-86.8,1.97,72.4
-61.62,67.2,41.81
-74.12,27.92,34.59
-49.69,19.24,56.57
-85.93,7.55,109.2
-79.5,18.51,67.9
-33.43,151.42,20.99
-64.17,41.76,40.16
-74.83,15.34,89.88
-62.08,45.93,13.41
-48.49,34.56,45.23
-83.48,15.64,22.06
-85.35,12.12,171.41
-60.97,53.74,58.39
-77.97,11.56,42.06
-62.97,32.77,10.32
-77.65,10.88,67.96
-80.16,5.7,48.88
-68.46,44.18,38.01
-73.92,80.31,12.95
-65.4,36.11,11.97
-57.41,34.65,14.56
-60.32,20.37,33.09
-68.94,11.72,242.97
-72.66,5.94,164.15
-63.23,20.58,29.46
-59.85,23.14,25.89
-60.66,31.73,14.31
-73.61,12.52,102.41
-61.84,15.83,39.45
-58.46,29.41,18.41
-80.67,15.83,21.74
-35.2,256.69,3.89
-81.32,23.21,26.72
-48.41,60.31,487.26
-62.37,70.52,21.8
-82.05,6.52,89.93
-74.25,14.0,40.83
-84.48,14.69,29.47
-91.65,2.62,53.42
-85.98,8.28,500.0
-58.78,32.55,13.71
-62.68,33.37,10.24
-95.0,1.92,38.42
-50.65,24.31,500.0
-88.54,5.1,198.62
-57.63,11.59,57.46
-82.33,31.84,20.1
-77.08,23.29,50.69
-63.68,104.6,9.83
-47.99,79.3,6.37
-47.4,60.86,56.23
-63.43,46.79,8.34
-62.88,50.27,7.47
-65.38,53.76,8.97
-61.9,21.26,25.04
-55.49,50.78,155.64
-70.44,22.2,11.53
-72.85,28.97,77.84
-60.58,29.7,16.19
-84.31,4.03,32.87
-75.97,9.83,41.04
-32.83,41.49,107.0
-87.83,2.99,32.79
-48.65,30.45,22.38
-53.71,42.62,8.07
-81.58,20.66,39.61
-73.74,11.54,36.45
-70.77,19.81,20.26
-69.56,17.17,18.81
-42.22,38.27,35.4
-72.43,31.33,68.22
-75.39,62.64,14.38
-67.67,42.08,63.31
-78.3,24.77,23.92
-95.0,3.52,38.86
-87.02,14.72,48.53
-75.76,22.72,500.0
-78.79,1.29,151.5
-75.02,41.78,28.89
-59.89,64.8,23.41
-66.82,43.59,153.78
-81.62,9.35,37.99
-59.43,60.15,13.03
-94.7,0.81,128.34
-95.0,2.99,62.66
-65.23,48.69,57.24
-59.41,39.03,8.75
-76.93,6.37,39.12
-65.91,20.14,20.71
-68.09,21.09,22.99
-83.57,2.88,67.61
-85.42,14.06,42.79
-75.81,35.69,40.98
-56.17,41.34,11.94
-58.43,144.94,3.66
-92.2,6.12,33.06
-86.85,2.2,51.42
-95.0,0.84,23.03
-95.0,1.95,37.69
-66.21,20.54,18.76
-63.82,42.72,61.11
-62.86,58.08,54.45
-63.64,35.27,14.96
-45.89,40.29,14.71
-71.36,11.64,188.63
-88.4,2.2,27.91
-72.28,28.15,11.71
-64.31,27.83,19.72
-70.99,14.59,500.0
-25.34,74.51,14.85
-74.04,38.0,29.31
-67.22,15.64,82.63
-88.37,5.9,500.0
-73.98,9.61,36.21
-93.79,0.5,268.71
-75.52,107.3,14.34
-38.0,116.75,23.01
-61.41,173.35,9.25
-75.66,16.78,32.18
-87.35,11.82,39.43
-76.32,26.31,14.17
-95.0,8.05,42.97
-69.8,83.31,8.91
-63.4,34.64,50.18
-41.94,40.3,24.14
-45.12,45.4,15.8
-80.81,1.95,164.91
-54.04,73.84,27.42
-60.94,90.58,16.57
-77.0,14.04,50.0
-72.64,37.98,21.7
-65.8,16.84,54.1
-51.35,27.11,29.87
-78.11,23.19,33.86
-80.74,10.83,25.54
-62.74,36.37,9.58
-58.74,384.48,4.51
-37.89,220.2,4.78
-89.89,2.87,180.53
-79.89,23.0,36.06
-64.08,20.61,30.19
-69.87,8.58,133.5
-95.0,3.27,52.37
-95.0,0.5,67.04
-90.62,5.45,38.97
-89.44,25.75,35.32
-55.54,18.92,500.0
-69.63,16.45,50.56
-74.2,37.9,32.82
-83.46,0.5,142.82
-62.22,79.25,19.67
-52.38,70.59,314.07
-47.75,88.01,71.11
-70.18,63.84,18.99
-95.0,0.5,47.1
-86.29,5.1,122.49
-76.65,113.71,12.61
-53.32,79.25,9.99
-60.94,20.88,186.81
-62.63,58.82,40.23
-87.6,14.1,36.92
-49.74,18.08,317.92
-65.72,16.16,89.18
-76.5,2.13,55.42
-73.52,15.88,30.95
-61.65,27.72,14.16
-51.25,46.74,97.6
-68.81,98.22,14.79
-65.82,25.89,15.74
-69.82,16.59,39.4
-64.49,21.85,16.73
-74.39,27.39,63.43
-65.62,18.82,500.0
-95.0,4.17,36.08
-87.78,6.2,103.87
-70.11,29.22,10.67
-75.59,39.09,20.85
-50.52,17.75,500.0
-62.7,64.3,26.98
-75.27,5.4,45.3
-78.53,36.21,23.36
-55.37,26.93,24.65
-62.74,31.73,498.46
-57.48,19.61,43.22
-78.22,23.15,49.88
-87.75,4.5,45.07
-38.57,85.24,500.0
-60.78,71.2,21.04
-70.31,10.27,40.39
-88.95,1.57,198.65
-85.48,11.95,32.95
-57.86,28.52,26.0
-82.0,11.95,29.09
-75.52,41.85,28.29
-73.57,41.86,32.53
-67.19,13.7,96.09
-36.31,203.31,3.73
-60.33,17.16,29.04
-57.12,23.29,188.5
-43.42,104.49,20.44
-20.0,61.72,24.63
-76.71,37.77,28.53
-93.72,2.3,49.32
-74.89,14.45,47.97
-81.12,5.26,254.2
-54.01,13.68,500.0
-43.79,34.21,26.59
-58.4,21.99,184.22
-87.35,10.24,42.78
-72.6,98.26,22.95
-65.79,45.61,320.75
-51.37,29.12,34.57
-35.84,103.97,11.52
-66.41,12.96,75.28
-73.67,8.79,39.38
-86.35,21.25,23.04
-51.61,20.75,34.57
-69.27,24.23,26.1
-70.01,83.46,12.27
-64.56,30.88,141.95
-73.6,33.01,47.29
-95.0,0.93,38.08
-83.42,16.34,22.11
-91.55,6.51,126.05
-62.21,70.26,13.98
-80.82,37.7,20.47
-50.03,17.19,63.63
-82.08,17.05,40.79
-76.46,4.38,46.0
-77.3,48.32,16.15
-73.36,23.97,31.42
-77.12,20.13,124.36
-61.26,54.52,5.54
-85.29,21.76,23.11
-62.53,27.35,16.21
-77.04,34.7,24.37
-58.91,17.2,35.45
-76.4,13.32,50.0
-69.48,45.13,10.46
-61.22,16.47,69.9
-72.58,22.07,12.16
-61.18,11.27,27.91
-64.72,21.89,63.01
-76.45,17.29,21.71
-95.0,0.5,174.63
-61.93,29.24,25.32
-56.72,18.48,496.47
-95.0,0.5,32.63
-29.63,41.24,60.87
-71.38,25.92,17.09
-73.53,48.27,19.36
-82.95,5.43,72.24
-84.86,15.26,15.88
-76.02,14.43,248.69
-78.81,31.7,28.16
-95.0,2.13,33.99
-64.39,48.91,13.15
-90.43,11.67,24.19
-68.8,62.16,19.6
-89.03,5.78,106.36
-95.0,2.61,47.32
-68.04,18.89,28.53
-71.59,46.0,8.89
-76.15,32.42,28.88
-88.65,0.5,57.29
-71.59,9.1,65.94
-64.85,15.7,75.07
-66.13,24.85,19.54
-58.67,35.46,8.35
-77.92,10.34,23.35
-58.55,88.19,12.76
-70.77,34.67,90.08
-52.95,54.55,500.0
-93.2,1.13,68.58
-75.06,23.5,18.68
-24.42,55.54,19.96
-64.5,8.23,80.25
-95.0,0.5,66.66
-76.06,7.39,40.35
-92.94,6.57,46.72
-81.09,9.93,111.74
-89.93,0.5,33.86
-55.94,25.64,147.44
-65.89,62.84,23.94
-71.54,10.27,166.45
-76.67,5.74,38.6
-47.06,35.32,26.38
-75.29,17.69,55.95
-84.27,20.98,33.13
-76.1,10.21,49.65
-83.7,10.34,27.36
-82.4,10.46,32.4
-51.93,46.35,11.68
-42.77,30.44,231.85
-66.74,15.71,36.35
-65.66,21.46,19.9
-70.07,18.0,500.0
-64.69,17.02,24.35
-84.45,3.43,101.03
-95.0,1.77,52.6
-65.1,35.73,99.48
-78.37,18.7,86.66
-64.69,26.25,14.47
-48.23,30.19,500.0
-56.98,88.74,21.75
-77.43,21.56,22.49
-64.6,56.0,27.18
-20.0,45.59,146.07
-95.0,5.66,58.1
-53.79,110.22,1.0
-51.32,93.93,4.93
-62.69,90.16,13.73
-43.38,49.86,14.24
-78.6,19.05,138.5
-83.37,16.6,37.95
-32.67,94.61,131.06
-67.05,113.12,11.23
-92.69,0.96,88.72
-75.04,10.88,46.65
-90.5,4.25,157.31
-65.35,66.1,20.26
-65.99,28.02,25.75
-84.63,4.98,42.37
-80.92,3.2,497.35
-65.28,14.11,69.0
-77.31,16.36,17.59
-57.29,14.0,52.34
-54.74,22.71,500.0
-79.24,14.33,331.4
-61.16,20.58,19.52
-95.0,0.79,113.87
-87.99,8.81,500.0
-69.96,38.79,11.66
-86.6,8.35,75.93
-51.98,58.06,111.89
-75.82,10.08,30.82
-48.16,25.29,53.0
-78.96,12.44,109.22
-68.98,32.2,15.17
-57.57,17.79,321.04
-75.41,3.12,61.41
-78.91,7.97,35.2
-72.85,15.17,50.15
-72.04,14.21,30.15
-62.79,16.82,43.59
-74.48,15.47,25.75
-52.5,29.46,19.38
-56.44,14.21,64.71
-52.29,82.27,38.0
-61.87,55.61,42.39
-49.84,97.33,18.15
-78.8,31.65,46.96
-67.0,48.88,34.08
-82.3,2.25,44.83
-80.78,16.37,19.84
-57.53,89.25,13.89
-88.37,2.34,37.45
-76.74,9.18,36.4
-93.14,15.16,19.66
-61.8,16.34,500.0
-65.46,84.36,12.33
-54.62,108.04,11.47
-70.23,18.17,59.85
-76.91,11.12,30.7
-70.32,19.09,22.93
-95.0,1.59,86.85
-53.88,22.16,234.22
-69.94,19.12,34.11
-73.4,57.95,22.53
-64.41,19.84,58.2
-37.65,93.28,6.78
-66.1,51.3,11.28
-82.27,2.02,80.25
-95.0,5.98,152.73
-73.23,29.56,80.24
-72.41,9.5,492.44
-65.31,99.72,15.42
-54.14,18.76,38.92
-94.68,4.65,202.98
-81.19,3.71,41.5
-95.0,1.53,30.84
-72.6,9.11,101.26
-83.59,25.88,19.33
-81.42,17.64,53.76
-70.16,14.82,46.17
-65.88,12.78,500.0
-63.29,57.16,8.77
-64.43,28.08,15.56
-65.2,18.07,62.93
-62.16,30.57,18.56
-50.71,44.71,8.91
-74.93,10.81,327.53
-67.56,5.99,63.34
-80.73,11.29,500.0
-66.95,21.02,24.16
-64.6,15.19,39.6
-76.42,26.71,100.67
-81.72,21.83,35.8
-31.62,44.47,95.97
-66.47,17.41,41.06
-82.24,2.58,42.55
-49.87,26.25,36.66
-75.68,2.2,52.38
-73.65,16.32,15.16
-49.22,224.02,7.49
-49.07,24.9,125.5
-62.72,15.92,98.09
-95.0,3.1,142.78
-95.0,6.69,59.46
-78.05,4.32,150.83
-95.0,2.93,209.57
-60.96,58.69,44.9
-80.12,9.23,167.3
-87.31,0.5,98.62
-74.71,68.64,9.55
-44.28,71.37,484.6
-67.58,52.99,28.2
-78.92,7.85,52.31
-64.59,18.88,76.98
-73.29,26.05,74.33
-61.53,27.95,17.57
-61.8,56.72,30.09
-61.02,26.07,19.9
-74.24,15.57,29.24
-80.05,4.07,60.48
-60.6,102.31,10.55
-82.61,11.4,32.27
-64.5,93.23,7.78
-95.0,5.18,28.8
-77.28,24.38,157.32
-32.2,165.08,17.19
-73.74,49.11,19.19
-69.77,15.73,52.27
-72.81,13.08,31.7
-26.02,105.69,32.33
-63.98,18.15,134.3
-68.79,34.15,22.84
-63.67,16.42,102.55
-52.47,34.95,12.98
-88.26,3.09,70.96
-82.92,30.03,21.26
-78.87,7.48,69.43
-61.08,123.98,5.48
-73.03,9.3,47.52
-81.68,4.47,499.74
-84.58,6.12,26.87
-70.8,15.55,115.34
-56.42,67.74,56.35
-73.18,44.66,27.12
-77.15,26.9,105.06
-42.13,40.52,20.68
-80.5,6.15,50.75
-80.92,24.12,56.18
-65.86,29.49,201.07
-59.3,22.49,54.27
-66.03,21.38,19.68
-46.02,165.43,11.27
-54.31,90.17,15.98
-79.57,8.74,166.67
-60.5,17.17,29.27
-62.94,20.76,37.97
-77.72,14.89,77.22
-95.0,5.17,59.32
-45.15,21.69,330.5
-90.88,3.31,60.56
-72.66,39.83,26.36
-90.2,4.44,36.83
-57.98,11.18,320.73
-57.8,27.94,16.01
-53.24,38.96,12.13
-66.13,15.58,238.22
-72.37,58.72,16.41
-72.23,6.27,119.07
-69.34,12.22,40.98
-78.33,30.1,29.91
-72.11,13.92,69.56
-63.73,28.53,24.49
-67.99,72.99,18.84
-95.0,2.52,33.21
-82.0,7.14,49.38
-91.95,0.56,89.4
-95.0,0.51,75.76
-64.82,50.06,12.57
-76.52,44.91,30.52
-44.32,41.4,19.34
-95.0,3.32,29.46
-52.37,48.64,7.26
-90.43,0.73,253.74
-55.44,75.52,41.46
-74.25,10.11,239.19
-75.28,35.49,41.62
-72.45,10.1,41.79
-69.26,57.68,20.12
-60.43,62.04,40.48
-83.88,10.55,38.61
-64.66,27.08,20.64
-63.41,51.74,17.97
-70.64,33.67,39.4
-88.69,9.88,33.26
-80.7,13.91,39.47
-77.59,5.41,34.1
-56.75,25.64,126.75
-71.43,133.38,10.45
-64.97,29.06,19.96
-58.72,33.21,13.53
-43.55,112.58,18.62
-65.87,72.76,4.62
-70.48,11.86,67.48
-73.97,3.25,67.09
-63.85,14.03,500.0
-66.45,73.98,14.49
-78.41,10.75,16.93
-36.21,94.4,315.33
-50.48,28.32,229.29
-68.24,50.23,10.12
-83.93,0.94,75.13
-81.3,4.93,96.53
-59.36,24.48,24.97
-50.84,28.51,67.0
-90.99,3.64,41.54
-75.51,14.2,34.74
-76.96,10.12,35.68
-61.15,28.16,14.31
-67.24,20.27,19.89
-91.58,6.53,148.29
-77.48,4.5,68.67
-83.19,12.05,495.15
-86.3,3.67,92.35
-72.43,41.23,80.75
-70.01,16.64,31.43
-76.01,12.67,190.34
-43.1,42.38,22.48
-73.41,66.89,21.55
-91.09,4.83,139.09
-91.03,0.5,44.61
-85.43,7.03,500.0
-74.2,9.75,42.59
-88.39,6.11,107.99
-69.11,13.08,50.5
-57.77,28.64,49.3
-74.35,70.68,17.3
-59.04,23.55,21.59
-95.0,0.76,48.96
-76.88,2.9,60.66
-94.9,6.64,342.11
-75.27,20.96,16.96
-69.36,19.95,32.31
-83.23,9.53,164.57
-34.47,137.57,20.69
-72.77,8.99,40.16
-59.06,53.94,44.61
-64.02,27.16,17.06
-80.39,3.76,50.78
-65.49,13.43,79.34
-69.0,34.14,500.0
-95.0,0.5,500.0
-70.17,12.02,55.81
-79.95,47.1,20.47
-84.98,0.5,89.59
-74.01,31.37,13.89
-76.1,26.21,43.23
-85.99,16.33,28.29
-90.31,12.61,24.25
-61.94,68.07,24.16
-78.0,8.26,493.6
-60.83,23.76,128.54
-65.23,21.3,33.4
-77.6,164.71,14.58
-68.04,64.99,18.07
-81.63,21.06,72.32
-44.25,133.25,13.63
-40.87,40.58,30.83
-52.08,15.46,247.53
-69.78,35.29,135.99
-92.96,0.5,47.33
-70.72,28.61,12.88
-83.45,7.11,62.29
-81.65,16.34,496.41
-72.36,9.82,34.02
-77.63,5.34,38.18
-68.94,12.95,65.45
-62.72,11.02,243.77
-84.48,80.78,16.97
-60.26,81.14,21.33
-60.29,22.27,52.43
-75.87,17.5,142.07
-81.03,14.3,36.82
-80.03,18.57,39.51
-50.28,101.14,8.19
-77.1,32.7,40.45
-81.15,16.77,88.5
-48.05,88.19,43.89
-90.84,1.46,500.0
-71.18,57.73,22.32
-69.69,64.04,17.5
-45.66,40.22,15.62
-48.96,58.37,500.0
-58.16,19.88,482.56
-64.69,14.54,500.0
-85.5,2.99,338.81
-44.73,45.68,16.83
-58.98,33.12,21.93
-95.0,2.19,53.3
-84.86,9.95,500.0
-90.09,2.99,42.15
-63.05,124.51,7.22
-66.66,15.78,39.12
-71.97,18.64,22.5
-69.66,12.6,45.33
-65.5,18.59,38.6
-88.93,0.5,24.57
-67.96,8.27,44.53
-57.48,118.98,11.93
-63.94,22.1,26.22
-20.59,220.48,11.3
-63.16,139.31,6.44
-81.0,7.52,196.73
-63.54,58.27,30.18
-52.77,276.54,9.66
-95.0,6.64,62.77
-87.86,2.17,500.0
-81.98,4.56,90.54
-74.24,39.48,15.04
-75.32,101.96,15.26
-67.7,64.22,16.46
-57.19,60.5,11.6
-58.4,14.67,319.99
-73.38,26.36,71.46
-73.03,15.49,38.83
-74.45,13.47,139.79
-79.55,8.01,33.16
-88.89,10.26,39.05
-71.68,9.0,103.95
-66.51,16.01,23.61
-95.0,0.5,66.42
-79.68,23.6,17.38
-68.95,11.95,68.42
-62.56,56.84,48.46
-54.45,93.24,22.41
-80.75,18.5,36.86
-57.26,35.53,11.84
-70.13,19.37,16.01
-61.59,24.87,47.12
-79.42,134.91,17.76
-61.18,62.15,7.74
-71.45,97.13,13.51
-71.54,37.79,34.88
-72.44,25.25,14.52
-70.54,112.95,9.84
-59.36,17.53,489.54
-68.29,99.58,10.1
-66.12,54.42,35.81
-74.07,7.3,81.12
-95.0,2.41,34.54
-70.28,11.1,500.0
-49.14,69.62,70.64
-83.13,3.05,43.07
-53.73,48.83,8.97
-89.34,4.9,42.38
-83.7,9.36,26.96
-82.11,52.6,21.22
-74.46,30.05,55.75
-57.45,20.6,500.0
-43.52,39.81,47.16
-62.41,18.59,24.88
-72.74,27.72,80.66
-94.8,3.55,46.86
-86.68,8.17,495.89
-63.35,21.72,47.8
-85.45,4.36,57.46
-89.28,12.03,124.77
-50.97,25.25,101.01
-88.16,9.97,33.11
-61.18,24.9,20.7
-89.19,9.69,33.51
-69.69,33.64,116.05
-74.59,32.33,500.0
-88.24,6.21,63.79
-85.3,2.73,244.53
-70.89,29.0,15.67
-82.18,30.09,22.74
-95.0,6.48,27.3
-81.34,26.96,35.64
-76.31,25.51,132.73
-81.67,17.91,251.64
-68.95,78.79,14.17
-76.03,23.68,51.68
-88.63,8.2,51.54
-85.12,20.3,24.39
-71.09,11.83,54.14
-85.49,4.27,86.16
-69.13,11.11,136.43
-36.57,57.39,17.58
-87.04,15.99,45.82
-85.16,1.02,94.96
-82.41,13.47,74.53
-54.77,61.43,12.03
-47.81,115.28,16.71
-60.95,18.25,128.03
-95.0,0.5,38.47
-83.7,6.94,163.86
-71.0,14.52,43.42
-87.17,4.92,88.24
-83.54,3.18,46.89
-77.36,19.25,12.88
-71.44,81.85,11.21
-89.12,2.41,57.56
-72.12,35.77,37.67
-72.65,24.79,17.67
-66.67,18.06,27.94
-76.47,18.39,23.22
-79.14,18.54,140.15
-72.93,39.25,100.31
-66.22,17.59,484.5
-92.96,2.6,41.63
-64.03,25.82,28.47
-72.18,14.9,28.61
-59.94,58.69,500.0
-70.52,108.56,11.43
-80.11,7.7,23.43
-79.7,16.69,53.63
-70.06,53.25,25.52
-67.53,37.79,22.17
-79.42,16.99,51.62
-50.71,55.06,319.22
-75.04,27.14,47.3
-22.26,70.86,329.47
-54.73,143.49,4.91
-62.65,20.59,30.62
-75.56,53.78,20.18
-69.0,60.13,23.14
-50.02,73.82,108.92
-76.98,7.13,36.91
-90.87,4.48,28.34
-72.06,13.96,33.23
-78.42,21.29,500.0
-81.62,13.04,38.72
-75.56,7.61,242.33
-68.45,37.81,92.46
-84.45,4.47,93.81
-59.06,28.94,25.15
-73.67,14.59,24.42
-60.9,106.28,6.85
-95.0,3.13,332.63
-49.14,209.68,2.76
-62.26,14.31,112.24
-78.02,12.76,50.18
-67.31,17.01,48.31
-63.8,22.13,20.6
-64.79,14.43,66.5
-59.58,31.22,11.04
-80.73,9.33,55.03
-75.17,9.46,54.95
-86.46,30.78,21.91
-65.66,16.66,79.11
-95.0,0.5,58.05
-76.74,28.98,44.63
-82.62,17.47,31.19
-62.84,102.47,10.31
-51.93,22.09,74.34
-57.37,30.88,13.23
-89.19,5.06,116.04
-81.99,12.17,97.0
-83.65,11.94,48.08
-63.09,16.1,73.94
-69.3,9.34,129.24
-70.88,11.57,71.2
-91.17,6.41,28.44
-95.0,5.8,36.19
-55.11,19.02,86.67
-78.36,143.86,10.17
-72.15,11.69,130.37
-56.43,65.75,64.85
-79.26,15.76,176.25
-80.0,3.66,136.46
-76.07,35.1,22.79
-81.0,28.25,27.99
-84.99,19.81,28.7
-69.11,9.23,500.0
-63.01,17.71,31.23
-50.36,38.51,9.9
-43.94,81.8,46.69
-40.21,142.25,9.32
-63.92,54.3,9.39
-71.22,43.87,23.04
-72.68,20.69,26.51
-89.2,6.24,498.67
-73.45,15.24,26.23
-51.69,67.72,6.24
-58.85,29.18,19.75
-57.24,42.06,9.25
-89.67,3.31,94.07
-27.08,140.92,35.85
-75.48,25.93,121.55
-80.05,26.09,24.83
-25.07,42.61,60.15
-93.11,0.5,251.3
-77.68,30.44,29.25
-92.77,9.2,31.25
-90.3,15.84,26.4
-73.23,27.2,16.27
-95.0,9.64,21.43
-95.0,7.2,500.0
-53.38,201.62,7.78
-89.76,4.39,77.71
-70.95,39.57,40.24
-77.79,32.53,16.61
-67.07,19.46,19.93
-66.73,10.2,324.01
-76.97,7.21,497.16
-79.26,37.74,22.33
-70.16,30.08,45.92
-43.72,241.27,10.83
-79.7,11.0,92.53
-73.15,25.95,326.68
-83.35,44.16,23.11
-90.54,16.56,25.27
-58.96,79.08,3.87
-80.56,12.47,208.36
-60.29,24.21,29.04
-77.16,3.9,500.0
-93.64,0.5,38.33
-62.73,49.16,111.22
-43.34,89.63,81.08
-71.09,23.66,19.51
-68.75,130.05,16.34
-73.94,14.22,29.87
-90.53,2.02,500.0
-64.26,30.38,15.25
-53.23,128.65,7.91
-79.12,20.09,194.98
-70.49,30.6,17.29
-69.13,13.01,36.67
-85.97,13.9,31.22
-66.92,20.31,28.71
-95.0,2.58,43.67
-63.96,12.85,36.51
-74.27,18.84,18.79
-95.0,2.36,44.25
-80.16,15.57,22.54
-95.0,0.87,500.0
-81.52,1.92,40.15
-79.22,24.46,194.41
-66.14,24.89,23.33
-68.43,21.22,23.42
-51.99,30.49,24.07
-94.65,0.5,248.11
-93.94,5.8,24.25
-40.98,34.48,32.32
-59.99,20.05,31.16
-69.59,17.22,32.16
-84.97,74.86,17.18
-84.93,37.53,20.13
-91.06,0.5,183.93
-71.01,11.85,58.22
-69.45,44.8,36.71
-92.91,5.13,60.04
-89.58,12.5,64.55
-62.07,36.8,11.22
-77.18,13.49,121.58
-66.83,121.78,10.02
-55.23,31.33,26.98
-85.22,9.06,103.69
-68.03,6.69,322.57
-51.75,28.57,20.74
-64.92,64.24,7.45
-67.86,17.41,31.64
-66.87,13.57,45.69
-46.18,35.55,26.33
-69.31,42.64,79.94
-67.24,14.99,22.2
-90.58,0.53,348.43
-56.32,33.97,15.14
-64.51,60.4,4.01
-49.4,51.85,7.29
-61.64,16.35,29.69
-59.09,62.04,47.13
-82.91,20.13,21.85
-72.79,10.11,67.27
-95.0,0.5,500.0
-53.38,41.62,12.55
-58.97,25.26,14.05
-75.36,6.5,244.93
-75.36,29.34,43.31
-75.14,28.44,36.53
-66.88,15.2,191.56
-33.98,142.24,6.81
-95.0,7.75,23.53
-75.7,47.75,20.52
-66.46,20.5,29.72
-71.99,29.51,12.56
-49.43,26.65,49.99
-74.5,32.57,47.46
-60.53,38.21,13.31
-50.13,60.4,187.19
-63.26,18.92,20.77
-71.69,106.14,11.1
-60.59,17.17,34.98
-95.0,11.37,30.06
-53.55,168.91,8.35
-53.36,78.95,35.4
-76.91,10.79,39.17
-77.33,28.1,50.42
-72.58,14.19,500.0
-85.87,10.53,28.86
-80.62,4.43,246.66
-61.74,43.29,6.21
-71.47,85.24,15.92
-73.54,5.91,117.15
-77.15,6.71,493.51
-44.38,43.96,16.66
-95.0,6.88,87.69
-72.16,28.83,60.7
-66.7,36.7,500.0
-44.58,104.82,26.15
-51.54,23.79,31.16
-69.51,32.9,11.56
-78.05,21.67,240.31
-74.63,30.8,12.77
-70.18,56.17,25.15
-68.39,42.27,12.67
-67.22,87.66,12.04
-51.39,67.5,65.49
-77.46,13.33,26.38
-89.99,0.5,50.78
-95.0,0.5,37.58
-68.15,9.12,490.38
-70.59,12.41,136.82
-34.77,35.56,76.43
-75.16,40.55,22.79
-68.66,16.19,85.88
-92.46,9.26,32.03
-58.53,83.16,14.51
-57.84,39.14,500.0
-58.3,59.88,46.1
-56.73,49.41,3.82
-72.79,34.54,52.8
-95.0,2.59,77.93
-77.65,3.55,500.0
-75.5,37.58,30.98
-73.68,6.83,50.26
-76.51,11.69,33.99
-71.41,27.27,500.0
-79.15,21.7,41.14
-66.92,19.08,39.32
-69.58,54.94,27.98
-70.7,12.45,238.33
-95.0,2.55,45.82
-79.66,32.48,13.3
-95.0,0.5,104.82
-65.0,12.99,234.87
-79.52,2.4,29.15
-78.92,31.06,25.2
-63.84,18.3,500.0
-64.66,15.42,321.17
-74.48,16.29,31.89
-63.06,21.78,35.99
-66.3,50.16,38.52
-78.07,6.46,27.04
-75.0,39.61,13.92
-67.95,17.03,22.66
-90.93,11.53,41.27
-87.7,3.03,102.79
-71.03,16.17,32.17
-81.72,11.17,22.04
-67.51,8.3,64.23
-86.0,4.97,23.95
-74.62,8.69,116.71
-66.93,20.39,51.24
-82.73,7.07,500.0
-48.0,28.93,27.3
-32.44,61.61,14.86
-88.84,14.71,22.98
-57.01,61.32,151.8
-37.78,182.63,7.49
-68.52,60.5,22.09
-71.6,17.33,27.0
-90.31,9.39,33.86
-69.04,13.96,57.3
-65.11,20.51,52.26
-48.22,80.05,39.04
-61.04,51.89,235.88
-65.77,21.8,48.93
-87.86,5.68,47.43
-95.0,0.5,57.87
-85.75,3.38,42.61
-62.79,16.73,96.84
-59.19,55.05,480.56
-41.2,124.38,1.07
-52.87,76.64,90.84
-76.47,16.72,29.0
-88.42,0.5,23.88
-77.87,23.84,42.31
-61.48,28.5,17.54
-67.52,17.05,61.93
-76.31,10.12,56.42
-32.95,55.09,17.18
-56.07,48.99,8.05
-77.25,31.36,29.22
-69.17,58.14,23.51
-85.22,0.56,137.44
-71.59,77.05,20.38
-55.35,24.9,500.0
-40.23,26.05,83.13
-44.53,40.8,21.76
-54.34,33.74,28.61
-85.0,19.75,27.88
-95.0,2.74,25.97
-84.34,5.78,99.56
-66.23,10.09,39.06
-69.55,8.11,106.67
-76.07,12.9,34.47
-35.54,29.24,233.75
-83.57,13.58,493.59
-65.51,19.41,44.9
-95.0,1.64,42.77
-67.88,40.2,154.5
-74.02,39.3,12.32
-64.86,15.79,190.35
-64.55,58.81,28.94
-72.33,6.51,77.74
-95.0,6.39,37.76
-61.69,98.36,10.75
-81.15,37.61,24.62
-70.47,11.39,43.18
-52.84,189.12,5.24
-66.96,53.97,26.07
-64.68,13.47,69.04
-63.84,72.5,17.8
-95.0,1.94,25.86
-95.0,10.68,76.2
-52.06,75.9,124.01
-73.98,95.25,11.19
-52.89,30.38,39.4
-82.39,37.34,16.87
-75.11,41.99,23.17
-61.66,16.46,134.2
-69.9,14.6,53.68
-76.68,18.19,18.25
-76.14,5.51,67.4
-63.9,25.16,24.47
-62.24,32.14,12.05
-60.62,22.04,500.0
-75.72,35.15,34.15
-69.08,13.61,21.52
-63.47,101.81,9.46
-39.38,19.64,54.71
-77.79,2.8,58.71
-74.45,10.56,41.59
-63.54,16.29,32.39
-58.41,29.77,21.47
-88.48,25.21,25.63
-95.0,4.69,90.16
-69.28,51.17,8.9
-65.82,101.61,10.97
-48.38,19.24,72.73
-75.65,15.11,22.5
-77.26,30.72,20.42
-92.5,1.08,42.5
-40.54,31.73,320.97
-77.07,29.04,29.45
-75.37,42.95,8.85
-86.38,20.7,23.04
-84.21,15.69,45.11
-78.29,9.42,17.61
-65.33,11.89,99.56
-59.49,72.76,18.54
-47.18,30.89,53.08
-65.1,81.83,13.92
-66.06,12.54,326.1
-66.45,5.71,168.21
-80.68,23.58,26.28
-55.47,30.24,36.31
-86.67,4.62,123.83
-83.94,30.02,24.71
-84.61,58.37,18.14
-51.46,33.49,21.66
-37.29,90.38,9.5
-95.0,7.32,40.58
-56.64,25.58,106.56
-51.11,21.08,57.5
-77.93,6.28,327.93
-73.98,32.55,94.54
-74.59,6.1,27.22
-62.69,16.13,158.87
-74.01,100.96,13.07
-45.24,75.57,500.0
-63.18,109.73,7.01
-82.73,9.28,92.18
-47.43,48.47,14.36
-73.72,27.38,40.77
-77.94,41.56,22.1
-69.87,11.2,500.0
-81.13,6.18,162.43
-67.41,12.13,50.14
-95.0,0.5,58.69
-56.53,62.09,483.19
-90.11,13.41,27.79
-95.0,1.03,79.29
-69.44,13.72,83.59
-56.96,45.87,12.69
-57.25,21.07,153.83
-64.19,13.91,60.26
-83.89,5.06,334.86
-71.82,27.96,38.65
-30.49,59.02,13.58
-69.86,38.61,157.25
-62.83,39.1,10.24
-47.14,78.37,50.2
-57.39,22.07,35.23
-77.69,5.82,41.32
-63.33,19.88,35.73
-55.9,62.86,110.03
-70.79,13.22,50.12
-66.96,45.44,86.03
-70.24,14.3,136.92
-45.69,29.95,22.79
-91.48,10.0,29.8
-69.13,25.62,16.65
-69.45,13.3,500.0
-67.15,64.83,20.51
-77.79,11.18,21.2
-73.88,38.63,26.4
-49.04,28.7,100.77
-72.29,8.45,500.0
-73.67,16.24,117.04
-58.84,52.79,7.96
-93.86,1.04,29.45
-64.96,26.77,15.43
-79.04,20.63,37.86
-95.0,2.9,78.56
-62.49,109.13,7.89
-95.0,0.73,58.4
-81.93,26.31,28.58
-77.87,6.17,49.7
-65.22,12.44,118.23
-46.71,71.39,5.37
-78.72,21.84,46.62
-55.65,22.61,153.47
-73.77,13.57,57.32
-74.66,25.07,245.56
-95.0,7.53,45.98
-95.0,4.51,34.34
-87.33,10.67,73.47
-70.5,59.57,11.57
-27.58,70.8,10.65
-73.65,6.02,58.81
-56.53,38.88,58.38
-63.08,70.11,9.49
-95.0,1.18,42.69
-70.65,19.97,18.37
-67.72,12.23,325.16
-52.55,18.95,500.0
-73.83,17.89,15.04
-63.54,17.44,500.0
-61.5,52.74,74.91
-65.1,9.62,492.89
-55.84,16.6,129.59
-76.7,7.97,41.65
-70.08,7.7,37.92
-79.89,9.28,31.63
-49.38,30.5,61.89
-43.19,20.46,141.28
-63.04,12.31,43.79
-72.76,23.76,194.08
-71.19,35.84,117.93
-72.7,154.23,8.75
-82.56,8.96,26.23
-48.58,32.71,22.36
-66.36,26.59,20.06
-66.98,43.86,60.45
-49.95,25.24,47.52
-81.24,27.66,33.71
-78.61,82.65,11.82
-84.3,6.47,34.25
-95.0,0.83,32.98
-87.24,5.35,38.63
-83.6,2.58,35.07
-86.47,5.7,59.47
-52.06,24.0,47.28
-95.0,1.15,500.0
-59.85,47.21,234.22
-77.11,15.65,23.81
-69.46,14.49,44.87
-95.0,5.77,31.46
-93.34,0.5,89.26
-78.85,12.6,28.99
-75.15,17.8,49.59
-60.86,10.81,155.61
-68.16,33.23,492.22
-28.85,82.34,60.56
-67.29,14.68,30.16
-78.61,103.94,13.52
-37.33,101.75,85.12
-79.55,20.36,39.79
-43.5,27.69,500.0
-52.62,31.87,42.79
-61.55,27.06,27.47
-72.65,51.96,24.03
-76.23,17.8,22.55
-71.77,18.0,24.23
-66.85,18.7,64.3
-65.11,23.81,18.82
-84.92,8.3,90.76
-75.24,5.88,133.04
-95.0,0.5,35.75
-65.24,22.81,45.93
-77.21,7.74,125.05
-82.8,13.4,73.08
-83.48,2.28,53.61
-61.93,247.57,1.95
-87.02,4.32,32.54
-38.82,74.11,40.22
-83.83,17.83,20.29
-95.0,3.28,40.5
-82.54,33.42,17.02
-77.15,14.63,31.41
-82.0,9.63,55.14
-62.72,17.53,37.08
-66.65,44.64,33.97
-57.3,23.64,35.18
-78.8,26.02,30.2
-72.43,24.91,24.19
-74.24,16.4,31.66
-60.46,20.19,41.11
-45.7,112.92,15.65
-65.52,15.2,39.42
-48.01,22.91,30.57
-95.0,2.1,500.0
-68.38,17.78,20.86
-66.79,27.98,78.9
-93.37,2.39,42.99
-62.4,51.08,83.72
-70.56,11.24,64.19
-70.43,47.12,26.61
-58.62,11.4,138.73
-70.44,33.03,116.79
-69.23,15.98,50.83
-59.21,24.61,17.97
-71.21,13.86,51.71
-49.1,45.86,14.27
-95.0,0.5,44.8
-80.77,15.33,500.0
-48.21,177.74,3.69
-95.0,4.2,63.97
-66.73,24.9,13.8
-70.72,45.0,37.46
-74.63,29.8,34.06
-95.0,11.19,28.64
-40.01,34.65,38.0
-95.0,1.46,49.2
-56.38,97.81,14.88
-91.22,2.04,75.24
-71.94,14.68,32.39
-53.56,198.84,2.83
-61.53,35.38,10.77
-57.07,63.19,182.53
-68.51,18.02,27.99
-83.39,2.29,125.04
-56.64,41.43,16.35
-55.21,23.64,500.0
-24.92,86.38,9.07
-90.64,11.94,29.96
-73.1,37.7,33.86
-51.84,18.43,95.5
-69.19,15.45,154.16
-48.04,62.71,10.71
-76.12,68.32,21.61
-60.28,371.84,2.39
-73.57,17.49,23.48
-69.04,12.17,52.62
-71.89,11.28,31.66
-56.75,25.66,63.48
-79.46,7.44,90.3
-73.77,18.36,20.37
-85.28,12.86,68.17
-76.24,33.13,33.68
-56.39,21.11,128.59
-95.0,1.38,28.15
-57.13,20.4,500.0
-78.45,1.14,83.56
-75.06,70.68,15.7
-81.15,26.58,14.77
-81.46,22.71,28.98
-61.42,86.36,4.63
-58.07,61.68,65.59
-79.03,84.15,13.19
-80.63,21.44,140.63
-68.46,44.04,186.02
-78.34,7.74,118.68
-65.36,41.65,45.5
-54.49,34.88,13.52
-63.45,18.8,24.53
-45.56,36.72,47.21
-77.75,23.19,75.99
-77.51,65.83,16.92
-81.0,9.26,84.84
-77.29,23.51,490.63
-64.42,112.35,10.74
-62.56,66.99,9.44
-59.7,18.47,46.43
-72.03,28.6,26.82
-82.61,21.5,34.14
-47.64,27.16,89.08
-66.52,18.71,31.17
-72.39,33.61,21.06
-67.71,15.22,24.94
-95.0,6.51,34.44
-72.84,25.12,108.53
-64.1,44.43,500.0
-81.26,19.13,45.85
-50.15,120.94,7.96
-67.97,18.97,40.86
-95.0,11.42,27.49
-66.62,12.69,82.17
-83.55,6.48,55.32
-69.48,39.66,12.97
-78.82,10.11,47.12
-73.72,30.83,78.08
-58.6,61.33,29.32
-78.84,8.16,98.14
-79.6,46.61,18.3
-81.0,19.15,97.54
-90.35,15.16,23.33
-64.57,136.16,14.61
-91.41,6.2,249.95
-79.68,10.56,111.54
-92.46,4.78,73.58
-45.44,130.61,14.31
-69.53,15.02,188.23
-82.05,4.11,162.68
-69.06,147.49,11.46
-54.68,56.54,3.62
-74.96,12.81,59.04
-78.7,20.3,17.57
-85.46,33.63,18.81
-55.19,35.19,500.0
-66.77,17.27,25.85
-75.52,9.08,74.02
-74.91,32.47,45.68
-74.25,19.64,19.06
-80.03,127.62,15.33
-56.44,32.95,10.39
-94.15,3.92,44.84
-70.02,29.44,331.72
-80.95,33.52,27.48
-95.0,3.67,500.0
-73.18,46.6,27.26
-31.71,148.73,23.2
-68.22,69.23,16.19
-75.5,55.75,21.94
-84.59,13.46,36.81
-49.75,22.32,486.33
-74.67,7.3,69.83
-87.38,7.76,68.98
-65.75,15.53,61.71
-84.29,11.79,500.0
-71.37,12.89,84.4
-70.2,53.36,27.34
-69.49,16.97,21.68
-61.19,15.19,86.79
-59.49,32.88,22.05
-64.48,16.74,43.19
-76.51,59.15,17.1
-68.41,46.23,29.57
-46.36,29.68,27.94
-70.94,18.47,27.36
-91.73,8.46,61.57
-86.19,15.59,34.83
-82.55,20.13,67.61
-95.0,0.5,203.74
-72.04,17.9,31.83
-84.18,15.17,23.59
-80.77,16.1,168.26
-80.84,83.67,16.07
-78.18,10.21,197.63
-85.87,7.07,62.18
-77.64,35.59,24.13
-60.49,33.15,13.79
-72.12,13.92,27.73
-78.43,11.83,25.46
-94.49,3.36,48.87
-95.0,4.72,26.68
-35.94,29.3,33.5
-85.1,2.68,25.67
-85.6,17.3,27.12
-41.8,48.88,5.68
-73.23,47.58,27.52
-59.25,24.52,24.11
-70.7,19.08,23.04
-79.94,35.93,21.55
-79.15,9.95,33.65
-59.88,59.63,314.28
-62.69,22.55,49.69
-78.34,9.56,32.07
-64.33,16.98,39.06
-88.73,0.94,500.0
-69.56,30.98,11.15
-72.92,15.29,323.06
-82.29,2.51,500.0
-67.89,24.43,15.26
-61.67,23.71,42.12
-58.0,25.09,24.4
-77.38,8.47,500.0
-61.41,55.65,316.82
-83.7,18.29,26.51
-55.59,24.08,22.37
-49.32,84.71,61.24
-70.36,32.25,10.43
-65.86,16.1,29.25
-70.31,44.2,27.89
-70.97,8.2,62.49
-73.32,3.66,116.87
-56.41,17.41,31.94
-68.0,124.83,8.93
-84.18,3.35,43.23
-48.8,76.84,3.86
-79.35,16.94,20.08
-29.24,55.58,17.66
-50.73,25.14,75.78
-62.74,18.76,87.66
-68.65,14.49,253.91
-32.13,613.8,7.71
-95.0,0.5,214.77
-77.23,79.97,17.09
-63.53,13.72,238.12
-70.36,46.63,15.18
-73.98,40.77,32.4
-84.07,24.14,24.28
-66.62,13.54,74.06
-59.94,34.75,20.69
-46.17,75.14,41.74
-86.84,14.59,29.41
-58.95,20.91,43.62
-57.35,14.09,187.63
-82.58,18.64,41.41
-41.75,180.99,8.26
-84.05,2.92,86.16
-74.3,73.41,13.78
-78.13,13.25,29.2
-71.79,62.69,17.7
-76.78,35.08,30.13
-64.7,51.01,61.87
-63.45,25.83,23.62
-43.1,41.65,24.0
-55.06,18.79,63.77
-20.0,46.13,500.0
-69.8,37.75,240.57
-73.15,23.46,52.85
-62.62,49.77,43.74
-54.75,21.47,88.89
-67.06,23.42,21.34
-61.73,36.22,14.44
-53.5,204.93,20.3
-95.0,5.62,35.47
-84.41,9.23,64.53
-89.76,7.36,36.18
-95.0,2.29,35.27
-71.26,19.41,24.28
-55.36,87.19,7.8
-75.59,9.66,44.58
-63.97,134.97,9.24
-72.53,16.02,35.01
-63.08,28.23,13.98
-70.25,19.08,22.07
-48.09,124.77,10.52
-46.64,32.77,66.72
-74.64,9.22,157.31
-53.58,94.99,3.4
-71.22,5.04,500.0
-69.11,2.75,128.35
-69.47,19.92,29.0
-73.73,92.55,14.71
-95.0,0.5,62.92
-67.27,17.85,28.44
-60.29,157.19,9.63
-85.52,18.68,22.95
-61.72,23.08,32.88
-70.04,103.03,13.31
-20.0,125.55,500.0
-81.84,13.95,500.0
-84.45,3.82,145.97
-71.54,39.26,55.91
-73.35,36.72,45.48
-67.35,8.96,335.57
-94.93,6.25,87.1
-69.04,35.51,103.04
-68.99,13.35,38.03
-86.9,18.78,25.22
-94.78,6.74,41.76
-67.53,68.57,16.51
-93.56,2.11,67.94
-85.05,17.04,27.17
-68.94,27.61,11.27
-84.04,5.2,30.02
-79.53,20.24,47.39
-38.88,38.22,23.86
-64.94,19.78,233.66
-82.36,7.36,37.86
-50.44,24.16,94.67
-69.92,59.66,17.11
-79.43,0.5,93.28
-64.21,89.69,12.46
-77.94,71.67,21.51
-71.83,82.39,13.42
-85.13,13.81,22.93
-74.4,6.71,500.0
-79.12,8.82,50.74
-85.2,20.3,26.26
-66.25,87.12,16.18
-95.0,6.11,54.51
-65.34,21.64,26.22
-57.67,24.31,26.37
-75.32,12.12,500.0
-75.8,8.83,47.73
-81.15,1.72,500.0
-42.58,137.88,12.02
-75.12,18.64,17.98
-52.5,57.86,9.5
-64.25,20.47,318.65
-53.58,139.08,9.14
-64.3,26.49,22.42
-78.28,2.01,500.0
-89.88,4.23,36.14
-83.47,1.85,47.33
-69.75,10.24,81.5
-75.66,5.43,36.95
-54.24,19.06,500.0
-85.16,16.13,99.85
-71.88,17.92,21.25
-86.41,45.72,16.04
-64.76,73.61,16.99
-76.68,13.66,46.68
-84.09,14.93,37.72
-67.17,60.05,8.84
-60.2,17.98,29.4
-65.43,50.54,41.69
-51.8,28.12,65.14
-45.78,83.93,55.45
-90.83,8.49,44.06
-88.1,10.92,66.88
-67.43,38.69,80.93
-58.99,24.6,42.17
-68.57,8.67,500.0
-63.23,77.66,18.46
-95.0,2.4,72.14
-59.17,34.17,12.6
-85.15,8.83,38.04
-56.68,106.19,7.6
-85.66,13.08,31.85
-58.32,37.64,12.34
-81.88,6.07,59.62
-78.29,9.95,500.0
-69.82,28.93,14.73
-57.74,45.14,500.0
-69.64,22.47,14.38
-66.75,19.84,16.08
-74.02,17.26,25.03
-63.41,20.26,57.27
-76.19,19.52,17.02
-79.9,25.57,29.97
-74.19,22.34,13.42
-37.03,33.11,70.82
-74.36,5.45,45.51
-79.36,9.61,26.44
-77.67,52.95,17.49
-56.87,151.12,7.85
-79.11,24.52,36.81
-71.36,35.84,16.86
-64.65,21.27,38.09
-37.48,83.24,489.38
-73.04,19.3,13.97
-70.35,10.15,56.79
-60.55,55.35,182.96
-57.16,46.41,4.71
-82.39,11.2,27.81
-79.32,3.22,167.92
-64.11,21.94,22.1
-77.76,21.45,198.49
-82.03,3.17,137.8
-60.55,20.06,482.07
-70.1,16.55,89.44
-82.65,0.71,500.0
-90.58,15.95,25.92
-56.68,83.13,19.24
-63.14,70.06,16.07
-59.99,19.24,40.42
-66.05,17.05,157.72
-65.36,72.82,19.23
-93.27,8.0,21.78
-79.48,34.49,24.23
-60.7,77.76,14.29
-79.69,20.16,31.63
-62.22,17.01,234.51
-89.25,6.15,27.39
-70.75,10.16,190.42
-76.59,13.53,24.8
-41.2,31.13,500.0
-46.73,20.81,50.27
-95.0,0.5,58.05
-44.54,55.17,500.0
-79.2,46.76,20.99
-67.45,25.85,20.9
-75.39,17.68,18.3
-66.81,16.7,21.56
-61.02,19.77,87.18
-73.87,16.53,22.98
-78.04,14.17,31.63
-95.0,7.39,45.05
-79.75,6.46,39.1
-61.91,62.83,8.53
-95.0,0.5,207.22
-80.61,17.73,64.79
-78.85,11.45,119.66
-76.57,28.45,35.95
-63.21,26.06,20.7
-78.2,19.36,17.55
-76.28,7.2,40.25
-81.65,20.37,37.17
-72.89,9.57,26.67
-54.56,68.84,41.85
-78.01,24.76,49.41
-70.64,166.82,8.92
-77.27,20.54,137.5
-77.22,67.75,18.43
-30.89,24.14,107.51
-69.54,56.2,21.05
-67.47,12.66,76.49
-56.57,27.42,19.09
-53.25,24.84,319.11
-74.72,7.76,47.06
-72.68,18.64,14.23
-77.67,12.84,23.5
-26.91,129.82,62.04
-70.21,14.74,31.52
-85.51,2.77,500.0
-70.51,120.21,10.05
-78.69,11.63,26.69
-78.42,34.48,35.99
-36.98,54.9,12.79
-79.28,4.79,118.28
-67.22,14.57,117.16
-61.86,55.99,72.27
-74.58,27.74,96.59
-70.35,34.18,54.85
-67.84,97.13,8.09
-43.94,45.08,17.0
-80.86,2.1,248.17
-75.19,44.93,16.63
-76.98,27.75,75.45
-90.29,5.92,71.37
-95.0,0.5,101.21
-55.06,27.15,33.13
-71.64,21.2,26.83
-67.78,12.65,485.27
-67.05,18.09,51.36
-47.41,56.16,12.5
-58.66,88.87,12.13
-61.27,73.65,21.83
-60.71,84.59,16.08
-72.36,12.55,27.2
-84.22,0.5,258.46
-80.37,14.13,21.48
-58.71,19.63,155.78
-61.37,25.63,18.99
-92.03,6.48,54.6
-82.07,17.36,123.39
-63.36,19.76,490.06
-45.95,62.5,10.8
-58.45,36.57,14.35
-65.47,212.35,6.21
-67.64,22.32,20.74
-47.15,37.6,24.15
-88.68,10.05,113.76
-22.32,44.29,180.95
-54.54,21.65,154.4
-95.0,1.09,500.0
-95.0,6.85,500.0
-64.9,63.36,19.41
-64.99,11.23,42.09
-38.71,44.82,14.64
-68.31,21.76,25.05
-43.3,92.16,37.46
-73.08,24.41,20.16
-70.93,35.3,15.32
-95.0,13.0,29.76
-85.91,10.36,123.61
-70.24,16.35,55.9
-71.19,15.46,53.43
-81.66,10.07,32.8
-81.59,17.13,246.13
-82.54,19.45,40.43
-61.73,20.34,25.99
-53.65,31.38,15.19
-61.12,42.98,154.25
-73.61,76.21,16.6
-85.69,5.55,47.3
-67.41,21.36,63.43
-70.06,29.81,10.48
-89.57,22.75,20.52
-20.0,109.86,500.0
-71.29,7.75,321.2
-86.85,3.97,83.89
-68.14,15.99,63.23
-78.35,40.59,28.79
-85.7,10.92,24.15
-61.99,18.84,47.01
-73.24,52.89,25.02
-73.93,31.7,96.48
-77.01,5.71,41.58
-48.65,26.01,34.16
-85.94,13.86,33.1
-78.53,9.46,25.44
-95.0,0.5,50.88
-24.83,117.78,500.0
-51.65,70.9,84.98
-71.32,90.99,25.53
-76.61,64.21,16.07
-70.95,83.38,16.37
-87.9,5.56,63.93
-68.16,12.69,53.64
-61.15,14.49,37.25
-88.83,5.41,26.27
-80.66,30.12,22.52
-69.49,26.95,133.76
-71.71,25.85,191.73
-71.05,13.5,240.21
-53.29,25.48,32.19
-81.25,114.87,16.51
-64.11,44.49,10.94
-85.82,4.07,54.04
-34.82,151.45,16.76
-61.28,60.93,28.01
-75.74,8.92,40.51
-67.61,38.17,75.3
-69.92,14.0,62.75
-62.44,28.56,12.89
-78.89,29.85,35.87
-62.8,34.69,65.24
-57.37,23.5,86.44
-80.61,3.62,165.48
-73.7,36.4,14.25
-83.47,56.07,19.76
-69.6,37.14,500.0
-71.84,17.06,53.36
-51.15,49.87,8.92
-91.71,2.89,249.38
-60.07,15.72,56.27
-78.41,6.92,36.28
-76.84,22.83,21.87
-55.2,38.01,14.12
-79.54,23.32,34.64
-66.92,13.75,69.88
-85.42,10.59,194.97
-95.0,0.5,31.08
-65.21,19.95,18.64
-42.57,291.95,6.12
-78.5,23.84,20.01
-60.8,57.09,64.96
-51.1,47.26,11.93
-80.95,11.03,20.1
-50.57,27.27,82.5
-80.53,9.69,36.15
-72.15,10.86,42.8
-43.48,33.21,320.58
-83.85,4.0,138.82
-70.55,20.57,28.3
-78.08,29.38,51.42
-76.42,15.69,18.01
-78.12,17.43,496.42
-64.12,25.89,20.17
-55.06,36.65,12.83
-66.76,13.44,76.0
-84.51,9.76,18.2
-90.36,0.65,500.0
-79.33,9.15,57.77
-74.7,27.65,120.57
-92.22,0.5,82.72
-61.86,20.85,40.56
-91.58,1.24,36.17
-28.42,92.46,188.82
-94.96,4.83,203.71
-95.0,0.5,81.19
-69.34,14.11,245.69
-71.01,35.19,54.88
-52.53,65.23,76.01
-88.96,11.03,29.93
-61.03,21.33,26.08
-68.67,9.05,72.68
-49.37,26.83,39.47
-83.8,14.79,73.41
-89.19,7.32,54.71
-92.42,4.05,64.03
-70.15,59.23,17.43
-61.6,39.03,10.93
-70.57,9.15,40.24
-71.32,8.49,35.04
-68.93,12.71,94.24
-70.15,50.47,26.34
-74.79,26.8,162.62
-62.3,34.06,12.95
-61.26,17.75,62.31
-78.5,23.21,33.96
-74.15,15.41,72.4
-73.62,18.05,41.71
-46.8,47.29,11.06
-25.76,149.27,28.07
-61.93,48.59,52.58
-76.26,23.5,77.71
-71.03,104.73,12.09
-82.06,16.66,137.98
-60.85,19.31,44.31
-74.4,47.03,31.29
-73.64,99.36,12.86
-68.19,24.64,24.54
-95.0,10.17,32.03
-82.78,16.5,47.18
-78.82,41.85,22.47
-72.29,50.15,20.72
-72.4,15.17,34.51
-78.73,22.88,20.96
-71.6,20.89,20.79
-52.61,63.86,500.0
-95.0,6.77,62.43
-80.45,10.6,54.82
-35.9,138.53,21.7
-69.57,21.18,15.2
-63.43,56.5,24.42
-65.89,18.61,43.1
-53.24,16.15,184.89
-22.74,42.76,500.0
-85.39,50.76,16.84
-95.0,5.94,48.91
-63.88,16.03,59.51
-61.94,16.04,30.9
-73.0,19.6,19.36
-75.25,12.42,55.96
-78.54,45.51,29.46
-57.37,59.72,5.18
-67.49,11.72,189.71
-95.0,0.5,32.01
-81.35,19.82,30.82
-87.9,8.14,38.0
-78.1,33.89,28.24
-67.7,42.62,91.55
-92.7,3.74,39.51
-67.08,13.56,34.96
-85.05,3.44,30.35
-59.37,18.91,500.0
-69.47,254.91,6.84
-57.53,34.03,19.21
-73.16,15.76,69.04
-95.0,0.5,500.0
-70.19,35.04,59.32
-59.76,23.4,131.81
-84.32,1.19,64.84
-81.55,27.98,34.75
-74.72,9.46,29.74
-88.81,3.1,500.0
-95.0,0.5,338.04
-67.44,11.52,241.62
-70.62,172.27,8.9
-67.09,9.9,239.01
-67.66,18.71,21.52
-82.85,15.56,28.06
-53.42,57.43,32.52
-86.71,0.5,113.54
-68.12,34.96,75.64
-82.13,17.22,117.54
-46.33,38.62,25.12
-63.51,48.11,485.49
-74.63,7.85,193.28
-69.92,23.64,15.16
-88.44,0.5,500.0
-65.5,13.98,97.22
-47.5,21.98,61.2
-95.0,1.67,266.68
-79.28,8.6,100.49
-82.46,5.01,31.48
-59.89,58.64,30.85
-75.92,42.86,17.08
-83.37,15.57,39.18
-51.36,18.13,38.24
-81.89,3.6,336.13
-53.83,36.26,11.84
-63.34,57.8,37.44
-84.63,9.99,125.91
-63.72,22.14,13.67
-60.86,76.7,17.82
-47.81,46.82,11.04
-70.96,32.49,39.82
-75.75,25.9,38.47
-94.41,2.16,337.75
-69.01,66.45,16.27
-95.0,5.04,48.28
-93.61,2.42,500.0
-86.66,14.26,46.64
-81.45,14.75,73.23
-66.22,22.44,28.71
-63.32,54.11,31.45
-89.04,7.27,65.53
-54.78,19.78,239.79
-66.12,32.17,17.47
-38.96,189.75,4.51
-85.41,5.29,76.68
-62.14,14.52,74.37
-58.55,40.86,15.84
-94.19,3.58,108.63
-81.44,5.65,164.06
-61.57,16.21,98.53
-73.69,17.94,16.04
-42.38,26.7,155.72
-57.06,20.6,31.36
-93.59,2.31,45.7
-71.9,18.99,24.26
-41.63,43.86,20.41
-46.07,126.09,16.16
-77.05,4.92,98.1
-66.33,17.09,73.41
-75.0,11.46,57.18
-86.51,6.88,78.62
-67.94,102.69,20.94
-20.48,43.4,108.34
-70.62,14.04,28.46
-43.88,40.76,22.37
-92.97,7.07,147.67
-77.25,21.66,93.37
-76.79,11.47,100.48
-53.13,24.93,126.06
-57.18,68.03,46.43
-53.85,12.82,500.0
-80.11,12.2,26.29
-84.34,22.92,41.6
-76.79,12.96,31.58
-95.0,4.43,39.66
-88.98,0.5,500.0
-95.0,2.87,47.77
-25.35,46.63,151.05
-59.47,50.41,6.69
-89.6,5.04,99.88
-65.82,45.51,37.76
-81.33,18.87,34.97
-69.41,20.09,23.19
-40.75,35.72,21.36
-76.06,5.09,51.59
-59.22,17.09,39.33
-61.51,15.38,43.85
-72.33,13.13,54.87
-74.71,28.63,74.88
-79.59,12.51,39.49
-68.99,14.11,500.0
-45.13,25.62,484.17
-70.6,61.51,19.12
-69.5,75.4,20.97
-47.76,23.09,77.15
-77.05,9.65,500.0
-72.72,17.53,171.74
-78.15,4.33,77.48
-86.61,13.59,68.39
-66.43,42.31,14.7
-63.24,62.47,8.07
-79.17,30.1,16.26
-46.56,55.7,65.74
-64.87,24.2,19.69
-71.6,23.16,25.08
-66.37,38.7,487.88
-94.46,4.1,28.0
-82.43,17.49,42.32
-41.41,82.09,86.28
-93.03,0.5,44.75
-64.71,17.41,42.9
-84.83,11.56,247.94
-80.57,70.05,17.68
-63.62,42.67,10.03
-85.32,29.18,24.07
-63.73,24.48,14.32
-80.95,1.46,50.47
-54.88,97.67,18.89
-72.8,13.29,42.79
-75.9,10.37,60.81
-90.32,17.34,25.34
-87.59,12.25,29.4
-60.03,17.65,134.26
-57.71,25.49,178.24
-77.46,37.34,28.25
-73.92,13.3,25.54
-51.74,41.23,10.37
-61.98,20.25,35.43
-39.21,106.99,3.49
-73.95,12.68,22.1
-91.61,4.31,42.61
-70.38,5.54,500.0
-51.68,23.68,39.45
-87.11,2.93,45.09
-61.35,21.54,88.87
-78.75,8.01,47.21
-84.47,4.98,39.36
-63.24,25.73,15.15
-70.91,64.3,18.68
-95.0,2.27,266.15
-40.82,125.12,5.19
-61.56,37.97,8.35
-55.61,29.62,46.61
-80.36,38.32,16.01
-90.37,7.18,57.53
-69.07,28.55,84.65
-64.91,114.33,10.08
-27.27,47.94,42.34
-69.85,74.8,11.25
-93.36,5.29,114.41
-81.4,16.58,33.75
-38.99,141.37,13.72
-73.25,38.15,30.82
-95.0,2.35,36.85
-95.0,6.49,75.37
-66.76,46.34,35.95
-75.5,12.19,38.81
-77.4,116.73,11.75
-58.08,17.05,319.55
-49.11,84.68,35.55
-38.16,96.39,30.19
-52.18,53.84,7.19
-50.4,24.12,85.64
-75.92,10.85,134.84
-69.99,26.94,13.58
-74.71,4.13,90.22
-63.23,24.39,23.22
-71.46,32.64,191.17
-64.05,23.41,20.42
-95.0,6.29,36.02
-89.98,11.52,27.0
-70.76,22.37,49.87
-68.19,120.58,9.87
-79.47,46.54,19.24
-56.11,21.82,46.24
-65.51,15.36,500.0
-95.0,0.5,101.27
-68.3,18.48,78.69
-74.02,11.51,30.59
-84.33,5.19,52.89
-76.23,17.01,45.98
-78.04,6.2,22.86
-69.27,15.47,39.63
-64.95,44.33,61.88
-77.23,7.61,34.2
-66.97,21.79,31.12
-60.22,17.25,159.17
-79.08,25.02,50.67
-69.02,17.12,25.58
-95.0,0.5,82.57
-80.4,78.86,30.74
-93.39,0.5,71.64
-87.52,9.09,42.4
-53.76,61.73,56.75
-80.57,7.66,69.83
-68.64,14.7,41.27
-83.57,18.25,51.43
-74.63,22.01,26.45
-55.85,29.22,15.83
-50.84,60.11,129.55
-71.14,36.97,46.78
-79.06,23.15,106.44
-59.44,68.25,34.62
-63.43,34.33,12.2
-67.16,18.39,22.94
-74.28,51.66,17.32
-71.32,34.51,46.85
-66.09,18.73,25.94
-67.35,47.11,28.94
-66.89,37.58,103.69
-55.31,114.42,7.47
-70.48,22.28,30.5
-68.98,36.25,487.57
-71.46,40.07,37.45
-74.82,31.9,69.0
-95.0,0.5,127.06
-69.85,16.84,24.84
-53.86,37.11,17.58
-95.0,10.73,30.96
-93.38,4.57,198.26
-69.1,39.03,11.34
-79.41,4.23,122.93
-64.51,15.91,65.83
-72.06,5.02,43.61
-61.36,61.59,51.44
-94.25,8.7,41.43
-71.65,80.54,15.3
-67.58,95.51,7.77
-57.79,13.65,128.08
-76.7,23.27,500.0
-61.14,38.25,10.06
-95.0,11.76,28.92
-79.51,25.72,36.39
-89.46,8.26,85.55
-65.44,92.19,10.44
-84.07,15.86,30.91
-70.95,74.18,17.18
-73.32,49.97,26.09
-67.12,88.72,12.38
-78.13,16.66,70.52
-65.94,6.87,500.0
-73.87,10.84,83.3
-58.69,99.23,11.21
-36.94,23.37,245.79
-83.09,17.74,19.3
-73.75,14.3,23.37
-86.12,0.5,38.69
-71.84,33.97,114.52
-94.55,0.5,30.5
-87.94,2.81,27.55
-83.52,16.61,35.67
-46.29,79.46,1.65
-93.25,0.5,266.46
-95.0,1.96,27.55
-77.62,25.2,46.51
-55.82,36.55,108.17
-62.28,164.34,8.54
-90.72,0.65,210.53
-64.85,20.31,35.09
-66.36,31.57,14.31
-64.04,16.9,60.67
-50.01,31.59,23.62
-88.25,7.72,498.24
-95.0,2.55,50.03
-95.0,0.5,116.56
-86.29,3.75,339.34
-35.44,95.94,7.35
-74.65,25.65,242.65
-92.14,0.5,261.87
-63.48,24.62,17.35
-71.49,20.31,24.4
-72.69,16.12,32.75
-74.34,33.0,80.53
-66.47,35.7,94.08
-65.8,23.14,27.43
-52.71,30.92,91.68
-55.11,90.74,21.32
-75.92,119.2,10.04
-66.17,38.13,90.7
-74.96,24.33,57.63
-52.06,24.93,67.29
-66.09,18.82,38.82
-66.65,15.32,39.03
-60.56,74.16,28.25
-87.52,10.65,41.01
-95.0,0.5,500.0
-77.25,9.37,23.74
-74.96,7.24,500.0
-82.62,4.53,500.0
-92.97,5.71,53.66
-65.96,97.84,9.95
-65.37,23.52,18.9
-59.1,9.46,199.19
-77.29,7.01,34.07
-83.79,13.78,162.83
-75.91,20.6,28.77
-55.11,35.19,13.94
-45.08,39.66,14.71
-58.02,24.44,15.03
-58.36,19.22,42.37
-63.25,26.46,26.72
-64.49,38.58,11.12
-49.88,76.3,36.31
-69.45,37.54,29.83
-55.46,59.78,6.25
-60.34,13.42,500.0
-87.62,0.5,48.99
-69.18,9.6,45.21
-60.77,40.17,8.77
-87.06,24.52,24.31
-62.77,24.3,18.76
-92.8,3.85,41.14
-58.71,67.22,37.63
-42.46,39.32,35.81
-95.0,3.99,38.16
-47.6,81.23,127.01
-62.4,61.83,26.34
-69.74,40.83,67.41
-83.78,4.28,48.73
-84.93,5.03,331.3
-72.77,13.01,31.48
-61.32,88.12,11.82
-66.8,16.95,68.19
-86.02,12.7,17.7
-85.9,2.46,55.84
-85.48,4.74,38.25
-95.0,0.5,172.86
-79.63,19.25,326.52
-65.45,18.13,53.86
-79.94,45.2,15.61
-95.0,5.0,43.36
-39.7,44.42,24.61
-41.25,36.05,25.14
-75.65,28.86,37.26
-67.33,19.96,108.17
-41.67,30.1,188.39
-58.47,58.47,183.96
-55.8,174.9,5.29
-68.98,15.8,93.77
-25.99,51.74,35.43
-88.61,12.95,33.98
-72.62,21.81,149.91
-58.58,97.07,14.92
-74.9,9.37,45.84
-73.16,10.47,26.02
-50.12,67.61,48.64
-95.0,0.5,168.92
-71.23,8.54,92.34
-86.68,11.85,30.99
-92.72,6.39,41.66
-71.13,47.58,27.67
-95.0,0.59,61.53
-77.4,27.21,31.92
-79.96,27.82,53.89
-55.96,18.66,320.41
-75.96,10.14,500.0
-91.86,0.5,41.44
-79.35,23.6,15.88
-70.86,44.2,30.13
-47.83,41.92,18.01
-73.25,18.15,35.72
-86.7,16.4,46.63
-71.03,27.54,16.99
-77.18,38.52,13.1
-70.17,58.36,19.07
-71.69,55.66,8.58
-65.0,36.93,157.61
-61.71,21.91,64.45
-55.98,18.07,38.24
-64.04,19.38,238.29
-75.52,4.82,28.57
-80.45,28.63,34.89
-65.08,17.72,29.32
-84.27,7.84,49.11
-80.19,2.67,84.29
-91.26,2.15,114.74
-88.6,5.0,38.37
-73.55,33.32,19.05
-40.72,24.83,58.42
-57.4,89.74,16.95
-82.76,14.32,84.24
-52.87,22.78,126.18
-41.5,46.98,16.83
-57.8,27.25,24.82
-76.08,18.49,26.41
-59.33,62.16,10.95
-71.12,8.93,79.38
-43.95,43.96,14.01
-61.66,47.27,13.96
-57.93,68.73,25.28
-37.48,74.78,6.3
-40.06,235.18,3.24
-81.21,40.56,25.65
-69.43,10.52,42.5
-86.53,0.5,46.2
-59.3,27.37,27.28
-81.19,28.96,22.88
-71.68,13.41,38.66
-59.0,19.97,150.97
-77.33,6.78,70.09
-86.66,18.69,26.65
-84.69,15.76,47.67
-43.8,88.66,34.5
-80.24,25.25,75.77
-61.66,48.21,233.91
-78.59,11.33,44.94
-61.94,25.72,32.09
-94.03,0.58,31.97
-80.87,15.32,121.81
-80.38,8.26,37.01
-56.97,41.34,9.12
-51.09,36.93,21.61
-48.09,43.16,16.77
-69.97,26.56,13.63
-77.72,14.62,32.13
-82.41,20.27,35.19
-68.61,27.42,500.0
-95.0,1.14,36.5
-62.74,17.35,132.32
-51.01,23.83,500.0
-80.95,16.18,21.98
-61.09,64.66,42.76
-52.78,40.67,16.52
-81.48,11.19,29.77
-70.72,18.16,28.03
-55.7,25.12,34.31
-59.14,21.62,34.09
-40.21,21.78,64.46
-44.59,35.12,28.45
-56.3,21.2,500.0
-69.77,20.57,500.0
-69.82,12.21,31.86
-84.11,6.17,56.39
-68.33,69.94,11.57
-52.11,29.7,26.14
-67.78,18.54,32.06
-83.03,9.3,332.89
-61.39,14.79,33.06
-66.87,37.6,233.96
-75.45,28.09,66.8
-76.27,12.86,34.31
-90.98,3.95,104.49
-89.15,42.65,18.72
-74.76,9.06,500.0
-62.14,61.47,21.83
-76.4,8.87,191.3
-89.06,8.47,500.0
-85.15,4.4,86.72
-95.0,0.5,130.55
-85.2,14.1,49.01
-87.84,1.83,48.29
-91.0,5.72,105.83
-83.9,3.72,46.88
-67.08,54.82,23.9
-60.94,17.62,59.04
-84.55,8.68,126.32
-84.53,1.97,28.27
-84.78,75.05,17.36
-67.74,31.44,12.68
-64.2,24.7,48.44
-66.99,14.95,62.32
-70.76,34.32,40.0
-58.78,80.27,6.47
-66.03,21.53,17.31
-65.54,20.9,43.11
-84.42,20.19,46.97
-60.39,31.59,16.31
-48.5,24.39,71.08
-53.01,34.68,20.18
-77.09,57.73,11.57
-46.35,26.3,91.86
-94.84,5.45,44.13
-86.73,4.97,52.77
-66.25,31.86,16.98
-58.13,63.1,81.56
-83.07,32.01,26.12
-35.36,70.32,11.36
-71.35,12.15,25.97
-27.89,66.94,22.39
-78.55,28.11,17.04
-58.98,21.04,27.09
-75.35,27.14,13.45
-52.99,45.35,15.59
-75.86,20.92,78.58
-91.23,17.16,21.93
-76.25,37.55,28.9
-83.25,13.74,46.35
-65.68,17.37,57.42
-83.54,12.72,39.85
-70.63,14.14,66.48
-69.56,19.91,28.61
-88.0,3.73,138.48
-68.24,76.01,14.55
-31.42,61.16,14.18
-88.96,10.8,28.45
-64.88,16.05,81.47
-68.55,22.57,25.09
-78.13,31.54,31.28
-55.69,81.9,36.19
-35.96,42.21,22.92
-70.84,8.55,327.94
-56.74,43.63,9.67
-70.11,13.45,39.04
-65.5,26.89,14.43
-78.17,15.12,21.03
-75.57,11.58,35.66
-62.7,12.69,322.7
-38.04,57.79,13.59
-54.42,73.06,57.67
-80.22,35.06,21.5
-45.86,319.5,4.92
-72.78,42.64,32.06
-95.0,4.2,69.69
-67.3,16.95,24.1
-62.03,40.32,13.98
-74.04,13.42,103.72
-81.07,6.99,86.94
-65.36,12.33,500.0
-55.52,20.75,243.39
-78.62,33.52,24.71
-56.12,24.53,51.14
-62.07,56.33,182.55
-72.1,14.23,31.93
-74.85,47.96,11.1
-90.23,5.75,46.95
-77.88,11.17,29.92
-86.45,5.68,55.62
-71.76,4.75,62.71
-85.56,0.5,336.21
-95.0,2.6,110.33
-63.75,20.08,28.36
-57.48,58.89,314.75
-47.97,57.18,12.67
-66.48,35.47,61.86
-40.29,25.63,85.65
-95.0,0.5,268.83
-69.84,35.95,238.03
-83.94,17.2,49.05
-65.9,32.84,13.55
-95.0,11.56,27.87
-76.13,40.06,13.52
-50.1,24.53,113.31
-87.21,0.5,265.0
-81.35,12.17,32.59
-95.0,7.0,45.54
-50.09,26.5,34.54
-74.92,12.31,103.85
-72.04,62.59,18.02
-51.63,31.65,22.19
-67.12,40.12,236.75
-60.81,22.53,22.45
-80.26,8.57,32.31
-72.56,40.35,27.31
-47.8,44.23,9.79
-95.0,2.79,43.83
-81.67,9.68,500.0
-58.41,20.82,30.13
-67.07,40.02,68.44
-85.55,16.17,35.86
-46.8,45.59,10.81
-90.83,6.62,62.41
-44.2,41.1,15.54
-54.34,69.7,30.32
-70.33,45.85,27.56
-70.14,29.06,19.47
-52.93,28.52,500.0
-74.41,34.9,11.46
-67.15,22.66,20.84
-74.3,18.0,15.86
-84.6,3.38,48.43
-95.0,8.51,31.24
-72.38,65.48,18.42
-75.17,10.9,19.35
-95.0,1.85,78.04
-59.01,48.08,154.09
-67.8,17.03,37.71
-64.29,49.01,85.89
-81.32,15.34,80.3
-84.39,26.88,28.3
-95.0,3.68,500.0
-75.93,34.38,38.07
-65.17,19.2,60.16
-83.43,5.29,130.37
-71.79,7.74,500.0
-47.39,62.89,500.0
-48.97,24.01,149.89
-95.0,0.5,79.87
-92.71,4.53,151.04
-64.11,29.21,21.44
-73.5,25.47,18.71
-78.04,9.47,492.55
-72.41,3.81,500.0
-95.0,1.56,78.0
-79.44,6.64,119.14
-74.03,11.15,64.42
-66.65,11.13,102.34
-39.86,31.39,59.64
-36.22,26.42,321.3
-82.53,15.98,35.14
-90.17,0.97,63.27
-63.99,12.12,318.74
-71.01,44.78,25.83
-60.33,22.65,89.77
-67.86,26.31,19.85
-60.64,60.04,38.1
-84.9,7.84,95.98
-57.57,64.95,39.68
-72.29,8.47,500.0
-69.99,20.25,17.82
-83.29,18.37,45.75
-58.75,33.45,17.04
-65.59,50.07,76.69
-95.0,3.19,96.77
-53.18,89.86,4.29
-66.27,37.77,10.35
-95.0,0.5,52.47
-94.61,0.5,58.04
-72.34,38.15,90.32
-91.73,2.52,181.65
-49.19,54.64,13.69
-91.11,6.79,109.77
-55.59,61.46,5.2
-80.55,8.85,31.57
-68.48,17.8,57.85
-79.54,18.61,31.38
-59.13,21.71,39.05
-46.51,63.98,8.83
-75.35,104.15,13.04
-82.74,4.25,346.45
-47.2,21.93,99.05
-82.48,7.92,89.1
-85.1,10.64,337.09
-74.97,27.06,56.47
-76.07,4.09,82.05
-61.14,19.1,317.66
-87.18,4.54,140.61
-95.0,2.6,64.6
-90.87,6.62,495.34
-94.59,0.5,500.0
-54.93,111.17,14.54
-56.85,35.04,17.66
-66.3,12.77,67.95
-88.37,3.83,33.83
-78.36,9.99,159.67
-63.62,100.03,9.07
-92.89,6.74,31.24
-65.68,48.99,85.45
-80.62,1.07,192.03
-73.9,49.44,23.31
-81.46,42.86,22.03
-73.12,23.07,19.58
-95.0,0.71,147.53
-77.29,7.18,28.92
-87.44,13.76,28.86
-90.96,9.32,132.94
-72.38,22.05,13.95
-70.24,24.64,17.94
-77.52,10.39,47.65
-88.99,15.89,22.62
-75.92,24.48,16.7
-82.91,18.31,83.38
-38.66,25.19,39.73
-48.27,110.49,8.9
-84.78,2.44,29.41
-59.06,38.94,12.62
-81.56,25.07,29.94
-53.94,32.36,17.27
-85.69,2.81,124.97
-66.53,91.24,10.56
-95.0,3.56,49.87
-67.37,39.79,321.22
-71.89,14.95,35.8
-62.96,66.8,24.03
-74.9,6.71,63.46
-64.1,11.41,240.82
-80.16,24.15,36.57
-95.0,5.3,53.09
-77.96,11.18,21.76
-75.91,53.35,14.45
-74.6,11.78,35.63
-71.13,160.46,7.56
-79.39,11.23,32.61
-88.53,6.3,142.02
-76.56,6.78,68.09
-89.11,11.54,29.87
-44.02,27.61,80.23
-76.23,23.08,139.87
-72.04,32.75,500.0
-95.0,5.25,72.86
-73.47,40.36,23.5
-64.77,35.88,17.96
-77.3,37.72,18.45
-87.53,5.77,334.84
-84.47,13.42,33.74
-95.0,3.95,28.48
-55.78,21.26,66.15
-52.6,72.29,65.09
-76.14,12.55,63.07
-59.57,53.09,9.26
-84.9,25.06,25.3
-74.82,43.26,25.03
-67.57,119.02,13.16
-84.12,1.92,500.0
-77.58,44.46,19.51
-91.1,1.51,347.89
-72.32,26.72,17.36
-72.7,15.18,36.68
-75.93,46.35,16.05
-86.83,0.77,79.73
-90.11,3.07,77.16
-65.7,16.09,41.53
-69.94,11.27,129.17
-95.0,4.66,59.24
-66.09,10.26,500.0
-70.5,32.88,134.08
-85.88,0.5,261.4
-62.9,43.77,101.04
-79.38,9.36,500.0
-89.36,5.29,36.33
-83.31,12.44,17.55
-71.31,15.77,500.0
-78.64,6.13,329.48
-64.21,17.93,45.91
-68.81,15.53,53.97
-67.23,8.15,193.51
-93.54,0.81,45.8
-58.57,38.11,14.69
-84.61,4.83,129.0
-86.72,8.84,98.0
-71.24,10.27,59.3
-72.43,12.92,33.54
-79.94,22.01,82.41
-61.72,35.84,7.97
-84.31,8.49,28.12
-95.0,0.5,67.28
-52.54,65.73,38.88
-81.06,2.63,174.1
-80.65,25.91,26.13
-62.11,20.4,491.69
-70.17,16.56,20.96
-72.9,30.38,134.41
-74.85,2.13,94.0
-56.91,26.95,39.17
-68.68,40.36,487.3
-42.83,53.56,14.52
-72.02,41.12,59.03
-72.19,43.51,27.29
-75.98,34.68,27.43
-72.14,9.0,334.06
-95.0,6.61,500.0
-66.78,17.88,30.23
-73.53,21.65,25.25
-66.16,73.18,9.48
-95.0,2.73,56.52
-71.23,13.67,63.91
-83.73,3.59,53.56
-76.06,26.46,38.77
-67.73,8.6,58.87
-94.51,0.65,127.36
-56.17,62.28,231.77
-57.57,19.37,40.13
-93.35,3.36,201.7
-70.1,41.11,44.06
-73.53,29.19,325.12
-77.87,68.42,17.7
-94.0,0.5,54.13
-75.99,6.75,87.3
-76.1,29.04,54.95
-68.63,48.27,30.09
-95.0,3.04,42.72
-60.77,18.32,105.09
-67.18,56.96,29.79
-70.4,34.24,162.72
-59.65,19.33,60.35
-35.39,89.85,480.76
-82.38,20.72,43.19
-78.41,10.69,32.34
-61.06,15.45,130.81
-59.51,21.28,86.02
-63.4,24.26,53.02
-83.37,36.36,19.39
-77.05,45.19,16.52
-73.01,13.82,51.59
-73.8,14.72,19.49
-80.17,24.1,45.12
-78.02,13.28,29.65
-67.94,47.46,236.3
-72.82,49.29,21.65
-63.66,22.97,21.71
-70.97,36.78,238.81
-64.51,15.54,57.45
-44.77,137.87,4.26
-47.25,176.75,7.85
-85.6,6.32,335.37
-82.42,0.55,43.25
-47.34,184.35,6.66
-39.48,150.16,15.55
-82.53,8.71,52.67
-92.4,9.35,30.08
-77.76,10.8,68.23
-64.11,19.45,26.1
-75.79,23.64,136.85
-36.79,55.19,13.33
-73.65,40.07,41.46
-25.95,42.2,39.64
-76.34,12.64,55.83
-89.28,2.4,51.84
-80.97,20.99,47.25
-65.83,97.46,23.2
-94.91,1.83,126.96
-64.38,43.86,9.57
-67.17,67.94,22.46
-51.65,38.15,17.58
-77.71,19.96,494.23
-40.05,92.33,106.6
-95.0,5.15,68.71
-55.12,42.44,76.52
-39.41,57.27,14.24
-64.63,43.62,500.0
-64.34,31.23,13.31
-82.19,26.19,23.36
-66.34,58.1,24.22
-41.48,34.22,82.39
-56.61,22.39,30.11
-58.26,37.14,14.67
-95.0,2.55,24.44
-73.78,29.41,86.63
-95.0,1.96,61.55
-48.98,31.72,26.47
-95.0,0.5,28.51
-61.49,18.44,82.76
-74.3,15.01,22.35
-60.66,18.11,79.0
-78.61,28.18,31.58
-88.78,10.12,37.3
-85.99,3.26,41.1
-67.15,20.61,26.56
-50.08,73.98,4.48
-77.59,40.56,23.88
-49.36,32.24,29.49
-53.11,98.71,14.16
-51.69,63.69,97.7
-66.41,38.51,81.64
-55.8,14.33,127.25
-40.91,46.6,20.0
-95.0,6.98,42.36
-57.85,79.51,19.65
-80.87,15.01,93.4
-88.25,11.67,40.34
-74.79,15.61,60.8
-71.98,8.89,336.21
-52.6,22.5,32.15
-85.68,7.69,59.9
-36.05,122.64,23.15
-67.32,14.73,40.77
-65.98,79.19,13.19
-76.4,56.32,18.16
-63.95,74.13,21.98
-95.0,9.48,26.63
-77.89,5.1,50.89
-69.78,22.59,173.77
-52.52,19.23,72.78
-79.9,9.99,52.26
-73.19,37.33,51.73
-54.64,17.55,141.9
-75.54,5.17,238.03
-89.62,16.74,29.35
-81.35,37.38,18.1
-56.53,36.58,500.0
-89.96,9.32,42.33
-64.15,14.32,114.98
-55.99,114.83,8.85
-64.52,14.76,99.5
-87.0,17.85,27.42
-65.18,22.92,17.51
-80.15,5.99,24.06
-78.65,13.64,25.39
-71.8,73.79,14.92
-95.0,1.71,101.64
-81.16,27.78,25.78
-67.55,23.36,14.09
-65.18,17.27,49.91
-85.8,14.67,41.56
-73.27,19.81,93.45
-66.52,47.6,49.71
-72.17,11.18,500.0
-75.95,31.25,33.62
-70.12,12.67,77.5
-67.12,17.0,31.2
-95.0,2.65,29.81
-67.86,11.49,321.97
-79.78,10.89,34.63
-55.85,24.05,60.61
-83.74,11.16,95.97
-60.22,22.53,45.83
-74.01,17.46,500.0
-39.17,19.97,250.79
-71.41,23.43,500.0
-77.86,2.86,329.11
-74.24,88.8,12.29
-49.62,243.27,8.55
-87.08,10.78,34.66
-79.21,18.03,33.57
-71.37,15.44,155.58
-56.67,15.67,58.38
-70.1,21.83,19.2
-76.24,11.84,21.13
-63.98,24.8,20.2
-48.95,35.9,22.42
-60.74,54.06,8.69
-95.0,12.11,34.68
-67.97,12.37,98.76
-69.07,90.46,6.44
-56.42,26.4,28.45
-69.55,15.02,40.91
-73.51,8.1,77.69
-68.26,16.72,59.52
-87.77,9.23,32.38
-77.3,22.7,56.32
-87.94,1.13,500.0
-82.37,5.24,46.86
-76.78,11.4,30.55
-65.06,16.49,70.08
-95.0,5.36,92.49
-40.37,275.9,3.49
-92.22,0.5,72.17
-60.82,77.76,14.54
-92.34,10.98,41.4
-71.84,10.44,25.31
-56.44,63.4,25.21
-85.73,5.14,135.29
-94.2,2.5,47.09
-95.0,4.61,500.0
-69.64,12.38,35.76
-61.05,73.25,20.36
-67.14,41.81,14.14
-66.37,10.49,118.95
-64.93,49.58,7.61
-78.74,25.43,26.92
-65.88,35.94,116.87
-77.66,3.34,172.58
-76.75,7.87,37.74
-94.59,1.15,25.72
-68.95,19.38,321.66
-75.49,25.38,69.65
-95.0,5.38,37.26
-53.59,26.46,35.0
-69.52,38.98,41.26
-53.32,43.2,11.75
-79.87,11.4,40.54
-57.71,26.48,44.1
-94.16,6.88,55.22
-74.89,27.55,44.71
-41.66,29.87,60.38
-91.37,3.5,54.55
-78.94,9.82,106.58
-73.38,126.38,16.46
-77.01,7.71,36.72
-74.45,56.88,19.24
-85.85,0.5,92.89
-76.25,3.2,108.29
-72.72,13.6,36.15
-70.8,7.5,78.8
-78.38,29.05,25.28
-67.18,16.11,78.58
-47.87,29.46,500.0
-73.97,13.53,23.5
-95.0,5.33,41.39
-81.32,32.74,18.6
-59.77,9.24,62.51
-76.41,13.36,25.61
-79.84,7.78,25.95
-76.17,30.96,34.21
-80.84,14.36,24.59
-95.0,1.91,114.82
-76.28,41.14,30.6
-65.66,54.85,8.89
-35.29,104.93,36.78
-43.18,26.5,52.29
-57.16,27.0,23.38
-87.64,3.03,46.77
-71.28,16.1,82.69
-59.64,34.62,12.1
-68.1,54.27,28.12
-79.96,6.37,61.69
-83.52,18.99,250.42
-78.76,7.96,109.08
-77.31,43.75,18.66
-58.62,29.54,18.76
-80.53,8.05,33.19
-62.47,17.51,316.9
-78.6,20.02,116.72
-57.63,140.27,1.25
-80.11,6.14,24.25
-51.68,42.81,16.92
-64.34,15.26,484.0
-87.1,12.47,27.41
-78.5,71.44,17.87
-49.0,26.67,107.47
-67.19,25.25,15.84
-76.17,25.61,77.13
-73.25,11.19,500.0
-65.57,18.56,78.77
-95.0,7.43,31.16
-95.0,4.97,42.21
-42.35,30.85,181.23
-40.61,32.48,148.72
-59.17,77.18,24.89
-77.57,13.77,37.07
-71.02,16.68,56.53
-65.09,29.02,14.44
-73.07,22.84,169.6
-43.04,198.24,1.87
-75.09,16.73,21.93
-87.8,3.82,84.69
-63.61,33.96,10.99
-56.64,22.18,33.07
-68.5,12.03,500.0
-92.29,5.63,48.9
-71.28,40.14,101.06
-72.18,11.74,37.47
-81.68,28.79,22.75
-72.31,12.93,136.53
-69.41,12.6,42.66
-53.43,25.57,316.25
-72.7,61.29,22.06
-72.53,17.3,62.89
-58.89,77.4,15.57
-63.79,49.33,10.45
-60.52,20.4,24.94
-67.15,22.41,45.77
-36.61,91.99,109.9
-76.07,9.35,102.18
-59.28,10.98,165.06
-88.32,7.04,28.37
-76.29,27.49,75.49
-60.5,38.4,19.46
-81.56,6.11,30.3
-72.4,77.02,11.32
-84.25,8.73,139.71
-77.46,11.3,500.0
-74.58,20.99,26.8
-59.68,124.34,6.0
-69.91,22.06,21.42
-84.96,3.26,41.39
-69.2,12.18,53.48
-40.45,39.89,35.13
-59.84,25.16,30.55
-85.54,2.78,33.67
-37.47,374.49,3.96
-63.92,31.88,13.71
-81.39,9.53,35.21
-77.16,7.65,54.43
-64.57,57.84,7.01
-61.96,90.58,12.95
-95.0,7.24,38.25
-74.73,36.71,31.72
-60.23,56.8,110.97
-77.31,12.88,65.09
-76.18,18.35,73.8
-61.24,72.38,22.41
-84.28,8.95,29.01
-31.69,140.7,31.29
-76.0,28.2,40.84
-80.57,10.22,116.01
-77.11,8.59,37.11
-60.53,14.47,331.16
-74.97,13.8,75.5
-77.02,12.74,25.4
-87.37,13.97,47.28
-49.91,22.57,317.85
-90.27,10.81,23.55
-63.64,17.28,96.83
-72.92,45.71,22.55
-72.94,14.83,52.21
-88.38,2.47,36.67
-73.71,7.29,45.69
-66.27,12.77,195.08
-89.56,5.54,33.52
-61.18,38.88,11.96
-84.56,11.02,33.42
-95.0,1.25,106.66
-87.55,10.74,71.65
-73.46,19.35,500.0
-73.24,43.43,12.93
-95.0,6.26,65.74
-75.56,7.18,43.32
-69.88,12.39,100.17
-71.54,9.78,104.41
-78.44,14.08,89.01
-73.32,22.74,116.99
-57.46,91.05,23.05
-82.16,4.95,36.71
-63.73,69.74,12.43
-60.63,122.21,10.47
-62.25,8.99,51.72
-95.0,1.99,58.36
-75.84,40.12,19.94
-83.0,14.95,55.07
-67.17,20.0,27.05
-74.07,13.29,321.87
-81.48,28.25,25.32
-76.91,4.4,500.0
-75.18,33.32,32.62
-67.25,9.21,193.15
-74.2,23.14,87.19
-92.4,0.63,67.8
-80.22,15.83,245.31
-46.74,150.46,11.16
-84.14,7.94,37.12
-74.33,22.14,29.49
-69.16,36.45,500.0
-48.4,25.41,108.59
-74.25,52.97,18.84
-77.01,9.91,33.29
-62.7,6.57,125.25
-61.13,16.87,182.44
-77.75,62.81,13.18
-27.12,41.27,232.51
-63.11,46.0,58.16
-76.89,36.19,32.63
-30.92,105.9,45.16
-66.49,16.58,32.95
-63.59,16.52,59.88
-76.95,10.9,34.66
-63.84,57.32,6.71
-91.16,6.03,212.02
-20.27,45.61,56.9
-68.61,117.35,8.65
-68.07,39.47,500.0
-66.28,39.37,17.6
-93.42,11.02,26.64
-49.52,90.54,37.18
-86.74,21.08,22.81
-70.3,8.4,113.85
-72.36,17.95,33.3
-62.01,86.22,5.92
-64.07,64.9,7.55
-65.61,83.48,12.65
-83.57,2.24,336.5
-72.27,72.76,17.73
-68.55,114.09,13.61
-65.43,11.53,151.6
-71.52,16.2,26.53
-64.11,16.72,52.97
-90.82,2.78,70.2
-52.98,157.9,6.63
-55.12,109.43,8.02
-68.52,16.4,193.14
-84.33,8.87,139.53
-89.36,0.5,66.75
-64.67,17.42,100.26
-54.65,56.48,36.74
-72.13,152.36,12.76
-85.18,3.05,32.23
-90.57,16.01,21.48
-61.39,64.07,37.18
-94.8,0.5,41.53
-68.25,12.39,53.03
-67.16,41.37,53.19
-52.69,32.94,27.54
-87.15,10.08,30.12
-68.54,47.91,60.32
-81.05,5.75,46.98
-73.39,9.62,62.91
-78.98,37.16,15.44
-40.79,69.97,10.73
-73.09,24.58,14.17
-95.0,0.5,30.74
-82.11,29.67,21.86
-68.82,254.42,9.47
-62.59,68.96,20.95
-78.91,40.17,21.41
-69.81,15.31,17.21
-56.51,108.6,7.7
-53.3,29.32,27.39
-64.99,15.05,132.13
-69.11,43.05,100.1
-53.98,26.76,29.77
-90.93,2.07,500.0
-80.89,11.55,43.79
-58.38,36.41,5.67
-66.7,15.97,59.24
-68.87,101.14,12.88
-87.09,5.54,55.13
-49.9,82.74,83.8
-95.0,0.5,127.0
-77.83,34.94,25.16
-85.21,5.18,21.92
-52.83,24.16,50.6
-90.15,16.83,25.16
-68.98,33.98,163.7
-74.47,33.1,30.68
-72.47,17.6,25.79
-72.81,44.39,27.24
-95.0,1.23,177.97
-68.9,35.52,16.69
-82.47,3.18,69.44
-29.58,72.38,21.15
-69.56,18.33,500.0
-63.42,20.89,39.75
-81.28,11.07,26.79
-73.56,19.59,235.8
-88.54,16.92,20.91
-95.0,4.42,500.0
-70.94,50.78,27.65
-81.02,10.05,108.26
-73.12,7.53,36.36
-73.39,17.8,16.25
-63.28,28.51,20.14
-83.6,6.95,56.32
-91.2,1.82,75.0
-89.38,0.5,99.16
-74.98,20.7,19.99
-95.0,6.51,29.14
-43.16,28.96,33.38
-75.69,79.54,26.52
-66.8,24.89,21.93
-68.63,11.4,62.15
-82.76,16.04,28.46
-63.3,14.65,39.78
-91.52,7.05,23.46
-59.64,18.98,29.62
-65.11,13.21,62.89
-63.01,16.78,127.05
-81.77,8.6,39.55
-42.99,69.93,49.42
-78.22,22.54,72.83
-72.33,4.41,118.46
-60.37,21.19,31.62
-95.0,2.98,40.21
-82.33,22.52,32.0
-95.0,0.72,71.51
-70.8,74.51,7.17
-81.3,19.02,500.0
-58.34,56.69,47.82
-73.48,25.2,16.9
-80.39,21.16,64.7
-95.0,4.97,36.39
-62.14,27.48,19.63
-58.66,20.26,40.77
-83.79,6.38,37.53
-73.0,17.89,16.32
-29.07,80.46,10.74
-94.55,3.3,24.19
-80.13,12.79,60.13
-88.96,27.11,35.17
-95.0,4.81,499.97
-93.6,6.09,26.76
-71.21,13.24,30.51
-79.73,4.88,44.1
-72.45,28.1,96.21
-77.59,7.55,69.69
-80.87,9.47,34.7
-63.7,16.53,487.0
-73.16,11.11,66.17
-64.77,18.32,86.48
-60.6,18.98,35.1
-56.66,98.59,4.98
-47.58,77.53,184.39
-73.19,12.92,26.75
-82.38,0.62,57.15
-82.83,15.41,126.09
-50.02,30.26,314.76
-42.01,23.09,30.64
-78.34,32.6,44.4
-56.88,44.2,5.48
-76.47,10.35,40.64
-66.06,119.03,8.9
-67.86,96.22,11.26
-77.18,13.88,24.05
-56.07,20.63,53.33
-54.16,89.11,17.41
-46.79,82.7,187.17
-74.58,31.45,58.09
-75.64,13.87,19.79
-66.47,46.12,13.16
-63.63,24.99,126.25
-72.69,11.09,490.79
-53.24,94.28,18.67
-92.06,0.5,40.34
-71.68,22.79,31.25
-79.31,7.72,21.24
-21.11,139.64,29.08
-95.0,3.61,79.31
-58.72,43.45,51.25
-48.5,34.7,20.03
-66.4,19.82,59.04
-65.09,11.52,187.74
-73.69,31.0,132.23
-81.84,8.12,81.76
-56.52,69.05,30.59
-45.59,86.4,15.4
-63.14,26.3,16.39
-79.36,57.18,14.38
-80.82,17.11,20.56
-77.08,7.03,46.53
-80.11,16.67,54.41
-91.37,3.23,144.31
-75.36,8.22,66.56
-76.36,7.8,37.14
-63.78,21.66,21.63
-91.66,6.0,27.59
-67.52,35.29,131.65
-83.4,12.91,30.11
-95.0,9.34,34.92
-59.41,46.01,8.03
-94.51,2.92,110.94
-20.0,179.62,21.15
-49.58,54.26,53.43
-57.67,37.27,18.62
-74.04,42.71,29.11
-79.21,6.12,47.76
-87.53,2.04,247.04
-57.13,184.42,4.42
-69.48,57.74,22.55
-58.53,36.12,9.42
-56.97,20.52,233.41
-70.76,37.19,56.4
-48.19,88.33,24.33
-68.55,15.82,25.28
-55.42,26.14,49.31
-77.79,13.64,23.38
-71.09,45.94,13.8
-52.63,81.03,4.48
-83.3,17.39,76.94
-86.31,62.15,16.48
-94.98,2.29,78.1
-85.0,0.5,36.08
-95.0,3.82,346.88
-59.91,25.01,43.98
-60.96,22.27,54.35
-86.78,6.76,31.71
-69.77,42.19,50.76
-73.33,17.91,18.42
-79.58,18.26,24.35
-81.25,39.33,19.02
-83.72,47.66,15.78
-70.83,42.02,10.92
-57.03,22.2,315.17
-44.87,69.56,187.25
-59.97,15.0,59.35
-95.0,3.84,38.15
-92.46,3.39,124.63
-91.46,7.87,41.09
-56.06,54.16,8.17
-78.81,7.69,40.71
-71.52,7.01,93.76
-75.74,42.23,27.53
-95.0,6.9,22.82
-64.45,59.46,31.9
-66.14,17.21,489.69
-45.12,31.38,185.31
-78.41,11.21,19.58
-95.0,7.22,111.68
-74.6,16.02,22.12
-92.32,2.18,38.97
-86.09,9.72,65.25
-53.09,20.17,129.4
-46.8,30.87,36.14
-64.7,39.2,62.55
-73.77,22.39,175.9
-54.41,23.55,22.78
-67.35,15.6,28.81
-67.88,13.98,45.89
-53.68,29.2,32.48
-41.88,50.3,11.69
-74.65,27.67,56.53
-77.6,6.78,36.2
-69.3,25.96,16.64
-62.61,20.8,22.35
-60.09,16.26,113.32
-64.53,12.78,29.17
-54.73,51.93,6.97
-80.45,12.78,201.39
-85.73,6.4,500.0
-32.38,242.37,12.35
-71.79,15.14,28.31
-60.51,43.87,4.51
-81.73,39.33,33.3
-89.05,9.14,196.7
-60.31,30.0,9.34
-63.68,12.88,132.59
-58.6,30.4,21.25
-95.0,4.29,53.78
-69.57,48.57,46.51
-92.94,0.5,111.43
-65.62,32.11,12.9
-61.5,57.99,23.3
-66.4,16.19,500.0
-76.41,24.57,324.72
-63.11,19.25,74.44
-53.86,50.97,6.19
-63.43,25.8,26.61
-72.62,15.08,31.95
-74.41,33.02,32.8
-47.34,30.78,91.85
-64.93,72.93,7.11
-74.63,62.05,18.21
-30.22,188.51,9.66
-81.05,18.49,494.68
-91.44,3.35,53.57
-65.28,45.29,185.38
-72.48,8.77,192.91
-76.15,24.59,43.07
-79.1,16.72,248.17
-76.44,16.13,76.26
-90.51,7.2,33.22
-49.98,25.47,129.17
-69.78,15.94,51.63
-95.0,1.82,40.11
-75.54,14.78,56.71
-74.44,43.07,22.73
-78.11,15.02,18.7
-39.82,40.61,47.55
-72.41,29.94,94.38
-78.97,11.62,89.13
-72.07,11.34,132.34
-79.09,6.7,41.49
-56.04,27.71,18.22
-59.11,20.37,93.61
-78.27,35.69,17.18
-65.98,22.2,32.54
-81.76,20.38,120.6
-91.17,7.87,22.64
-48.69,231.66,16.34
-74.05,22.33,500.0
-54.28,68.06,56.05
-91.95,0.5,500.0
-80.72,4.96,135.44
-74.42,12.15,81.71
-67.94,54.62,12.71
-70.0,40.29,11.74
-66.53,12.45,486.71
-95.0,0.54,47.17
-62.36,65.15,17.34
-57.75,58.96,7.24
-94.95,1.99,21.88
-74.88,64.91,17.93
-78.25,25.69,46.09
-49.65,34.49,20.92
-80.69,19.76,37.81
-76.65,22.92,41.71
-91.88,7.52,52.93
-84.58,33.29,21.65
-61.69,30.94,13.15
-84.96,2.66,122.3
-55.46,65.51,33.43
-86.39,17.1,33.84
-71.26,11.18,36.53
-78.75,10.94,23.82
-89.87,9.04,74.0
-81.26,30.41,21.41
-89.94,6.53,46.25
-61.25,17.07,53.02
-77.54,24.02,82.11
-68.94,19.84,25.09
-92.25,8.24,39.46
-39.13,203.05,7.59
-78.11,5.15,44.6
-64.87,49.61,38.5
-80.15,9.61,500.0
-63.18,57.67,31.81
-84.22,3.31,34.35
-72.3,11.01,103.82
-56.39,26.31,46.54
-69.38,51.97,23.26
-59.07,129.54,10.19
-66.04,15.6,52.53
-87.23,7.3,37.87
-93.36,2.84,26.89
-85.78,15.9,28.7
-86.3,0.5,72.34
-74.66,32.85,43.7
-45.09,125.67,17.4
-70.7,7.1,154.64
-78.7,57.86,18.29
-72.24,29.83,12.31
-79.9,20.92,244.06
-90.58,5.1,47.92
-71.06,8.03,146.25
-73.28,56.03,18.21
-86.73,11.59,37.26
-74.8,187.38,12.2
-82.78,1.69,500.0
-58.92,54.64,83.2
-79.75,16.54,17.1
-59.29,26.21,25.22
-75.46,46.62,14.42
-95.0,0.5,30.63
-95.0,5.84,48.39
-79.29,12.93,23.96
-52.96,38.11,14.23
-63.34,92.74,8.15
-53.13,32.47,16.76
-90.59,4.17,205.81
-78.62,8.6,27.77
-62.77,115.44,9.11
-77.5,87.27,17.72
-63.01,31.11,140.09
-72.45,10.05,41.86
-84.07,20.73,52.52
-78.73,8.8,500.0
-62.57,167.29,8.65
-94.79,1.41,201.18
-59.8,19.11,36.68
-59.78,26.89,30.19
-66.34,11.35,64.77
-92.37,21.07,20.49
-57.19,22.21,24.77
-75.63,39.26,32.43
-90.74,15.34,24.68
-95.0,2.38,335.64
-74.69,10.2,48.51
-65.53,26.06,12.07
-79.2,23.38,31.56
-68.55,51.22,25.04
-58.59,43.62,7.03
-81.02,10.16,24.95
-63.81,51.27,44.33
-95.0,2.86,146.08
-75.71,26.57,21.01
-43.24,31.85,57.92
-62.83,153.67,7.99
-64.0,50.74,27.02
-46.46,81.76,128.87
-72.08,14.26,20.73
-70.37,17.66,30.02
-75.0,37.0,24.78
-72.53,12.44,27.07
-44.22,30.87,66.78
-65.7,20.22,30.72
-72.14,102.01,13.89
-71.97,16.38,53.84
-65.83,7.95,77.4
-94.99,3.88,72.37
-64.85,9.71,60.71
-81.19,15.45,64.55
-60.15,96.56,15.43
-56.3,30.43,24.08
-85.56,10.95,248.63
-74.73,21.88,34.33
-75.55,48.29,20.12
-67.1,11.64,100.52
-61.44,16.05,234.57
-64.65,315.23,5.35
-74.38,12.39,81.83
-60.28,88.72,14.59
-79.32,9.61,24.25
-95.0,0.5,43.49
-67.36,24.41,15.78
-57.63,167.32,4.45
-54.16,39.01,12.37
-95.0,1.59,500.0
-79.19,22.67,15.5
-57.44,25.47,19.74
-86.81,4.43,82.79
-49.39,25.2,476.56
-57.52,30.97,17.4
-84.61,16.48,47.6
-69.5,10.98,48.91
-65.43,54.72,42.26
-69.67,80.27,19.39
-60.67,88.2,13.78
-93.33,2.61,29.77
-67.87,99.87,12.18
-93.15,2.01,500.0
-26.41,199.49,12.43
-79.36,31.52,24.0
-88.83,7.52,38.26
-57.61,22.83,43.95
-70.83,13.35,71.88
-69.4,15.44,48.12
-55.17,23.17,39.48
-49.17,33.7,28.32
-69.15,8.29,34.17
-82.03,14.85,65.58
-76.72,9.57,33.67
-59.57,24.92,107.06
-83.24,0.61,123.35
-68.23,16.96,500.0
-72.25,36.81,61.87
-95.0,1.98,500.0
-67.08,7.7,321.37
-94.66,4.31,500.0
-53.7,38.16,16.35
-76.94,24.34,97.3
-70.24,20.33,13.26
-82.74,8.5,77.78
-68.1,11.96,90.6
-84.14,7.32,27.15
-64.34,15.57,500.0
-72.88,33.21,55.06
-74.27,13.48,21.82
-20.0,133.34,6.95
-68.04,34.68,18.34
-77.42,19.38,17.1
-43.77,53.05,13.21
-95.0,1.34,500.0
-95.0,7.67,35.36
-57.55,24.07,23.91
-58.64,24.56,25.33
-81.07,1.35,63.08
-68.6,18.91,21.81
-64.62,25.16,18.48
-82.32,24.97,31.14
-64.82,45.7,233.52
-79.44,24.74,30.64
-83.22,12.28,100.92
-68.45,13.29,488.35
-65.02,22.31,319.24
-82.54,28.43,18.59
-70.04,39.06,28.93
-78.41,8.68,27.47
-43.44,218.58,9.73
-82.14,11.65,29.59
-75.05,49.81,30.72
-87.95,12.3,30.59
-62.69,20.8,32.53
-83.81,0.5,40.48
-68.54,123.93,11.03
-38.46,68.89,8.43
-95.0,12.88,24.45
-73.25,17.61,15.64
-51.75,122.25,17.33
-64.9,38.04,188.32
-72.82,16.22,38.63
-53.78,38.19,11.9
-83.03,6.21,78.21
-74.47,69.71,18.81
-29.16,102.48,87.93
-85.26,12.06,31.66
-71.94,14.05,25.67
-61.29,16.57,50.21
-72.94,24.88,41.23
-79.1,11.36,41.44
-71.57,26.58,17.98
-54.22,125.83,10.44
-88.03,3.83,85.28
-50.88,72.75,485.82
-84.33,9.45,500.0
-82.85,7.07,56.13
-78.05,6.21,104.83
-65.17,64.79,13.1
-72.44,17.2,24.28
-89.15,0.5,49.78
-75.12,13.14,27.09
-74.12,14.96,29.02
-88.32,4.9,76.55
-65.99,12.61,49.18
-71.52,67.78,16.66
-68.58,38.95,46.88
-63.47,47.71,156.36
-77.42,6.51,45.44
-52.73,72.08,181.09
-83.88,30.78,19.67
-87.45,13.01,28.06
-66.26,11.98,500.0
-58.61,142.59,8.78
-71.75,9.21,339.69
-93.89,5.27,54.14
-81.53,8.92,74.59
-61.96,55.68,68.19
-62.3,18.89,18.78
-63.14,20.74,43.56
-70.58,12.74,22.31
-69.52,24.29,26.28
-73.24,26.11,113.89
-70.19,17.42,29.41
-49.42,166.4,6.06
-78.91,17.16,19.71
-81.36,26.24,49.33
-63.83,17.25,43.69
-63.33,55.92,44.07
-88.78,11.1,34.57
-65.18,101.01,8.74
-80.46,40.63,19.44
-38.12,43.22,24.92
-47.66,50.77,10.68
-56.73,35.46,17.89
-73.26,26.93,47.67
-89.73,13.76,38.28
-87.04,9.53,40.8
-80.84,5.78,77.64
-63.35,17.61,185.01
-95.0,0.59,144.63
-53.71,23.06,232.31
-95.0,6.28,90.85
-70.17,36.78,23.8
-81.13,7.96,27.89
-73.89,10.76,42.12
-81.35,2.64,138.5
-72.6,26.23,14.51
-62.21,33.93,74.99
-65.79,49.17,111.6
-74.87,25.5,54.69
-86.46,3.59,139.04
-59.8,119.29,8.81
-84.64,8.93,24.35
-81.45,50.1,13.02
-67.79,35.84,47.09
-95.0,0.5,84.48
-62.48,144.54,11.18
-91.35,6.18,39.67
-89.56,2.92,38.63
-81.3,9.6,24.42
-65.4,22.49,48.01
-92.19,0.5,56.47
-75.26,12.68,50.68
-82.31,6.5,54.58
-68.19,9.68,159.61
-81.72,9.45,32.81
-67.59,43.75,237.54
-70.46,241.85,10.15
-94.67,12.82,29.43
-67.25,58.68,12.01
-50.43,28.0,61.76
-74.33,24.95,15.8
-68.42,29.9,58.64
-80.51,25.59,27.98
-53.15,72.63,44.04
-46.48,90.03,34.21
-93.36,0.5,56.73
-76.92,35.95,23.43
-88.44,7.3,140.62
-73.5,17.74,22.77
-79.79,5.59,500.0
-82.72,6.4,114.29
-62.28,17.82,84.28
-28.69,39.57,47.58
-81.56,14.46,178.95
-61.54,51.27,42.48
-81.64,4.96,500.0
-48.7,68.48,7.89
-69.28,57.57,21.96
-92.25,4.9,125.42
-74.14,18.6,99.64
-61.58,24.41,29.47
-82.82,17.83,32.08
-84.67,5.64,22.46
-79.5,4.84,195.88
-53.19,27.7,28.76
-80.96,3.43,45.22
-76.42,10.87,22.66
-55.66,72.15,26.67
-61.33,30.17,15.68
-75.96,11.02,27.62
-75.6,54.63,15.99
-55.68,29.57,29.04
-40.22,94.12,28.05
-55.63,86.41,29.84
-66.1,19.3,78.35
-89.84,2.61,73.31
-79.0,60.47,15.54
-62.58,41.73,155.5
-88.64,11.12,50.35
-57.8,83.38,20.9
-88.11,11.47,85.65
-73.39,8.25,243.17
-54.48,20.24,130.69
-77.07,36.79,13.06
-56.2,135.85,16.55
-20.0,159.54,21.27
-55.88,23.65,29.56
-78.29,28.92,14.94
-91.67,12.89,23.44
-67.36,43.48,155.24
-78.66,27.98,55.52
-82.1,20.83,17.62
-68.81,15.13,29.75
-68.66,13.37,194.53
-95.0,0.5,500.0
-88.31,8.07,64.27
-95.0,10.01,28.79
-80.76,35.46,19.96
-64.87,46.97,85.25
-65.01,20.56,38.84
-88.67,8.61,45.71
-78.3,7.51,159.21
-72.83,12.66,194.23
-94.97,4.39,169.54
-78.82,13.14,30.92
-34.55,95.95,36.39
-52.8,154.52,7.31
-69.87,19.02,33.06
-68.12,25.76,22.23
-28.15,53.2,18.78
-84.19,12.34,45.35
-60.31,48.18,12.06
-71.89,90.74,19.55
-54.9,24.6,35.3
-95.0,0.74,51.81
-44.12,103.06,30.91
-57.93,32.04,14.36
-67.75,16.17,51.25
-60.03,45.5,10.17
-65.16,23.4,27.3
-88.44,7.2,105.43
-65.61,15.83,81.47
-51.05,100.76,7.6
-55.87,64.93,41.2
-77.91,6.84,94.5
-85.83,16.24,25.74
-53.84,24.31,56.37
-88.49,8.72,40.19
-78.08,4.23,162.66
-95.0,4.88,47.46
-65.89,17.43,103.88
-72.26,75.42,16.63
-62.47,17.03,38.25
-62.72,54.65,6.61
-80.31,10.89,40.94
-57.6,51.68,3.03
-62.52,16.33,111.27
-69.63,41.77,46.51
-70.41,7.5,41.42
-42.81,74.1,500.0
-54.93,20.04,231.49
-53.43,56.05,500.0
-68.0,53.47,22.98
-37.53,115.1,42.66
-64.45,17.08,500.0
-95.0,5.32,43.2
-38.62,28.21,91.31
-73.05,13.18,54.54
-76.86,18.88,19.26
-55.91,60.52,13.51
-55.01,22.93,43.75
-64.29,27.17,24.42
-47.0,25.58,60.65
-49.53,56.64,14.69
-56.43,29.63,33.87
-63.33,47.42,8.29
-67.67,11.71,204.08
-76.86,25.5,44.29
-66.4,68.1,7.13
-58.91,75.54,20.1
-95.0,5.19,89.86
-82.54,34.09,22.35
-84.49,20.54,25.45
-70.4,6.7,245.9
-75.33,11.6,49.25
-50.95,38.1,20.62
-68.26,45.85,63.8
-57.24,69.4,43.76
-66.39,21.42,29.64
-68.82,50.6,40.81
-89.71,10.81,25.75
-71.22,17.57,67.44
-66.15,26.62,11.8
-53.66,17.54,158.24
-95.0,3.16,500.0
-66.58,61.9,17.6
-50.79,57.14,10.69
-75.74,26.29,16.51
-79.55,10.89,122.5
-50.62,82.34,54.56
-74.84,10.03,35.62
-75.25,12.42,32.3
-63.06,59.53,44.27
-75.96,42.44,26.94
-63.23,27.87,17.38
-70.04,18.68,19.44
-78.09,8.06,250.44
-69.32,41.53,131.97
-71.99,12.38,53.17
-71.36,57.78,8.99
-36.28,145.16,14.66
-31.16,125.02,5.92
-65.31,59.45,23.82
-75.5,37.65,19.53
-56.97,66.65,6.2
-81.49,25.81,32.23
-62.44,28.73,22.1
-92.07,6.08,208.16
-78.37,16.26,331.85
-93.56,0.5,40.97
-74.77,13.98,60.03
-58.59,27.29,47.48
-64.75,16.25,50.48
-71.03,32.81,19.32
-73.41,44.41,27.16
-89.04,0.86,346.89
-95.0,0.74,201.42
-72.52,16.55,40.1
-70.6,19.6,28.19
-45.28,471.2,8.68
-85.47,15.06,197.4
-49.6,18.24,330.66
-86.15,1.46,200.68
-77.36,23.62,55.0
-20.0,120.58,64.98
-95.0,2.69,257.08
-28.8,64.68,10.65
-59.0,22.29,33.5
-83.29,5.21,20.39
-92.51,20.84,18.69
-95.0,0.5,252.18
-73.98,26.98,42.57
-71.86,7.44,99.89
-59.84,9.12,500.0
-65.79,14.39,52.07
-38.25,24.88,64.46
-86.17,5.17,36.38
-77.26,33.37,26.24
-68.25,19.2,22.05
-76.92,26.14,26.93
-78.11,13.71,26.91
-60.92,24.09,25.94
-65.7,27.19,12.43
-69.19,12.25,36.58
-49.05,142.72,10.05
-59.7,25.86,22.13
-52.17,76.94,5.68
-70.43,147.22,19.5
-63.81,35.82,64.1
-67.35,16.64,500.0
-77.74,8.32,500.0
-50.67,75.22,6.66
-58.78,91.61,13.92
-72.71,20.41,26.66
-50.08,110.99,16.17
-71.3,202.33,13.79
-83.4,14.97,39.4
-94.63,0.7,50.73
-77.77,10.25,40.83
-58.07,26.84,33.92
-61.03,36.62,69.94
-77.81,7.96,73.63
-73.57,6.54,107.8
-92.68,3.9,169.82
-82.64,6.45,29.97
-50.57,46.87,15.52
-82.45,14.77,71.14
-73.08,24.5,105.2
-85.74,6.61,120.71
-63.53,85.27,20.82
-52.0,41.85,500.0
-84.18,12.69,161.81
-77.66,18.79,19.78
-79.73,50.56,21.7
-86.35,3.95,46.53
-83.66,7.34,26.32
-59.13,15.64,132.23
-74.81,27.32,15.76
-74.26,2.62,120.08
-28.3,32.51,322.54
-76.05,29.65,154.09
-77.97,34.54,28.94
-45.49,23.45,35.66
-79.64,26.6,52.32
-66.27,19.05,22.51
-89.18,8.27,35.58
-70.65,14.39,34.4
-64.12,81.6,12.87
-78.34,11.44,21.14
-80.85,49.96,13.34
-57.52,196.77,14.85
-40.31,48.45,15.5
-95.0,0.5,132.7
-43.8,92.08,53.65
-61.47,20.11,37.54
-67.0,16.71,132.32
-50.87,92.23,28.75
-80.64,13.56,40.55
-71.17,25.62,17.27
-91.3,13.47,95.76
-76.0,7.04,40.45
-71.65,197.57,12.85
-71.86,14.61,88.34
-72.41,69.03,21.84
-62.91,70.36,7.34
-80.48,18.07,92.08
-71.51,32.96,17.01
-76.36,23.13,163.64
-63.61,18.01,60.53
-74.17,22.98,20.09
-83.49,26.25,22.68
-82.01,8.57,500.0
-66.38,17.34,52.01
-78.86,7.22,198.78
-95.0,0.5,42.47
-62.47,25.13,24.89
-81.84,11.22,17.26
-84.38,8.58,51.16
-81.72,14.73,161.09
-75.63,8.24,105.2
-62.72,13.47,51.99
-76.99,34.09,40.51
-82.49,24.18,50.52
-68.5,39.23,13.35
-95.0,3.75,42.84
-76.94,35.16,41.92
-71.36,4.99,94.34
-44.99,191.97,1.0
-73.57,61.54,17.82
-95.0,0.5,37.55
-60.74,127.78,7.7
-50.32,30.76,50.99
-49.74,85.44,45.65
-72.8,29.4,79.63
-38.53,172.89,7.16
-72.02,9.28,86.95
-54.79,140.2,16.78
-84.08,39.59,18.48
-72.17,25.86,13.87
-75.61,10.25,64.92
-79.75,14.99,29.0
-95.0,6.35,27.35
-75.58,28.9,20.99
-67.33,25.73,24.55
-63.78,20.1,29.13
-79.04,10.15,120.84
-71.55,6.17,40.27
-50.88,25.93,500.0
-95.0,3.76,38.28
-62.53,27.05,19.51
-50.09,41.06,10.95
-70.11,53.91,27.04
-95.0,0.5,169.78
-95.0,4.19,37.7
-64.51,45.52,14.83
-61.62,54.32,28.56
-74.99,7.67,48.86
-80.74,20.56,46.59
-73.18,42.62,9.61
-72.24,55.82,21.87
-59.5,81.1,9.39
-37.13,35.1,56.23
-71.07,19.71,17.27
-66.2,31.2,19.09
-79.08,2.72,125.95
-75.58,14.16,84.91
-75.47,17.38,255.32
-78.05,16.13,20.28
-79.47,3.78,134.57
-78.17,26.08,46.4
-80.36,11.54,80.02
-59.99,65.73,25.47
-63.17,9.73,112.26
-76.67,167.11,11.51
-46.65,39.18,18.7
-55.2,117.31,13.65
-54.63,38.55,13.1
-83.57,11.05,500.0
-80.68,23.3,40.25
-91.51,8.58,30.75
-87.05,12.62,34.62
-66.59,24.2,14.26
-68.32,11.28,92.89
-69.52,35.46,25.01
-95.0,0.5,35.87
-63.11,47.37,500.0
-55.23,22.32,31.49
-69.98,9.16,136.91
-64.57,44.89,500.0
-71.23,62.62,21.33
-90.1,8.45,58.4
-76.63,15.06,22.14
-69.76,15.82,24.51
-35.7,25.3,126.89
-68.64,30.99,133.39
-67.04,13.75,500.0
-93.64,3.95,34.05
-73.91,35.77,39.9
-54.03,72.81,56.43
-50.85,34.51,18.77
-51.53,57.77,12.64
-78.88,5.76,250.74
-78.02,12.16,32.84
-55.7,69.99,56.97
-72.04,164.34,12.37
-85.7,11.76,64.04
-52.81,23.05,44.08
-48.78,20.7,125.95
-59.26,28.15,13.86
-31.32,39.69,47.56
-62.47,28.31,15.11
-57.22,15.13,98.6
-38.21,148.79,14.16
-65.86,151.47,11.91
-75.22,18.31,39.44
-74.63,12.69,33.76
-74.11,37.42,13.48
-70.52,84.86,7.07
-86.41,5.09,97.12
-69.83,39.45,43.74
-40.46,30.85,54.61
-81.42,3.33,84.08
-75.44,7.64,323.97
-75.9,8.04,82.89
-51.14,17.23,98.54
-85.26,8.0,498.74
-56.64,28.77,81.86
-79.7,8.17,34.8
-92.88,13.08,37.57
-64.24,57.53,14.48
-77.52,12.57,500.0
-68.28,50.27,7.29
-68.56,19.37,89.48
-42.91,49.61,16.75
-78.31,4.37,70.83
-88.56,10.31,32.38
-66.94,16.19,129.71
-53.78,22.08,153.55
-95.0,9.29,500.0
-85.55,2.8,91.95
-58.64,63.2,18.43
-77.98,13.58,84.91
-76.66,19.95,47.63
-67.96,28.04,498.87
-84.72,2.97,500.0
-77.63,18.98,75.68
-25.62,28.4,81.67
-93.56,8.32,248.01
-64.19,28.6,19.32
-95.0,4.81,95.16
-67.85,114.5,11.26
-65.36,17.97,25.08
-82.87,10.43,28.25
-66.99,12.22,494.46
-64.3,26.52,25.01
-63.34,44.91,128.74
-37.77,73.06,4.31
-76.3,58.43,26.02
-79.26,11.73,45.9
-84.36,18.71,57.07
-85.71,7.01,25.74
-77.94,91.85,20.74
-73.4,37.57,35.59
-74.77,22.31,188.33
-77.43,12.47,25.74
-46.61,38.35,22.33
-85.9,6.92,146.42
-51.29,60.78,6.93
-61.43,56.41,29.01
-68.8,64.77,30.58
-48.99,30.33,25.05
-61.55,16.45,110.76
-75.24,14.19,31.57
-63.13,23.63,18.68
-83.92,23.84,22.5
-34.51,34.99,185.31
-67.1,27.38,17.9
-60.19,78.21,19.21
-78.38,9.94,70.7
-84.52,16.45,16.51
-80.9,22.34,42.5
-91.91,26.44,24.55
-80.64,2.43,491.23
-79.65,5.97,39.32
-73.31,19.73,21.09
-73.26,38.23,58.37
-59.99,26.12,20.45
-63.46,65.89,44.43
-58.59,17.55,485.92
-76.11,5.98,240.27
-67.34,55.82,11.59
-46.17,55.48,10.29
-95.0,2.64,49.27
-51.76,60.33,98.41
-60.97,29.67,14.01
-68.28,13.01,118.19
-37.71,46.85,18.86
-66.35,106.35,5.0
-90.44,12.07,28.86
-79.91,0.5,104.49
-68.68,51.97,42.96
-95.0,4.21,167.97
-86.59,7.41,210.2
-83.52,7.02,33.87
-45.85,32.12,44.98
-95.0,0.5,98.89
-71.58,31.69,101.82
-87.21,1.5,50.35
-58.28,39.76,12.76
-66.48,103.28,12.3
-89.86,12.35,24.57
-71.56,30.5,60.62
-79.94,18.78,248.45
-64.84,37.22,10.35
-33.15,91.7,73.21
-95.0,3.59,37.28
-62.95,85.27,12.94
-77.25,14.46,33.1
-55.14,63.43,127.74
-64.06,116.59,10.31
-88.94,1.95,42.82
-65.33,19.42,186.8
-87.9,11.33,33.44
-91.63,2.81,341.52
-85.07,5.06,497.16
-59.62,15.15,131.7
-92.11,8.86,33.95
-76.03,6.45,56.31
-62.63,17.68,101.19
-69.09,44.88,22.37
-59.21,101.4,7.52
-70.79,40.08,49.96
-59.25,31.01,19.47
-63.99,44.39,114.86
-67.63,96.06,10.53
-68.63,14.36,78.77
-71.62,10.45,120.05
-74.75,11.29,18.63
-90.74,9.03,27.88
-57.3,31.87,20.23
-71.26,25.94,15.4
-68.56,47.14,28.95
-71.5,45.57,27.25
-83.22,3.25,26.27
-85.43,8.33,88.82
-80.87,60.29,13.92
-70.19,61.35,23.07
-67.29,60.59,23.09
-60.11,41.01,47.14
-60.42,44.7,13.06
-63.64,18.08,485.15
-56.57,39.96,11.54
-74.15,14.93,33.05
-79.49,24.17,188.78
-70.32,20.15,24.39
-71.17,84.67,16.01
-80.7,7.76,500.0
-89.38,8.83,83.84
-70.92,12.21,50.04
-66.21,13.67,57.09
-47.16,68.81,186.21
-95.0,1.66,38.93
-64.47,50.0,4.88
-80.12,23.22,35.91
-73.77,15.38,138.69
-78.42,29.24,32.7
-66.78,3.23,254.59
-83.09,10.81,37.8
-51.81,22.03,96.47
-60.04,17.22,54.65
-66.56,58.07,11.1
-95.0,10.42,25.83
-71.42,58.14,17.39
-68.7,73.01,25.93
-67.9,51.37,7.83
-78.56,18.94,101.43
-89.61,0.5,83.3
-48.49,35.6,26.1
-44.14,29.09,86.68
-54.69,34.35,14.25
-92.58,6.21,35.28
-79.38,4.06,63.0
-52.54,32.41,19.06
-58.95,22.52,27.4
-52.97,66.33,3.81
-46.52,25.42,500.0
-55.7,26.41,25.11
-74.79,34.9,47.43
-78.02,8.45,41.04
-72.6,15.63,25.93
-75.55,4.44,62.56
-58.62,57.08,6.9
-78.93,30.75,26.77
-54.07,21.69,29.02
-60.42,17.66,61.14
-77.45,13.09,57.28
-76.4,29.56,68.75
-83.74,8.56,90.15
-70.64,17.32,44.62
-42.51,89.47,94.14
-92.48,2.67,36.48
-71.46,27.18,115.52
-43.16,155.12,6.76
-66.28,16.2,54.24
-80.68,3.08,160.7
-74.11,13.15,28.92
-53.81,42.0,8.46
-38.49,108.64,26.48
-95.0,1.93,30.0
-20.0,50.6,50.24
-71.27,29.56,328.02
-75.95,10.48,500.0
-95.0,1.99,134.86
-81.29,6.71,43.95
-71.46,53.33,13.31
-65.41,25.87,26.56
-90.72,12.15,32.3
-74.87,18.94,66.44
-83.8,24.17,28.96
-73.05,12.78,41.55
-50.79,29.25,38.81
-69.6,96.46,23.82
-65.2,14.06,39.46
-71.53,36.46,155.63
-83.36,5.03,49.76
-81.53,16.17,163.32
-86.65,27.52,25.72
-62.71,18.46,37.08
-89.74,6.39,38.76
-59.11,38.43,14.56
-65.61,37.16,12.41
-68.37,56.75,24.23
-64.25,20.19,25.99
-72.44,43.42,20.95
-68.56,259.18,7.15
-45.16,112.37,6.07
-84.03,8.99,28.79
-60.6,18.28,34.3
-88.95,6.35,42.78
-77.86,7.25,43.8
-83.56,5.56,22.34
-95.0,0.53,28.09
-74.94,23.88,11.56
-70.22,69.79,25.94
-83.58,8.21,54.54
-81.27,8.21,108.69
-95.0,10.0,26.86
-70.91,40.68,49.68
-95.0,8.58,37.96
-60.19,16.48,35.56
-78.61,16.3,104.56
-69.76,76.98,10.27
-76.5,3.25,140.3
-62.1,51.0,4.96
-60.45,17.68,36.57
-82.2,22.47,35.03
-69.63,60.4,16.46
-89.11,23.88,21.57
-79.48,13.51,18.34
-64.96,58.01,21.88
-93.18,0.5,61.86
-56.18,43.28,8.96
-67.06,43.16,41.71
-70.84,26.89,12.82
-92.85,1.78,34.97
-73.49,19.56,153.06
-55.83,56.42,6.59
-95.0,0.5,84.52
-74.55,34.85,13.52
-56.68,139.01,5.89
-64.42,11.36,150.79
-67.59,7.87,82.74
-78.76,28.77,20.69
-66.4,21.81,23.86
-94.4,3.07,33.07
-76.79,8.8,53.74
-95.0,1.97,43.76
-73.99,36.46,50.78
-70.01,28.09,15.46
-75.22,8.6,75.55
-68.07,12.86,62.53
-95.0,1.13,500.0
-58.9,94.7,4.31
-94.6,8.26,22.82
-66.14,17.8,66.33
-74.7,20.34,500.0
-61.36,47.3,117.2
-95.0,0.5,62.83
-81.14,19.51,494.63
-40.67,184.9,11.47
-68.6,41.74,41.63
-64.29,13.05,34.13
-67.17,9.96,326.46
-72.57,23.91,19.87
-65.35,13.41,69.28
-91.88,14.71,21.68
-69.35,18.62,39.89
-84.61,6.83,112.81
-77.13,15.19,19.08
-41.55,66.65,4.62
-54.84,40.5,14.3
-80.67,17.19,21.39
-95.0,0.54,83.12
-84.89,45.03,20.32
-85.88,8.85,20.93
-54.99,61.63,5.02
-90.55,0.5,500.0
-65.72,26.97,15.15
-47.85,65.19,7.02
-95.0,2.21,119.24
-70.44,24.44,20.29
-92.47,1.58,32.1
-95.0,0.5,90.46
-63.38,16.83,38.08
-66.06,24.15,14.87
-64.32,17.6,46.6
-66.01,23.34,23.6
-69.87,10.05,130.25
-66.87,39.73,9.75
-70.61,36.3,73.71
-58.13,229.89,6.43
-95.0,0.5,45.19
-70.56,14.12,51.23
-81.86,3.57,23.16
-71.86,12.38,115.59
-69.38,46.82,9.0
-71.85,22.93,20.32
-43.29,52.9,9.02
-65.69,14.35,41.54
-81.55,15.73,500.0
-71.61,51.0,25.98
-76.48,3.17,256.28
-83.23,5.54,39.85
-65.17,23.95,16.7
-81.8,25.54,18.15
-89.42,3.16,112.55
-95.0,0.5,500.0
-40.29,28.68,500.0
-62.74,16.11,36.39
-95.0,4.04,27.27
-81.98,46.7,23.64
-62.64,14.76,111.76
-73.88,36.08,50.12
-50.76,25.67,34.99
-81.54,92.23,19.45
-84.96,13.64,96.71
-76.71,8.28,37.96
-67.75,16.8,486.45
-82.66,7.29,40.81
-67.15,25.21,20.38
-67.47,44.39,31.57
-83.89,10.49,23.84
-55.88,25.89,28.43
-72.12,27.29,29.89
-82.31,10.53,29.29
-83.67,14.95,31.89
-74.45,21.99,62.97
-95.0,5.34,27.78
-51.84,19.14,42.05
-45.98,77.75,6.77
-83.26,6.9,34.05
-82.25,8.25,104.52
-64.97,52.22,86.91
-74.92,14.15,32.86
-61.94,119.71,4.86
-67.1,11.58,42.26
-78.11,25.05,44.13
-82.47,14.03,136.77
-85.01,26.69,22.83
-87.08,27.66,19.69
-75.0,6.37,172.95
-75.69,24.62,77.77
-61.62,68.7,5.83
-69.86,29.35,28.17
-73.53,8.69,110.79
-63.95,74.85,14.95
-76.55,8.37,36.99
-91.91,0.5,46.21
-61.8,56.55,41.92
-81.64,31.79,23.49
-82.46,5.69,50.28
-65.88,21.61,18.52
-84.3,18.82,47.78
-71.44,12.81,47.12
-70.81,35.41,11.08
-72.37,29.94,16.64
-68.26,33.44,18.17
-95.0,5.47,75.9
-72.54,33.76,155.1
-76.4,32.96,11.81
-70.71,31.21,48.34
-71.6,51.97,19.77
-54.57,84.74,35.48
-95.0,0.5,164.52
-72.8,49.43,9.49
-64.41,38.8,92.45
-53.65,34.02,21.06
-53.15,69.39,63.26
-80.22,7.26,71.76
-76.51,26.82,31.44
-88.16,11.1,27.45
-94.28,0.62,88.08
-80.46,21.79,38.88
-67.6,15.28,36.61
-78.5,22.03,82.03
-60.97,72.35,22.43
-63.26,68.46,8.93
-64.64,73.62,15.98
-66.51,44.58,9.98
-89.67,11.14,40.58
-89.04,0.5,161.36
-92.38,4.24,36.25
-76.78,37.73,28.07
-74.86,31.93,68.02
-95.0,6.83,37.03
-79.02,7.59,37.14
-94.45,0.5,38.26
-63.7,16.91,323.77
-50.31,65.58,6.85
-70.3,30.46,136.86
-26.09,216.94,12.8
-42.88,187.75,9.67
-60.93,108.1,11.59
-87.62,18.98,24.6
-76.93,3.23,242.33
-68.1,11.83,193.07
-77.56,8.28,35.57
-73.2,29.88,60.1
-52.73,16.23,324.23
-83.39,9.4,89.68
-66.03,15.53,58.69
-72.0,15.87,29.8
-88.0,5.93,205.43
-83.08,17.45,33.13
-69.89,5.87,196.0
-81.32,6.19,35.5
-73.3,16.13,24.63
-66.2,97.82,10.67
-78.43,51.98,17.17
-83.99,20.59,23.66
-78.59,28.96,34.52
-82.36,45.33,21.19
-55.77,44.98,6.66
-69.06,42.83,320.13
-77.53,14.33,329.89
-88.51,4.73,140.2
-80.35,25.2,28.48
-75.86,25.69,12.87
-94.17,8.69,50.09
-56.14,25.02,27.88
-71.07,52.52,21.33
-73.68,27.8,146.49
-85.56,21.1,25.21
-71.9,19.26,500.0
-58.89,32.81,16.67
-75.9,6.01,194.26
-79.74,6.78,37.5
-63.29,20.17,20.11
-68.83,21.69,23.31
-61.62,21.49,86.18
-73.6,3.88,489.06
-79.62,3.74,118.2
-56.68,68.24,28.64
-79.73,7.42,58.05
-70.62,8.65,250.97
-95.0,6.71,338.77
-95.0,3.52,36.36
-86.27,5.4,41.8
-76.47,15.81,36.9
-95.0,2.14,36.01
-51.07,38.28,10.93
-82.46,3.12,500.0
-59.41,20.33,40.05
-57.42,23.67,30.91
-57.75,23.52,107.05
-67.49,9.96,54.14
-63.21,21.39,22.16
-87.81,7.14,56.94
-73.14,34.46,101.21
-77.28,17.37,21.48
-77.52,23.6,22.22
-65.88,36.77,14.49
-67.61,50.42,33.33
-74.57,5.27,499.81
-56.08,77.77,19.73
-52.77,93.39,5.37
-58.87,39.85,500.0
-86.14,12.1,32.26
-57.63,35.06,14.55
-83.04,5.64,46.38
-72.0,10.83,45.11
-84.99,5.06,49.13
-67.88,39.96,47.75
-68.73,17.08,27.18
-72.89,15.06,30.5
-78.85,30.19,25.72
-80.58,6.2,130.87
-81.69,43.05,16.61
-46.56,378.37,4.67
-88.69,12.66,28.61
-78.34,6.4,39.21
-95.0,5.64,500.0
-66.94,41.82,52.67
-54.23,33.28,15.4
-57.45,19.73,148.76
-95.0,0.5,55.88
-63.33,37.33,10.68
-69.75,27.54,112.18
-76.39,16.32,22.96
-88.36,6.81,148.02
-70.28,31.42,54.09
-66.07,12.21,50.84
-80.63,5.95,27.76
-71.95,34.24,132.6
-88.59,15.38,27.31
-75.62,62.73,11.22
-83.56,34.67,16.9
-79.02,19.23,20.93
-72.01,52.01,23.54
-82.34,43.16,22.22
-67.1,68.25,16.2
-74.14,29.01,15.95
-62.57,29.63,111.86
-76.0,3.68,62.76
-66.14,35.89,72.59
-77.63,76.68,15.07
-68.17,37.43,500.0
-63.45,49.65,47.52
-57.28,28.04,316.49
-55.44,62.05,8.28
-85.85,8.13,24.14
-70.67,47.31,22.74
-94.58,3.94,44.73
-81.54,20.96,29.51
-95.0,0.5,183.33
-85.44,6.64,27.41
-73.83,170.7,15.3
-79.77,13.28,30.24
-41.81,37.84,27.35
-31.67,38.29,105.23
-90.9,8.2,345.31
-56.55,81.1,25.31
-48.27,24.75,51.48
-58.9,39.38,21.24
-76.87,96.83,11.98
-20.0,128.65,311.98
-77.06,8.41,39.33
-95.0,1.7,54.8
-73.0,13.74,37.69
-59.11,23.35,32.82
-59.95,24.15,30.37
-68.12,51.66,37.35
-73.44,13.16,40.82
-95.0,5.73,47.2
-20.0,219.46,13.52
-72.08,29.16,14.97
-79.5,29.88,26.25
-45.28,54.72,202.18
-32.35,49.48,15.49
-70.04,20.58,26.7
-35.75,39.26,28.4
-42.57,250.26,10.69
-36.96,189.94,5.86
-94.95,3.15,104.97
-69.96,39.13,15.36
-70.51,27.79,13.75
-71.14,12.5,191.1
-95.0,2.93,68.89
-79.58,97.52,17.1
-68.35,20.28,21.16
-78.72,20.71,89.89
-69.24,17.27,106.16
-69.47,96.46,10.07
-83.89,11.25,36.88
-94.34,2.89,30.0
-40.62,36.58,28.08
-63.64,54.88,30.31
-62.51,25.44,54.16
-39.31,91.49,230.85
-83.41,15.83,22.63
-95.0,6.89,30.05
-29.09,118.07,74.3
-89.88,20.54,25.04
-72.56,78.26,14.02
-56.97,18.56,47.2
-89.29,4.71,36.04
-72.45,17.68,18.14
-58.97,60.71,4.99
-85.57,7.91,331.19
-95.0,6.69,35.16
-85.42,4.99,36.45
-44.27,49.34,12.52
-71.0,55.02,21.79
-80.05,9.22,52.1
-90.62,12.02,36.96
-70.82,45.56,44.17
-86.61,34.0,18.86
-68.2,47.95,51.1
-71.94,28.65,488.14
-61.62,32.87,197.55
-76.16,77.48,15.4
-69.83,24.01,26.59
-60.11,29.54,14.53
-95.0,0.5,69.31
-95.0,4.46,36.16
-58.78,32.6,15.84
-74.63,29.42,103.25
-78.21,5.22,64.05
-67.87,13.46,53.06
-72.99,27.62,96.92
-69.58,18.73,20.76
-60.28,25.68,26.53
-66.27,17.73,28.43
-89.21,7.93,58.34
-86.49,6.51,167.52
-75.71,76.24,20.15
-78.28,119.96,18.32
-92.82,12.17,33.63
-95.0,8.54,35.56
-76.79,63.16,28.11
-22.71,41.26,128.25
-68.39,8.78,323.35
-71.8,26.22,57.36
-77.1,10.31,89.88
-60.23,27.81,21.6
-64.0,15.29,151.4
-84.87,5.05,46.01
-78.9,26.6,34.11
-78.52,27.01,18.14
-72.5,14.72,46.68
-93.23,9.68,44.71
-81.97,10.67,47.37
-77.47,22.38,15.22
-53.35,27.72,30.41
-81.3,4.55,82.54
-76.74,79.12,14.33
-60.01,19.76,39.2
-76.7,15.95,24.1
-81.57,26.93,43.38
-78.22,48.87,14.26
-61.68,12.96,486.9
-63.99,47.61,4.14
-51.58,88.36,29.57
-67.51,16.18,24.92
-89.72,10.82,70.33
-66.39,10.27,144.13
-71.33,29.21,17.53
-95.0,0.5,72.3
-53.47,19.32,56.96
-79.27,13.79,25.46
-70.77,21.76,12.98
-71.38,4.84,96.25
-84.39,2.84,26.74
-50.67,32.44,27.74
-70.21,9.46,35.59
-50.72,20.57,87.27
-53.59,28.29,79.15
-79.0,34.12,19.31
-63.1,32.95,9.05
-76.53,31.08,51.68
-63.39,25.18,40.47
-61.67,18.48,68.57
-63.27,44.62,28.25
-67.36,21.04,16.86
-65.61,48.63,29.04
-67.67,14.31,34.04
-59.27,56.77,184.03
-82.14,5.55,35.87
-79.11,28.59,26.93
-81.25,75.13,12.79
-67.3,48.09,51.61
-55.78,20.56,183.15
-92.1,0.98,103.35
-70.37,17.15,20.24
-48.28,103.63,28.06
-95.0,12.61,20.39
-49.55,83.09,37.72
-59.41,39.49,13.98
-80.76,4.33,102.71
-84.64,12.04,58.27
-69.63,10.41,48.46
-67.49,24.32,19.51
-65.51,106.09,7.63
-70.9,39.84,8.12
-53.32,23.21,107.23
-63.56,55.43,7.55
-62.27,43.22,14.94
-95.0,3.1,500.0
-85.02,18.05,30.4
-80.15,6.05,34.61
-69.42,72.13,18.31
-78.94,31.46,33.17
-95.0,0.5,187.21
-68.61,26.76,17.32
-64.8,27.73,15.49
-92.38,3.61,106.5
-49.15,71.74,484.65
-85.04,9.35,86.34
-79.24,11.77,500.0
-74.65,9.29,337.61
-88.14,9.51,33.58
-65.24,33.7,10.63
-69.64,68.07,14.24
-85.96,5.57,38.71
-53.18,17.63,78.55
-65.26,19.89,48.95
-64.85,28.05,15.44
-77.0,10.99,31.04
-81.9,7.5,61.52
-79.17,24.64,27.06
-62.3,55.57,72.71
-89.74,9.68,37.54
-88.48,7.17,98.18
-80.46,57.41,29.28
-72.19,8.04,40.44
-74.42,13.97,72.19
-58.13,79.28,11.44
-92.27,6.61,351.21
-74.53,18.29,19.04
-54.34,67.93,1.27
-81.26,9.54,24.13
-69.82,89.33,12.44
-95.0,6.99,48.09
-76.8,19.72,163.08
-62.98,19.95,51.28
-32.18,32.9,38.67
-33.45,107.91,36.16
-87.1,5.5,168.72
-61.59,8.85,330.2
-60.37,32.23,18.63
-49.62,38.52,26.36
-45.56,136.76,1.49
-79.03,22.45,102.76
-63.54,56.6,42.73
-78.69,15.98,17.3
-95.0,0.5,30.99
-78.08,4.2,200.17
-68.36,19.5,23.54
-57.67,25.47,22.84
-73.89,44.15,28.05
-75.26,7.39,492.63
-71.64,13.93,21.99
-76.83,67.49,20.86
-71.14,26.85,329.13
-56.32,17.22,77.9
-85.23,18.04,21.8
-82.93,23.48,28.78
-81.83,7.93,27.58
-85.09,8.11,82.55
-80.12,14.12,500.0
-76.3,8.5,338.2
-70.84,91.53,23.44
-91.66,3.15,59.03
-68.66,41.88,53.4
-93.51,0.5,41.77
-63.11,19.73,58.76
-81.81,16.17,23.83
-76.09,44.46,13.03
-95.0,4.23,29.41
-77.17,78.79,15.92
-61.59,110.34,21.09
-88.13,40.85,23.92
-77.3,22.15,18.24
-47.23,183.39,8.3
-53.17,27.06,31.61
-71.25,26.91,80.01
-92.48,8.61,48.35
-66.72,22.51,22.12
-73.97,28.85,19.73
-64.6,159.98,6.79
-73.38,17.71,18.96
-95.0,3.2,43.36
-57.96,31.59,9.86
-58.56,50.09,500.0
-65.75,34.94,12.17
-65.46,20.99,29.42
-73.86,14.85,33.51
-71.22,48.0,28.09
-61.13,22.68,108.3
-90.74,5.82,86.19
-94.1,4.02,43.88
-84.59,7.64,500.0
-72.16,122.72,12.87
-81.35,29.12,22.45
-82.65,15.88,25.05
-76.07,13.02,500.0
-43.95,23.29,500.0
-72.28,14.32,21.4
-73.02,10.68,53.07
-79.42,23.79,35.89
-43.98,63.01,50.11
-95.0,4.62,109.34
-71.05,61.46,16.59
-66.74,48.28,52.49
-63.34,19.49,126.86
-84.78,11.04,146.31
-79.17,31.66,29.61
-77.52,21.83,200.61
-70.35,26.46,337.96
-57.68,76.93,26.55
-71.7,26.52,17.87
-77.02,14.94,65.39
-69.1,12.88,89.3
-73.74,15.05,91.63
-69.29,17.71,25.8
-71.49,13.64,85.24
-60.92,34.15,11.37
-66.61,20.06,94.13
-95.0,7.09,59.71
-81.24,0.5,43.06
-80.01,27.86,24.1
-67.92,41.84,99.05
-65.97,12.26,87.21
-95.0,3.93,29.85
-95.0,7.38,34.71
-81.17,15.06,490.54
-65.78,12.12,113.04
-64.29,13.32,99.86
-55.47,18.18,500.0
-95.0,2.53,79.38
-59.07,190.31,2.13
-54.79,73.15,4.88
-85.76,10.07,95.45
-75.95,29.88,70.14
-52.03,42.41,17.58
-71.2,13.36,58.98
-89.87,6.0,75.27
-79.19,31.75,24.38
-51.59,46.9,7.68
-88.82,12.37,43.3
-63.31,19.73,30.12
-93.55,3.94,64.44
-77.07,41.52,25.28
-39.18,33.16,94.51
-95.0,0.5,36.12
-84.17,16.83,40.31
-78.9,12.67,26.17
-85.96,38.07,17.59
-87.44,3.15,27.9
-74.72,32.78,100.89
-67.99,19.09,19.2
-69.46,40.31,80.5
-88.56,1.93,500.0
-58.48,50.79,8.56
-94.12,11.7,28.8
-83.7,7.05,43.67
-78.19,13.68,118.76
-93.1,0.5,252.53
-66.37,71.69,18.45
-76.64,18.57,97.48
-83.04,7.13,66.36
-64.89,23.54,16.91
-61.41,37.87,11.47
-59.04,18.56,72.79
-73.56,36.22,28.21
-76.13,34.35,34.34
-66.32,16.87,155.54
-64.75,69.61,20.32
-44.79,115.38,22.27
-95.0,2.9,129.7
-81.29,17.81,50.32
-92.73,6.76,48.63
-63.17,71.28,21.3
-59.91,62.08,94.56
-64.75,15.16,70.67
-28.54,36.89,500.0
-72.98,5.58,325.68
-25.03,45.88,40.57
-89.57,1.48,34.05
-70.86,49.87,29.02
-71.06,15.03,24.81
-66.83,58.27,22.59
-91.83,0.95,171.73
-75.42,8.09,54.11
-82.64,7.27,43.56
-79.47,22.93,494.57
-78.41,7.28,196.05
-74.63,44.0,27.95
-36.13,198.17,6.58
-70.06,19.22,44.99
-70.7,18.92,23.96
-74.81,28.5,16.05
-71.17,41.13,43.59
-70.48,12.31,66.6
-87.1,0.5,124.88
-90.25,1.82,500.0
-86.01,3.25,98.7
-81.63,1.49,201.33
-75.02,55.39,14.92
-42.13,37.49,25.01
-73.07,17.55,156.95
-52.8,74.32,31.96
-20.0,58.14,17.26
-95.0,9.78,32.9
-90.32,9.53,36.3
-64.88,26.06,24.22
-76.95,8.87,91.49
-73.45,39.46,27.12
-69.56,11.6,500.0
-76.64,38.54,26.53
-54.91,25.83,34.46
-95.0,4.81,176.64
-66.49,74.07,16.11
-81.56,19.12,32.43
-88.84,13.07,37.87
-75.4,26.52,100.55
-74.85,42.03,27.57
-56.11,64.86,72.52
-81.06,17.69,20.12
-54.58,156.34,4.51
-73.76,7.67,330.87
-62.91,56.29,34.66
-62.37,17.12,22.72
-74.4,120.36,16.49
-82.63,13.14,19.54
-68.1,53.31,51.63
-77.72,29.74,28.59
-35.53,90.19,87.32
-61.29,18.99,43.59
-82.78,14.45,194.78
-72.23,37.74,31.66
-77.71,10.65,41.63
-59.45,64.14,49.71
-75.21,7.94,191.02
-79.97,6.65,500.0
-95.0,0.5,54.12
-64.53,43.49,53.89
-76.51,47.31,23.95
-64.96,27.06,14.28
-70.4,19.08,40.34
-72.38,63.25,13.22
-78.39,11.95,42.4
-80.14,24.03,70.9
-48.43,36.7,14.61
-74.48,32.03,13.56
-95.0,3.59,54.25
-57.35,22.87,97.73
-89.95,5.65,115.84
-95.0,4.8,39.86
-43.21,144.64,13.12
-67.58,26.91,15.47
-69.11,32.48,17.36
-52.84,35.18,17.88
-66.84,285.24,5.41
-32.32,137.0,25.38
-61.87,23.29,49.87
-70.36,28.46,154.66
-83.35,6.55,500.0
-88.01,6.5,29.27
-77.57,7.42,95.94
-72.35,16.5,18.96
-88.36,15.58,24.6
-66.19,17.72,34.94
-59.53,50.35,2.79
-30.8,100.38,78.89
-86.47,17.28,37.22
-64.04,21.87,46.98
-33.41,53.8,16.37
-62.24,25.21,11.67
-85.83,0.5,156.52
-75.95,16.61,23.44
-61.39,14.44,323.81
-80.02,12.57,83.66
-95.0,7.63,31.65
-70.99,7.21,161.01
-66.52,12.57,157.29
-62.97,25.38,22.2
-64.25,55.67,41.15
-80.27,30.15,14.03
-68.18,26.2,12.44
-25.79,386.97,11.03
-84.3,7.08,48.94
-72.16,26.8,17.19
-73.02,26.24,243.38
-95.0,6.43,500.0
-69.66,27.58,14.3
-77.5,12.88,29.5
-34.55,52.09,14.97
-55.98,25.27,27.24
-88.53,11.99,29.31
-48.74,210.62,4.87
-31.45,104.82,231.78
-68.66,15.53,44.81
-61.45,79.42,13.68
-76.73,9.7,43.54
-75.35,26.48,50.51
-78.5,47.51,19.67
-91.79,7.1,45.34
-70.63,15.06,37.68
-44.82,82.22,79.15
-29.67,36.42,46.07
-83.28,8.28,26.46
-54.73,62.81,232.28
-67.31,48.31,12.84
-95.0,2.74,104.58
-67.67,31.62,93.09
-69.59,59.06,16.53
-67.35,35.02,14.47
-72.77,12.14,44.05
-72.94,17.77,13.99
-83.53,9.7,31.96
-78.71,3.13,78.46
-76.91,6.4,500.0
-72.98,6.09,206.35
-71.53,5.76,242.97
-44.09,146.94,9.74
-59.23,27.18,26.06
-92.94,0.5,202.61
-65.08,20.99,10.23
-61.1,76.96,23.8
-63.39,49.21,34.81
-75.13,19.44,500.0
-64.02,12.46,494.88
-74.66,12.67,34.39
-54.29,44.43,11.76
-80.03,10.59,27.46
-74.18,3.88,142.85
-88.48,2.67,500.0
-36.43,91.07,8.51
-72.93,45.2,13.79
-85.67,4.8,39.37
-95.0,6.41,38.18
-67.06,39.25,53.6
-77.21,9.92,41.84
-87.83,32.2,18.93
-72.15,41.64,31.11
-66.34,42.08,240.45
-91.56,2.49,46.32
-70.49,35.52,39.2
-91.07,0.5,246.86
-90.89,4.63,127.86
-66.61,45.92,500.0
-44.34,252.4,5.22
-49.22,303.32,6.69
-60.15,22.27,39.32
-48.99,71.02,480.26
-77.51,9.03,30.1
-84.04,20.49,27.88
-76.34,37.89,27.71
-69.32,15.59,500.0
-45.95,22.54,484.0
-74.45,5.75,198.87
-60.67,82.71,19.42
-67.43,8.23,67.52
-68.05,13.11,50.13
-70.95,8.98,169.0
-64.8,31.12,10.99
-54.38,45.93,10.32
-80.82,14.57,126.43
-77.42,13.84,26.49
-67.35,11.92,318.73
-89.85,5.14,35.85
-74.88,13.91,28.59
-67.1,46.17,11.74
-53.09,66.51,52.19
-68.9,9.07,325.96
-83.21,4.16,142.14
-65.64,21.98,38.37
-55.3,34.89,18.0
-46.04,91.33,64.42
-78.24,12.93,27.97
-69.4,25.85,89.99
-70.1,50.72,24.31
-70.91,14.73,52.81
-75.97,8.92,158.83
-93.35,0.5,54.73
-60.85,35.47,14.51
-95.0,0.5,42.74
-95.0,7.88,49.4
-72.9,8.11,115.24
-69.66,15.41,162.06
-95.0,0.5,53.0
-55.55,102.94,6.09
-80.91,15.57,253.8
-65.89,35.16,9.79
-72.97,14.92,69.17
-67.0,52.25,35.39
-84.23,43.83,19.26
-52.9,66.36,181.66
-58.86,33.3,9.56
-49.99,25.48,146.75
-76.71,12.89,51.16
-74.72,31.5,55.93
-57.65,96.24,11.37
-70.23,54.12,26.27
-65.02,12.56,81.62
-80.82,7.94,40.35
-42.4,22.3,155.68
-77.32,11.58,323.26
-84.63,26.53,17.68
-53.42,77.59,4.53
-73.71,30.89,44.91
-65.91,13.82,41.48
-86.55,5.15,33.68
-44.3,29.42,147.6
-76.84,8.56,105.2
-95.0,23.16,24.96
-73.73,27.15,74.2
-64.52,57.5,27.17
-59.96,67.72,21.98
-46.41,48.92,14.51
-52.99,21.27,67.77
-93.09,2.64,41.51
-69.3,26.67,13.57
-54.71,21.09,126.4
-55.06,135.82,6.14
-71.07,32.99,93.02
-95.0,3.25,39.83
-73.12,137.31,24.77
-72.2,28.9,104.84
-52.2,87.02,25.25
-64.83,20.79,23.18
-74.4,16.65,28.72
-42.15,71.27,44.91
-61.41,62.12,43.26
-62.52,16.7,31.84
-45.73,138.8,12.98
-77.14,76.46,23.35
-71.67,24.17,16.66
-57.7,32.81,23.02
-82.42,2.56,500.0
-53.38,45.25,8.17
-73.94,15.96,46.77
-86.09,12.21,57.08
-72.71,6.07,105.46
-50.21,94.94,29.42
-75.76,14.04,31.96
-74.49,6.24,53.08
-77.87,31.81,49.02
-70.02,9.17,61.12
-42.14,35.16,108.68
-74.59,91.64,16.03
-64.87,47.26,7.31
-67.05,16.13,32.95
-51.28,68.51,2.43
-59.29,73.28,18.87
-56.36,28.15,34.45
-66.99,38.76,113.74
-52.22,139.26,9.0
-63.23,77.94,16.58
-44.43,81.6,8.24
-82.2,11.98,62.3
-85.04,5.09,31.51
-70.3,6.39,33.56
-52.1,30.38,32.24
-70.86,44.01,10.37
-49.57,23.73,484.7
-78.65,9.33,26.84
-68.48,107.0,10.08
-25.11,100.17,324.46
-60.94,115.38,19.28
-83.08,10.8,341.1
-66.98,26.62,11.28
-65.13,15.44,111.08
-63.23,17.75,61.53
-48.96,91.53,35.73
-68.18,40.25,500.0
-75.94,19.71,148.17
-50.68,22.92,67.69
-85.74,21.97,20.69
-60.22,10.35,133.13
-90.15,5.11,44.44
-81.12,43.85,17.28
-74.16,47.38,18.98
-95.0,1.16,64.79
-68.2,14.88,323.96
-91.4,4.01,41.76
-83.76,2.55,49.11
-61.24,15.46,122.96
-32.5,109.27,36.85
-67.99,50.6,31.23
-59.13,35.2,10.39
-66.99,16.75,42.26
-92.49,4.14,82.08
-69.56,17.38,27.06
-74.59,23.69,498.42
-82.95,13.67,66.96
-44.54,58.25,11.3
-69.68,21.1,22.23
-75.82,9.65,48.19
-24.96,275.33,3.27
-66.7,50.94,77.29
-95.0,4.33,25.22
-38.8,52.37,12.97
-63.66,112.47,4.47
-91.14,0.5,498.29
-55.45,24.39,20.97
-70.28,15.12,190.99
-95.0,5.72,44.58
-86.28,19.7,22.82
-81.17,6.62,201.21
-76.71,49.58,17.33
-70.65,53.64,28.63
-55.44,38.67,10.19
-66.7,45.44,27.51
-38.58,39.54,20.89
-95.0,9.53,20.55
-90.93,4.87,500.0
-69.96,14.83,52.1
-95.0,0.5,68.4
-76.54,4.27,34.48
-63.49,18.78,74.53
-71.44,58.76,18.43
-68.55,24.81,18.86
-46.61,30.35,38.61
-48.17,22.03,500.0
-72.06,31.68,193.18
-82.72,6.71,27.74
-35.36,85.89,152.58
-24.73,45.82,65.27
-67.88,27.62,16.54
-67.05,16.77,34.15
-69.41,17.48,27.23
-95.0,0.5,55.34
-79.34,9.32,32.7
-33.42,116.22,26.69
-82.06,8.86,32.16
-75.72,16.75,63.42
-83.91,8.55,41.88
-65.13,20.98,18.55
-54.47,14.5,147.66
-73.37,31.32,41.13
-65.19,23.28,19.79
-76.29,13.61,32.53
-79.0,8.05,45.95
-75.75,9.81,40.19
-46.36,19.63,500.0
-93.56,4.11,29.14
-65.22,47.91,127.45
-79.83,6.31,205.38
-93.53,6.38,168.61
-63.11,69.24,24.67
-84.58,12.03,97.33
-81.07,3.63,96.62
-83.75,5.96,114.68
-84.01,26.35,25.8
-42.43,68.11,3.82
-76.2,18.87,15.81
-28.87,146.65,22.28
-77.33,25.82,43.46
-87.33,13.31,53.83
-20.0,205.75,1.0
-77.55,3.91,120.01
-88.83,14.64,32.2
-87.19,4.83,49.81
-59.84,64.2,40.06
-91.9,2.88,218.0
-95.0,4.61,349.54
-22.92,120.78,54.12
-74.36,12.93,84.66
-67.23,18.59,30.15
-74.25,8.38,93.69
-52.06,139.72,5.2
-83.13,12.91,24.47
-93.21,0.5,40.33
-76.45,7.22,43.39
-39.42,77.71,5.63
-71.56,38.5,237.57
-93.65,6.43,56.6
-74.62,1.21,500.0
-64.46,19.14,73.81
-55.24,33.44,20.99
-88.32,27.55,19.09
-69.69,12.62,326.51
-69.16,27.23,24.22
-64.61,53.51,78.5
-57.66,35.72,11.99
-95.0,0.5,39.77
-72.13,24.86,19.54
-82.61,12.39,21.88
-62.7,20.69,88.07
-61.14,15.22,162.64
-59.17,24.15,149.75
-62.89,162.31,12.36
-66.93,10.04,46.03
-95.0,5.62,25.6
-73.64,26.22,10.75
-66.57,39.12,7.87
-72.25,14.11,500.0
-89.95,7.45,46.57
-88.05,7.36,74.51
-95.0,4.23,351.31
-46.34,28.27,41.91
-69.42,33.73,43.5
-84.36,2.38,139.74
-70.24,20.39,27.29
-87.55,18.04,35.52
-61.67,47.7,8.73
-70.02,3.59,69.71
-84.36,10.81,32.37
-64.14,34.27,23.66
-89.04,19.53,25.57
-65.59,22.59,29.97
-52.69,33.52,19.87
-60.59,17.78,75.77
-80.32,18.59,25.42
-72.75,23.36,57.59
-63.38,29.06,13.81
-57.15,56.29,6.31
-82.98,19.78,41.12
-35.96,101.0,33.47
-48.63,76.67,46.85
-80.13,15.31,107.78
-86.97,8.47,201.09
-59.56,56.67,4.74
-95.0,0.74,31.06
-70.23,167.7,8.59
-49.79,28.48,81.31
-94.04,5.31,31.19
-76.76,5.24,44.48
-72.02,41.04,44.78
-65.1,29.59,20.35
-82.88,57.52,14.7
-50.26,33.19,21.24
-74.44,20.95,22.89
-83.95,21.14,56.76
-49.6,19.48,500.0
-49.93,28.18,42.41
-71.89,7.67,72.34
-85.05,4.94,28.19
-37.27,101.84,182.76
-83.86,10.06,24.43
-67.99,19.24,37.53
-54.19,20.61,231.03
-74.09,5.99,205.37
-56.89,34.2,14.18
-90.34,6.59,500.0
-69.16,26.01,21.08
-66.88,45.04,54.66
-64.51,29.57,24.55
-69.28,17.16,22.75
-69.43,32.94,13.19
-93.94,7.6,61.28
-76.29,5.77,39.56
-65.82,34.91,101.45
-45.0,34.68,66.08
-55.38,48.93,14.0
-83.3,16.16,140.55
-43.9,61.7,4.48
-73.33,43.71,26.67
-87.12,25.04,21.77
-81.73,4.32,500.0
-61.64,44.03,7.2
-62.25,40.47,24.23
-74.17,15.27,37.09
-83.44,5.17,53.43
-41.65,121.27,1.79
-54.72,52.77,71.22
-69.48,15.42,37.37
-51.11,21.38,47.61
-84.09,3.01,72.65
-95.0,0.5,53.35
-78.51,17.7,27.61
-75.58,8.64,72.08
-95.0,13.06,24.14
-91.23,4.89,32.83
-68.25,16.21,191.41
-85.23,0.5,164.59
-73.41,35.63,99.48
-67.07,29.41,8.55
-66.06,18.98,28.34
-80.46,25.9,38.33
-71.19,163.93,13.33
-73.9,10.56,28.69
-67.2,55.26,25.71
-66.49,40.09,500.0
-65.86,21.28,22.43
-56.82,42.9,8.87
-62.66,20.37,52.86
-76.54,66.26,20.66
-95.0,9.0,24.83
-69.67,31.1,13.74
-74.2,19.74,22.79
-68.75,49.08,27.89
-78.78,6.24,244.31
-69.65,26.99,15.78
-83.96,0.5,90.79
-65.65,42.95,500.0
-70.54,23.73,16.46
-65.27,11.85,85.69
-60.78,17.7,152.1
-80.2,20.51,41.07
-60.99,48.98,87.69
-84.04,23.08,23.84
-39.29,38.72,50.82
-67.97,78.54,13.06
-66.9,21.04,24.3
-58.02,21.16,43.91
-67.67,15.54,28.32
-51.31,61.39,16.31
-85.26,7.35,167.18
-76.11,21.9,120.54
-75.31,15.51,17.32
-71.41,5.59,168.68
-69.45,78.4,17.54
-62.47,49.73,5.44
-95.0,6.06,26.37
-78.14,8.94,500.0
-56.7,154.56,17.4
-88.29,2.83,130.08
-63.59,13.86,150.54
-75.29,33.25,34.27
-33.78,296.22,11.22
-51.42,56.32,9.25
-88.34,11.92,22.31
-63.14,15.46,55.68
-78.49,43.02,20.22
-76.04,19.71,26.28
-75.43,40.84,27.18
-91.96,4.39,30.96
-72.15,43.99,55.61
-85.95,5.68,81.95
-74.87,72.2,26.78
-78.59,58.74,12.67
-80.78,11.17,119.19
-72.61,12.29,42.47
-58.53,123.33,8.18
-75.54,36.09,33.3
-72.47,29.53,75.59
-80.59,59.1,20.43
-75.14,11.77,48.03
-94.01,0.81,36.71
-72.83,10.6,91.99
-86.31,0.5,58.29
-95.0,4.49,29.86
-67.13,62.45,16.02
-60.22,50.16,155.45
-95.0,0.5,40.64
-70.37,48.02,31.64
-49.05,68.29,6.97
-76.16,88.96,19.58
-61.4,30.03,27.54
-57.42,24.31,21.94
-84.19,19.01,33.18
-26.59,256.81,10.55
-72.45,12.31,46.51
-74.76,14.44,36.51
-73.49,51.0,23.24
-74.96,9.54,26.76
-89.11,4.49,114.1
-60.55,47.52,99.11
-63.02,17.97,27.42
-73.3,203.87,8.31
-95.0,1.71,65.71
-93.29,0.5,43.4
-68.61,14.12,52.1
-60.22,55.5,6.55
-76.37,22.96,47.15
-82.25,29.21,28.79
-36.82,263.95,4.38
-61.85,55.15,20.12
-20.0,65.94,16.72
-92.13,16.77,28.93
-95.0,3.98,49.59
-87.54,0.5,138.64
-76.28,4.18,85.49
-82.84,11.63,500.0
-79.8,4.71,106.58
-72.61,53.99,21.78
-82.01,2.27,500.0
-67.96,27.31,19.26
-70.31,23.7,14.52
-73.63,44.65,19.79
-52.37,53.29,5.71
-77.99,15.21,20.94
-73.28,33.75,76.04
-67.17,31.36,78.28
-95.0,0.5,81.82
-71.45,32.76,17.21
-64.73,17.04,132.53
-30.44,33.03,81.75
-93.15,12.82,23.67
-95.0,7.6,33.56
-63.18,24.19,26.25
-91.23,8.02,39.46
-37.57,44.37,20.06
-73.63,23.59,500.0
-46.37,34.48,32.19
-77.03,29.3,44.64
-83.56,11.1,200.78
-82.45,14.39,33.81
-21.13,150.77,41.58
-73.08,5.19,56.85
-75.16,28.07,41.25
-71.92,41.22,32.27
-62.92,14.65,50.74
-61.78,40.53,14.17
-64.47,150.72,14.05
-79.1,20.47,75.83
-95.0,8.3,30.75
-77.57,7.78,41.77
-82.45,6.62,33.01
-84.47,20.26,40.82
-43.9,23.94,489.09
-72.53,38.66,38.28
-45.47,53.16,106.85
-74.08,6.43,239.41
-80.45,19.37,21.43
-68.17,19.84,36.91
-91.26,4.0,337.99
-88.01,13.13,30.56
-73.93,14.31,34.51
-80.78,6.65,30.18
-66.93,17.61,46.24
-65.85,34.5,25.79
-59.65,27.97,29.71
-74.45,18.84,15.93
-65.01,13.97,36.47
-66.07,212.3,4.27
-64.58,57.15,24.69
-58.17,22.8,37.2
-58.31,64.3,47.3
-85.09,9.99,500.0
-85.41,9.85,500.0
-79.4,11.24,191.95
-77.12,9.69,38.76
-76.9,17.79,114.08
-68.68,81.03,11.17
-73.11,25.91,86.23
-34.71,110.97,127.49
-51.41,35.51,18.94
-82.9,14.59,70.67
-66.74,46.59,9.56
-69.82,4.1,52.46
-88.73,9.65,40.27
-58.78,59.3,42.9
-85.11,44.38,21.68
-72.54,44.55,15.87
-91.98,9.49,40.44
-73.33,11.91,500.0
-57.29,69.74,65.69
-55.67,156.32,5.97
-57.57,30.54,14.41
-65.84,25.18,19.04
-77.38,19.32,80.95
-67.98,6.82,334.28
-53.73,30.56,27.82
-76.07,29.22,92.22
-69.81,33.99,153.03
-80.0,29.86,25.91
-78.59,33.82,14.29
-62.78,9.27,500.0
-56.01,72.57,52.17
-39.75,29.38,110.16
-55.48,56.11,4.6
-55.58,26.81,17.2
-69.52,17.7,44.96
-91.23,13.5,33.9
-81.31,0.5,102.87
-83.85,16.6,195.36
-84.66,5.57,32.77
-60.44,40.6,500.0
-95.0,0.5,28.71
-61.9,78.59,17.61
-62.04,54.37,37.09
-61.17,25.52,24.88
-78.67,4.04,28.03
-69.28,33.26,17.25
-77.85,10.43,22.96
-58.32,83.56,15.26
-45.56,29.13,109.73
-64.38,36.94,500.0
-94.98,4.02,340.17
-66.48,19.53,19.78
-58.94,27.88,18.71
-90.94,7.62,33.63
-66.48,72.35,15.94
-77.9,15.39,134.49
-61.35,102.04,11.67
-26.16,108.91,67.09
-65.79,13.17,75.68
-95.0,3.21,35.76
-82.87,5.22,32.52
-44.01,29.0,318.43
-74.68,33.51,49.12
-71.02,13.64,96.61
-73.89,17.64,25.26
-95.0,2.07,34.11
-90.18,8.47,38.82
-71.72,21.29,206.19
-84.59,58.62,17.05
-54.16,55.09,8.71
-56.78,13.84,101.89
-76.8,71.68,21.93
-87.49,3.57,21.79
-73.72,13.08,35.36
-62.98,76.85,19.02
-64.23,17.89,59.89
-95.0,7.32,52.88
-73.08,10.1,87.62
-48.49,41.09,13.85
-95.0,1.01,48.53
-42.46,37.24,25.11
-71.11,33.97,500.0
-90.48,38.01,18.4
-64.71,28.33,16.55
-95.0,2.68,35.86
-85.58,8.3,124.94
-74.23,38.24,39.55
-76.31,13.55,20.52
-54.17,60.24,96.36
-78.64,62.9,11.36
-65.29,25.65,19.09
-71.16,16.63,22.51
-69.66,12.86,70.17
-95.0,2.06,254.33
-60.81,20.14,67.52
-71.32,11.77,46.14
-68.43,43.27,99.39
-53.45,17.52,181.98
-65.45,10.07,490.79
-36.14,100.11,49.56
-92.92,4.57,35.76
-85.34,12.32,19.49
-77.78,9.88,85.84
-65.23,25.24,18.17
-59.79,18.72,71.38
-65.24,16.15,500.0
-72.87,74.43,16.52
-47.09,74.8,51.27
-83.94,42.31,16.43
-86.84,14.38,23.34
-29.36,54.14,21.82
-50.45,30.3,28.84
-68.43,9.43,56.3
-91.59,5.34,37.98
-78.32,25.62,500.0
-89.14,18.37,25.16
-75.2,12.69,47.44
-64.43,13.28,30.27
-71.61,8.7,500.0
-55.56,22.53,48.92
-65.64,48.29,112.36
-46.24,21.33,123.97
-95.0,0.5,66.68
-76.52,15.32,19.03
-65.09,11.52,83.1
-59.07,19.41,65.35
-95.0,1.47,128.13
-72.55,10.19,68.38
-79.12,6.0,500.0
-77.22,7.87,67.15
-85.6,16.61,30.68
-81.55,1.11,119.85
-77.27,20.6,17.58
-50.04,29.21,56.16
-52.28,65.24,70.14
-79.88,1.49,59.36
-60.48,30.29,23.83
-62.22,24.08,20.9
-81.62,4.08,86.4
-65.72,50.97,62.64
-66.38,33.48,188.47
-58.37,23.29,25.2
-95.0,0.5,205.69
-57.06,40.51,7.16
-94.61,16.35,19.03
-59.53,22.42,66.25
-53.83,54.04,5.9
-43.89,104.59,21.07
-79.28,20.38,59.2
-81.88,10.13,22.17
-86.35,15.52,36.19
-67.69,18.46,33.41
-54.47,40.26,11.74
-75.37,33.57,27.68
-31.65,51.74,21.61
-92.96,1.87,97.23
-83.52,5.91,37.57
-60.14,27.14,16.04
-79.0,19.03,16.85
-77.03,9.55,68.45
-69.66,41.44,14.51
-67.53,4.47,500.0
-95.0,2.39,200.08
-71.6,159.25,7.51
-63.55,60.52,6.63
-63.24,85.21,15.08
-51.49,63.85,113.3
-63.69,46.86,58.43
-75.19,20.39,500.0
-76.36,10.61,92.8
-89.25,0.5,68.85
-57.08,39.64,8.3
-53.5,58.48,8.09
-71.63,31.15,11.69
-79.03,10.99,20.24
-57.71,31.72,17.19
-74.37,31.0,35.27
-75.25,27.22,37.24
-74.92,8.91,192.76
-95.0,3.54,44.29
-85.3,15.48,73.87
-75.15,30.64,26.27
-73.13,18.46,16.4
-67.71,12.97,34.37
-80.35,9.33,58.2
-61.57,113.66,8.39
-77.33,12.7,21.97
-64.19,8.32,323.52
-69.97,23.58,30.19
-57.21,24.82,36.86
-72.75,9.28,195.78
-69.75,41.27,41.42
-75.53,13.29,33.75
-67.79,15.96,41.35
-71.45,35.68,45.43
-75.83,6.56,92.02
-67.09,38.28,13.39
-73.87,14.02,23.55
-77.41,24.33,36.14
-69.91,18.39,21.47
-35.18,33.14,150.1
-93.71,7.34,69.36
-63.67,29.24,16.42
-95.0,7.38,266.44
-73.04,9.12,71.16
-80.96,16.36,62.12
-64.93,135.46,9.99
-77.4,18.59,82.41
-71.13,12.88,32.71
-55.4,112.78,7.13
-92.35,7.94,143.51
-65.56,14.77,51.65
-86.24,10.58,21.39
-73.43,7.67,247.42
-63.99,43.86,60.01
-70.74,13.8,486.61
-62.48,24.85,21.94
-76.96,31.78,105.96
-68.15,19.34,41.8
-74.17,9.8,28.0
-57.03,40.41,10.24
-68.04,19.38,18.9
-83.73,9.02,68.27
-51.13,185.99,4.35
-76.1,28.18,323.98
-43.24,69.46,5.74
-60.76,53.13,45.05
-69.01,17.35,32.26
-63.1,38.83,134.59
-66.57,22.41,22.92
-75.84,25.99,42.65
-70.72,10.41,500.0
-76.22,30.28,14.76
-64.79,10.39,111.07
-62.62,127.6,8.47
-71.45,28.05,121.01
-95.0,0.5,73.12
-74.95,32.22,12.44
-25.55,168.3,21.32
-76.09,30.95,15.91
-87.85,15.67,23.23
-62.85,28.44,30.18
-82.62,23.58,33.57
-85.64,22.81,27.79
-62.99,10.27,500.0
-91.8,6.25,71.07
-71.48,41.85,41.84
-69.04,25.21,17.2
-84.6,13.61,79.6
-73.18,33.34,44.94
-60.66,18.76,21.71
-64.54,25.25,14.97
-95.0,2.55,42.96
-76.62,5.33,57.7
-93.47,0.5,43.98
-84.34,3.19,500.0
-72.21,56.05,21.2
-54.95,91.16,6.69
-76.61,35.75,20.71
-67.89,23.14,22.78
-51.28,145.43,8.16
-70.44,17.91,32.57
-73.76,22.36,17.78
-88.75,15.26,28.67
-76.95,48.16,18.11
-63.09,52.14,33.32
-77.11,20.08,196.73
-64.29,63.27,25.34
-57.52,66.22,83.63
-72.87,60.69,18.16
-51.93,234.42,8.54
-73.43,6.6,86.27
-74.94,31.13,35.98
-66.07,46.3,34.67
-68.98,12.57,28.79
-95.0,0.5,61.62
-79.09,14.69,31.44
-65.71,13.03,128.09
-59.69,64.13,45.76
-81.14,19.97,62.06
-61.99,50.28,9.66
-53.39,35.51,27.29
-95.0,1.47,45.62
-85.22,17.03,50.83
-45.33,51.88,12.76
-73.76,23.93,27.26
-48.44,106.38,9.08
-66.02,122.27,8.39
-72.86,14.72,80.92
-59.42,22.33,45.65
-77.63,12.78,20.52
-69.58,10.39,77.64
-48.77,37.19,27.11
-86.6,13.52,20.01
-84.62,13.16,50.29
-68.2,24.76,22.87
-95.0,0.5,83.86
-86.26,34.85,23.89
-72.55,15.68,45.95
-85.65,35.95,25.14
-64.53,41.6,483.24
-84.24,14.0,78.67
-20.0,127.56,3.09
-87.16,10.65,37.88
-54.09,30.73,40.89
-62.81,18.7,57.57
-58.97,19.85,60.1
-61.62,49.95,130.46
-71.84,13.9,27.71
-73.82,31.91,68.26
-74.24,17.87,28.49
